SITE_ID,BASIN,PLOT,SUBPLOT,SPP,SPP_NAME,COVER,HT (CM),REMARKS
N2-19V,N2,19,WEST,ACCI,Acer circinatum ,T,30,
C1-7VB,C1,7,EAST,AGROS2,Agrostis spp.,T,15,
C1-3V,C1,3,NORTH,ATFI,Athyrium filix-femina,4,30,
C1-3V,C1,3,SOUTH,ATFI,Athyrium filix-femina,1,5,
C1-4V,C1,4,EAST,ATFI,Athyrium filix-femina,T,5,
C1-4V,C1,4,WEST,ATFI,Athyrium filix-femina,1,20,
C1-8VB,C1,8,SOUTH,ATFI,Athyrium filix-femina,T,15,
C1-13VB,C1,13,NORTH,ATFI,Athyrium filix-femina,5,40,
C1-14VB,C1,14,NORTH,ATFI,Athyrium filix-femina,4,50,
C1-25VB,C1,25,NORTH,ATFI,Athyrium filix-femina,2,50,
C2-17VB,C2,17,WEST,ATFI,Athyrium filix-femina,3,60,
C2-25VB,C2,25,SOUTH,ATFI,Athyrium filix-femina,T,5,
C2-26V,C2,26,SOUTH,ATFI,Athyrium filix-femina,1,27,
N1-22V,N1,22,SOUTH,ATFI,Athyrium filix-femina,3,30,
N1-22V,N1,22,WEST,ATFI,Athyrium filix-femina,1,35,
N1-27V,N1,27,EAST,ATFI,Athyrium filix-femina,2,50,
N1-27V,N1,27,NORTH,ATFI,Athyrium filix-femina,2,15,
N2-2VB,N2,2,SOUTH,ATFI,Athyrium filix-femina,10,25,
N2-3V,N2,3,NORTH,ATFI,Athyrium filix-femina,8,40,
N2-12V,N2,12,EAST,ATFI,Athyrium filix-femina,7,30,
N2-13VB,N2,13,EAST,ATFI,Athyrium filix-femina,T,75,
N2-21V,N2,21,EAST,ATFI,Athyrium filix-femina,2,30,
C1-3V,C1,3,EAST,BLSP,Blechnum spicant,5,20,
C1-3V,C1,3,NORTH,BLSP,Blechnum spicant,1,25,
C1-3V,C1,3,SOUTH,BLSP,Blechnum spicant,6,20,
C1-3V,C1,3,WEST,BLSP,Blechnum spicant,12,15,
C1-4V,C1,4,EAST,BLSP,Blechnum spicant,14,30,
C1-4V,C1,4,NORTH,BLSP,Blechnum spicant,3,20,
C1-4V,C1,4,SOUTH,BLSP,Blechnum spicant,1,10,
C1-4V,C1,4,WEST,BLSP,Blechnum spicant,7,20,
C1-5V,C1,5,NORTH,BLSP,Blechnum spicant,5,25,
C1-5V,C1,5,SOUTH,BLSP,Blechnum spicant,1,10,
C1-5V,C1,5,WEST,BLSP,Blechnum spicant,6,18,
C1-7VB,C1,7,EAST,BLSP,Blechnum spicant,6,15,
C1-7VB,C1,7,SOUTH,BLSP,Blechnum spicant,4,15,
C1-8VB,C1,8,EAST,BLSP,Blechnum spicant,13,15,
C1-8VB,C1,8,NORTH,BLSP,Blechnum spicant,22,35,
C1-8VB,C1,8,SOUTH,BLSP,Blechnum spicant,15,30,
C1-8VB,C1,8,WEST,BLSP,Blechnum spicant,15,20,
C1-13VB,C1,13,EAST,BLSP,Blechnum spicant,20,40,
C1-13VB,C1,13,NORTH,BLSP,Blechnum spicant,50,40,
C1-13VB,C1,13,SOUTH,BLSP,Blechnum spicant,16,25,
C1-13VB,C1,13,WEST,BLSP,Blechnum spicant,25,30,
C1-14VB,C1,14,EAST,BLSP,Blechnum spicant,40,20,
C1-14VB,C1,14,NORTH,BLSP,Blechnum spicant,20,20,
C1-14VB,C1,14,SOUTH,BLSP,Blechnum spicant,6,20,
C1-14VB,C1,14,WEST,BLSP,Blechnum spicant,7,30,
C1-17V,C1,17,EAST,BLSP,Blechnum spicant,1,20,
C1-17V,C1,17,WEST,BLSP,Blechnum spicant,T,15,
C1-18V,C1,18,EAST,BLSP,Blechnum spicant,1,7,
C1-18V,C1,18,NORTH,BLSP,Blechnum spicant,T,10,
C1-18V,C1,18,SOUTH,BLSP,Blechnum spicant,2,10,
C1-20VB,C1,20,NORTH,BLSP,Blechnum spicant,10,10,
C1-20VB,C1,20,SOUTH,BLSP,Blechnum spicant,8,40,
C1-20VB,C1,20,WEST,BLSP,Blechnum spicant,1,15,
C1-24VB,C1,24,EAST,BLSP,Blechnum spicant,32,40,
C1-24VB,C1,24,NORTH,BLSP,Blechnum spicant,2,10,
C1-24VB,C1,24,SOUTH,BLSP,Blechnum spicant,40,75,
C1-24VB,C1,24,WEST,BLSP,Blechnum spicant,6,20,
C1-25VB,C1,25,EAST,BLSP,Blechnum spicant,10,10,
C1-25VB,C1,25,NORTH,BLSP,Blechnum spicant,12,40,
C1-25VB,C1,25,SOUTH,BLSP,Blechnum spicant,2,5,
C1-25VB,C1,25,WEST,BLSP,Blechnum spicant,3,10,
C1-26V,C1,26,EAST,BLSP,Blechnum spicant,3,20,
C1-26V,C1,26,NORTH,BLSP,Blechnum spicant,2,20,
C1-26V,C1,26,SOUTH,BLSP,Blechnum spicant,T,5,
C1-26V,C1,26,WEST,BLSP,Blechnum spicant,1,15,
C1-28VB,C1,28,SOUTH,BLSP,Blechnum spicant,T,5,
C1-28VB,C1,28,WEST,BLSP,Blechnum spicant,3,10,
C2-4V,C2,4,EAST,BLSP,Blechnum spicant,T,8,
C2-4V,C2,4,SOUTH,BLSP,Blechnum spicant,T,5,
C2-5VB,C2,5,EAST,BLSP,Blechnum spicant,1,10,
C2-11VB,C2,11,EAST,BLSP,Blechnum spicant,T,5,
C2-11VB,C2,11,NORTH,BLSP,Blechnum spicant,2,20,
C2-12VB,C2,12,EAST,BLSP,Blechnum spicant,T,20,
C2-12VB,C2,12,NORTH,BLSP,Blechnum spicant,5,30,
C2-12VB,C2,12,SOUTH,BLSP,Blechnum spicant,2,20,
C2-13V,C2,13,EAST,BLSP,Blechnum spicant,17,30,
C2-13V,C2,13,NORTH,BLSP,Blechnum spicant,40,10,
C2-13V,C2,13,SOUTH,BLSP,Blechnum spicant,2,17,
C2-13V,C2,13,WEST,BLSP,Blechnum spicant,3,35,
C2-15VB,C2,15,NORTH,BLSP,Blechnum spicant,5,10,
C2-15VB,C2,15,SOUTH,BLSP,Blechnum spicant,T,20,
C2-17VB,C2,17,EAST,BLSP,Blechnum spicant,T,5,
C2-17VB,C2,17,SOUTH,BLSP,Blechnum spicant,3,30,
C2-17VB,C2,17,WEST,BLSP,Blechnum spicant,5,80,
C2-18VB,C2,18,EAST,BLSP,Blechnum spicant,1,30,
C2-18VB,C2,18,NORTH,BLSP,Blechnum spicant,1,30,
C2-18VB,C2,18,SOUTH,BLSP,Blechnum spicant,2,5,
C2-18VB,C2,18,WEST,BLSP,Blechnum spicant,2,15,
C2-20VB,C2,20,NORTH,BLSP,Blechnum spicant,3,30,
C2-20VB,C2,20,SOUTH,BLSP,Blechnum spicant,1,20,
C2-20VB,C2,20,WEST,BLSP,Blechnum spicant,3,20,
C2-23VB,C2,23,EAST,BLSP,Blechnum spicant,T,5,
C2-23VB,C2,23,NORTH,BLSP,Blechnum spicant,3,15,
C2-23VB,C2,23,SOUTH,BLSP,Blechnum spicant,2,15,
C2-25VB,C2,25,EAST,BLSP,Blechnum spicant,7,15,
C2-25VB,C2,25,NORTH,BLSP,Blechnum spicant,12,20,
C2-25VB,C2,25,SOUTH,BLSP,Blechnum spicant,17,10,
C2-26V,C2,26,EAST,BLSP,Blechnum spicant,4,25,
C2-26V,C2,26,NORTH,BLSP,Blechnum spicant,3,10,
C2-26V,C2,26,SOUTH,BLSP,Blechnum spicant,11,15,
N1-2V,N1,2,EAST,BLSP,Blechnum spicant,25,8,
N1-2V,N1,2,NORTH,BLSP,Blechnum spicant,60,15,
N1-2V,N1,2,SOUTH,BLSP,Blechnum spicant,4,15,
N1-2V,N1,2,WEST,BLSP,Blechnum spicant,8,15,
N1-3V,N1,3,EAST,BLSP,Blechnum spicant,2,20,
N1-3V,N1,3,NORTH,BLSP,Blechnum spicant,1,15,
N1-3V,N1,3,SOUTH,BLSP,Blechnum spicant,T,10,
N1-3V,N1,3,WEST,BLSP,Blechnum spicant,T,8,
N1-7VB,N1,7,EAST,BLSP,Blechnum spicant,1,5,
N1-7VB,N1,7,NORTH,BLSP,Blechnum spicant,T,9,
N1-7VB,N1,7,SOUTH,BLSP,Blechnum spicant,2,10,
N1-7VB,N1,7,WEST,BLSP,Blechnum spicant,5,10,
N1-8VB,N1,8,EAST,BLSP,Blechnum spicant,T,5,
N1-8VB,N1,8,NORTH,BLSP,Blechnum spicant,4,7,
N1-8VB,N1,8,SOUTH,BLSP,Blechnum spicant,9,15,
N1-8VB,N1,8,WEST,BLSP,Blechnum spicant,14,15,
N1-10VB,N1,10,WEST,BLSP,Blechnum spicant,2,10,
N1-12VB,N1,12,EAST,BLSP,Blechnum spicant,4,12,
N1-12VB,N1,12,NORTH,BLSP,Blechnum spicant,20,75,
N1-12VB,N1,12,SOUTH,BLSP,Blechnum spicant,10,30,
N1-13V,N1,13,EAST,BLSP,Blechnum spicant,T,15,
N1-13V,N1,13,NORTH,BLSP,Blechnum spicant,T,5,
N1-13V,N1,13,SOUTH,BLSP,Blechnum spicant,4,15,
N1-14VB,N1,14,EAST,BLSP,Blechnum spicant,3,30,
N1-14VB,N1,14,NORTH,BLSP,Blechnum spicant,T,20,
N1-14VB,N1,14,SOUTH,BLSP,Blechnum spicant,T,15,
N1-14VB,N1,14,WEST,BLSP,Blechnum spicant,1,10,
N1-16V,N1,16,EAST,BLSP,Blechnum spicant,55,75,
N1-16V,N1,16,SOUTH,BLSP,Blechnum spicant,1,20,
N1-17VB,N1,17,EAST,BLSP,Blechnum spicant,2,20,
N1-17VB,N1,17,NORTH,BLSP,Blechnum spicant,1,20,
N1-17VB,N1,17,SOUTH,BLSP,Blechnum spicant,1,15,
N1-17VB,N1,17,WEST,BLSP,Blechnum spicant,T,20,
N1-18VB,N1,18,EAST,BLSP,Blechnum spicant,1,20,
N1-18VB,N1,18,SOUTH,BLSP,Blechnum spicant,T,20,
N1-19V,N1,19,EAST,BLSP,Blechnum spicant,3,75,
N1-19V,N1,19,NORTH,BLSP,Blechnum spicant,5,10,
N1-19V,N1,19,SOUTH,BLSP,Blechnum spicant,T,5,
N1-19V,N1,19,WEST,BLSP,Blechnum spicant,1,25,
N1-20V,N1,20,SOUTH,BLSP,Blechnum spicant,4,20,
N1-20V,N1,20,WEST,BLSP,Blechnum spicant,T,3,
N1-21VB,N1,21,NORTH,BLSP,Blechnum spicant,5,15,
N1-22V,N1,22,SOUTH,BLSP,Blechnum spicant,7,15,
N1-22V,N1,22,WEST,BLSP,Blechnum spicant,6,10,
N1-24VB,N1,24,EAST,BLSP,Blechnum spicant,T,5,
N1-25VB,N1,25,EAST,BLSP,Blechnum spicant,3,20,
N1-25VB,N1,25,SOUTH,BLSP,Blechnum spicant,8,15,
N1-25VB,N1,25,WEST,BLSP,Blechnum spicant,1,10,
N1-26V,N1,26,EAST,BLSP,Blechnum spicant,T,26,
N1-26V,N1,26,NORTH,BLSP,Blechnum spicant,15,20,
N1-26V,N1,26,SOUTH,BLSP,Blechnum spicant,10,18,
N1-26V,N1,26,WEST,BLSP,Blechnum spicant,10,20,
N1-27V,N1,27,EAST,BLSP,Blechnum spicant,6,20,
N1-27V,N1,27,NORTH,BLSP,Blechnum spicant,10,10,
N2-1VB,N2,1,EAST,BLSP,Blechnum spicant,10,20,
N2-1VB,N2,1,NORTH,BLSP,Blechnum spicant,4,15,
N2-1VB,N2,1,SOUTH,BLSP,Blechnum spicant,1,20,
N2-1VB,N2,1,WEST,BLSP,Blechnum spicant,3,15,
N2-2VB,N2,2,EAST,BLSP,Blechnum spicant,1,15,
N2-2VB,N2,2,NORTH,BLSP,Blechnum spicant,8,10,
N2-2VB,N2,2,SOUTH,BLSP,Blechnum spicant,30,5,
N2-3V,N2,3,EAST,BLSP,Blechnum spicant,5,15,
N2-3V,N2,3,NORTH,BLSP,Blechnum spicant,5,15,
N2-3V,N2,3,SOUTH,BLSP,Blechnum spicant,5,30,
N2-3V,N2,3,WEST,BLSP,Blechnum spicant,1,15,
N2-5V,N2,5,EAST,BLSP,Blechnum spicant,T,5,
N2-5V,N2,5,NORTH,BLSP,Blechnum spicant,5,25,
N2-5V,N2,5,SOUTH,BLSP,Blechnum spicant,1,10,
N2-5V,N2,5,WEST,BLSP,Blechnum spicant,7,25,
N2-7VB,N2,7,EAST,BLSP,Blechnum spicant,10,15,
N2-7VB,N2,7,NORTH,BLSP,Blechnum spicant,1,7,
N2-7VB,N2,7,SOUTH,BLSP,Blechnum spicant,15,20,
N2-7VB,N2,7,WEST,BLSP,Blechnum spicant,4,10,
N2-10VB,N2,10,WEST,BLSP,Blechnum spicant,2,20,
N2-12V,N2,12,EAST,BLSP,Blechnum spicant,40,50,
N2-12V,N2,12,NORTH,BLSP,Blechnum spicant,6,20,
N2-12V,N2,12,WEST,BLSP,Blechnum spicant,1,20,
N2-13VB,N2,13,EAST,BLSP,Blechnum spicant,5,40,
N2-13VB,N2,13,SOUTH,BLSP,Blechnum spicant,18,50,
N2-13VB,N2,13,WEST,BLSP,Blechnum spicant,15,10,
N2-14V,N2,14,NORTH,BLSP,Blechnum spicant,6,15,
N2-14V,N2,14,SOUTH,BLSP,Blechnum spicant,20,15,
N2-14V,N2,14,WEST,BLSP,Blechnum spicant,12,15,
N2-15VB,N2,15,NORTH,BLSP,Blechnum spicant,1,110,
N2-15VB,N2,15,WEST,BLSP,Blechnum spicant,6,15,
N2-18VB,N2,18,EAST,BLSP,Blechnum spicant,2,15,
N2-18VB,N2,18,NORTH,BLSP,Blechnum spicant,15,15,
N2-18VB,N2,18,SOUTH,BLSP,Blechnum spicant,T,10,
N2-18VB,N2,18,WEST,BLSP,Blechnum spicant,1,15,
N2-19V,N2,19,EAST,BLSP,Blechnum spicant,2,18,
N2-19V,N2,19,NORTH,BLSP,Blechnum spicant,1,15,
N2-19V,N2,19,SOUTH,BLSP,Blechnum spicant,22,15,
N2-19V,N2,19,WEST,BLSP,Blechnum spicant,40,15,
N2-20V,N2,20,EAST,BLSP,Blechnum spicant,20,15,
N2-20V,N2,20,NORTH,BLSP,Blechnum spicant,5,10,
N2-20V,N2,20,SOUTH,BLSP,Blechnum spicant,1,5,
N2-20V,N2,20,WEST,BLSP,Blechnum spicant,4,15,
N2-21V,N2,21,EAST,BLSP,Blechnum spicant,6,15,
N2-21V,N2,21,NORTH,BLSP,Blechnum spicant,4,15,
N2-21V,N2,21,SOUTH,BLSP,Blechnum spicant,3,15,
N2-21V,N2,21,WEST,BLSP,Blechnum spicant,10,25,
N2-26VB,N2,26,EAST,BLSP,Blechnum spicant,1,40,
N2-26VB,N2,26,NORTH,BLSP,Blechnum spicant,2,8,
N2-26VB,N2,26,SOUTH,BLSP,Blechnum spicant,2,25,
C1-3V,C1,3,EAST,BOOC2,Boykinia occidentalis,T,10,
C1-3V,C1,3,NORTH,BOOC2,Boykinia occidentalis,T,35,
C1-3V,C1,3,SOUTH,BOOC2,Boykinia occidentalis,3,40,
C1-25VB,C1,25,EAST,BOOC2,Boykinia occidentalis,3,10,
C2-13V,C2,13,NORTH,BOOC2,Boykinia occidentalis,1,40,
C2-26V,C2,26,SOUTH,BOOC2,Boykinia occidentalis,1,30,
N2-26VB,N2,26,SOUTH,BOOC2,Boykinia occidentalis,T,5,
C1-3V,C1,3,EAST,CAREX,Carex spp.,T,15,
C1-3V,C1,3,NORTH,CAREX,Carex spp.,1,35,
C1-13VB,C1,13,WEST,CAREX,Carex spp. ,T,110,Possibly C. pendula 
C1-14VB,C1,14,WEST,CAREX,Carex spp.,T,7,
C1-25VB,C1,25,NORTH,CAREX,Carex spp.,T,5,
C2-12VB,C2,12,SOUTH,CAREX,Carex spp.,T,5,
C2-20VB,C2,20,WEST,CAREX,Carex spp.,T,10,
N2-26VB,N2,26,SOUTH,CAREX,Carex spp.,1,100,
C1-3V,C1,3,EAST,CLSI2,Claytonia sibirica,1,8,
C1-3V,C1,3,NORTH,CLSI2,Claytonia sibirica,T,4,
C1-3V,C1,3,SOUTH,CLSI2,Claytonia sibirica,1,20,
C1-3V,C1,3,WEST,CLSI2,Claytonia sibirica,T,2,
C1-8VB,C1,8,EAST,CLSI2,Claytonia sibirica,T,5,
C1-18V,C1,18,EAST,CLSI2,Claytonia sibirica,T,1,Not 100% certain of ID; tiny w/ no flower
C1-18V,C1,18,NORTH,CLSI2,Claytonia sibirica,T,3,Not 100% certain of ID; tiny w/ no flower
C1-25VB,C1,25,EAST,CLSI2,Claytonia sibirica,2,10,
C1-25VB,C1,25,SOUTH,CLSI2,Claytonia sibirica,1,8,
C2-5VB,C2,5,NORTH,CLSI2,Claytonia sibirica,1,5,
N1-2V,N1,2,NORTH,CLSI2,Claytonia sibirica,T,15,
N1-2V,N1,2,WEST,CLSI2,Claytonia sibirica,8,15,
N1-3V,N1,3,SOUTH,CLSI2,Claytonia sibirica,2,10,
N1-17VB,N1,17,EAST,CLSI2,Claytonia sibirica,T,5,
N1-20V,N1,20,SOUTH,CLSI2,Claytonia sibirica,T,1,
N1-22V,N1,22,SOUTH,CLSI2,Claytonia sibirica,3,5,
N1-22V,N1,22,WEST,CLSI2,Claytonia sibirica,1,10,
N2-3V,N2,3,NORTH,CLSI2,Claytonia sibirica,2,15,
N2-3V,N2,3,SOUTH,CLSI2,Claytonia sibirica,T,10,
N2-3V,N2,3,WEST,CLSI2,Claytonia sibirica,1,10,
N2-7VB,N2,7,NORTH,CLSI2,Claytonia sibirica,T,10,
N2-7VB,N2,7,WEST,CLSI2,Claytonia sibirica,T,20,
N2-18VB,N2,18,NORTH,CLSI2,Claytonia sibirica,T,5,
N2-20V,N2,20,EAST,CLSI2,Claytonia sibirica,2,10,
N2-26VB,N2,26,SOUTH,CLSI2,Claytonia sibirica,T,5,
C1-3V,C1,3,EAST,DIPU,Digitalis purpurea,T,75,
C1-3V,C1,3,NORTH,DIPU,Digitalis purpurea,1,30,Basal leaves only 
C1-5V,C1,5,SOUTH,DIPU,Digitalis purpurea,1,75,
C1-5V,C1,5,WEST,DIPU,Digitalis purpurea,T,100,
C1-13VB,C1,13,NORTH,DIPU,Digitalis purpurea,2,120,
C1-13VB,C1,13,SOUTH,DIPU,Digitalis purpurea,1,63,
C1-13VB,C1,13,WEST,DIPU,Digitalis purpurea,2,65,
C2-26V,C2,26,SOUTH,DIPU,Digitalis purpurea,1,100,
N1-2V,N1,2,NORTH,DIPU,Digitalis purpurea,1,6,
N1-22V,N1,22,NORTH,DIPU,Digitalis purpurea,T,20,
N1-26V,N1,26,WEST,DIPU,Digitalis purpurea,T,10,
N2-13VB,N2,13,NORTH,DIPU,Digitalis purpurea,T,12,
N2-13VB,N2,13,SOUTH,DIPU,Digitalis purpurea,1,50,
C1-3V,C1,3,WEST,DREX2,Dryopteris expansa,1,5,
C1-13VB,C1,13,SOUTH,DREX2,Dryopteris expansa,3,30,
C1-14VB,C1,14,WEST,DREX2,Dryopteris expansa,T,35,
C1-18V,C1,18,EAST,DREX2,Dryopteris expansa,1,15,
C1-18V,C1,18,NORTH,DREX2,Dryopteris expansa,T,15,
C1-25VB,C1,25,EAST,DREX2,Dryopteris expansa,1,7,
C1-25VB,C1,25,SOUTH,DREX2,Dryopteris expansa,4,45,
C1-25VB,C1,25,WEST,DREX2,Dryopteris expansa,2,40,
C2-13V,C2,13,NORTH,DREX2,Dryopteris expansa,1,13,
C2-17VB,C2,17,WEST,DREX2,Dryopteris expansa,4,40,
C2-18VB,C2,18,SOUTH,DREX2,Dryopteris expansa,T,10,
C2-20VB,C2,20,NORTH,DREX2,Dryopteris expansa,T,25,
C2-23VB,C2,23,SOUTH,DREX2,Dryopteris expansa,T,20,
C2-25VB,C2,25,EAST,DREX2,Dryopteris expansa,2,30,
C2-26V,C2,26,SOUTH,DREX2,Dryopteris expansa,T,10,
N1-2V,N1,2,EAST,DREX2,Dryopteris expansa,5,10,
N1-2V,N1,2,NORTH,DREX2,Dryopteris expansa,10,12,
N1-2V,N1,2,WEST,DREX2,Dryopteris expansa,6,40,
N1-3V,N1,3,NORTH,DREX2,Dryopteris expansa,1,10,
N1-3V,N1,3,SOUTH,DREX2,Dryopteris expansa,2,15,
N1-7VB,N1,7,WEST,DREX2,Dryopteris expansa,T,10,
N1-8VB,N1,8,SOUTH,DREX2,Dryopteris expansa,4,40,
N1-13V,N1,13,WEST,DREX2,Dryopteris expansa,1,15,
N1-16V,N1,16,EAST,DREX2,Dryopteris expansa,T,40,
N1-17VB,N1,17,EAST,DREX2,Dryopteris expansa,T,5,
N1-19V,N1,19,EAST,DREX2,Dryopteris expansa,T,5,
N1-22V,N1,22,SOUTH,DREX2,Dryopteris expansa,2,20,
N1-26V,N1,26,NORTH,DREX2,Dryopteris expansa,5,10,
N2-2VB,N2,2,EAST,DREX2,Dryopteris expansa,T,10,
N2-2VB,N2,2,NORTH,DREX2,Dryopteris expansa,T,5,
N2-3V,N2,3,EAST,DREX2,Dryopteris expansa,1,10,
N2-3V,N2,3,NORTH,DREX2,Dryopteris expansa,1,30,
N2-3V,N2,3,SOUTH,DREX2,Dryopteris expansa,T,10,
N2-5V,N2,5,NORTH,DREX2,Dryopteris expansa,T,10,
N2-5V,N2,5,SOUTH,DREX2,Dryopteris expansa,T,20,
N2-5V,N2,5,WEST,DREX2,Dryopteris expansa,1,18,
N2-7VB,N2,7,NORTH,DREX2,Dryopteris expansa,2,10,
N2-7VB,N2,7,WEST,DREX2,Dryopteris expansa,5,15,
N2-13VB,N2,13,EAST,DREX2,Dryopteris expansa,1,30,
N2-14V,N2,14,NORTH,DREX2,Dryopteris expansa,1,10,
N2-14V,N2,14,SOUTH,DREX2,Dryopteris expansa,T,5,
N2-18VB,N2,18,EAST,DREX2,Dryopteris expansa,1,25,
N2-20V,N2,20,EAST,DREX2,Dryopteris expansa,T,13,
N2-20V,N2,20,NORTH,DREX2,Dryopteris expansa,1,60,
N2-20V,N2,20,WEST,DREX2,Dryopteris expansa,1,20,
N2-21V,N2,21,EAST,DREX2,Dryopteris expansa,1,25,
N2-21V,N2,21,NORTH,DREX2,Dryopteris expansa,1,10,
N2-21V,N2,21,WEST,DREX2,Dryopteris expansa,1,20,
N2-26VB,N2,26,SOUTH,DREX2,Dryopteris expansa,T,15,
N2-7VB,N2,7,NORTH,EQUIS,Equisetum spp. ,T,20,
C1-14VB,C1,14,EAST,ERMI6,Erechtites minima,T,5,
C1-3V,C1,3,EAST,FRPU7,Frangula purshiana ,1,55,
C1-3V,C1,3,NORTH,FRPU7,Frangula purshiana ,T,5,
C1-3V,C1,3,SOUTH,FRPU7,Frangula purshiana ,T,20,
C1-3V,C1,3,WEST,FRPU7,Frangula purshiana ,T,5,
C1-4V,C1,4,EAST,FRPU7,Frangula purshiana ,1,300,
C1-5V,C1,5,EAST,FRPU7,Frangula purshiana ,5,125,
C1-5V,C1,5,NORTH,FRPU7,Frangula purshiana ,25,200,
C1-5V,C1,5,SOUTH,FRPU7,Frangula purshiana ,5,100,
C1-5V,C1,5,WEST,FRPU7,Frangula purshiana ,1,80,
C1-7VB,C1,7,NORTH,FRPU7,Frangula purshiana ,T,50,
C1-7VB,C1,7,SOUTH,FRPU7,Frangula purshiana ,T,20,
C1-8VB,C1,8,EAST,FRPU7,Frangula purshiana ,T,20,
C1-8VB,C1,8,NORTH,FRPU7,Frangula purshiana ,T,20,
C1-8VB,C1,8,SOUTH,FRPU7,Frangula purshiana ,7,30,
C1-8VB,C1,8,WEST,FRPU7,Frangula purshiana ,T,50,
C1-13VB,C1,13,NORTH,FRPU7,Frangula purshiana ,T,10,
C1-13VB,C1,13,SOUTH,FRPU7,Frangula purshiana ,7,65,
C1-13VB,C1,13,WEST,FRPU7,Frangula purshiana ,3,125,
C1-14VB,C1,14,EAST,FRPU7,Frangula purshiana ,6,150,
C1-14VB,C1,14,NORTH,FRPU7,Frangula purshiana ,1,25,
C1-14VB,C1,14,SOUTH,FRPU7,Frangula purshiana ,2,50,
C1-14VB,C1,14,WEST,FRPU7,Frangula purshiana ,3,150,
C1-17V,C1,17,SOUTH,FRPU7,Frangula purshiana ,T,20,
C1-17V,C1,17,WEST,FRPU7,Frangula purshiana ,T,15,
C1-18V,C1,18,EAST,FRPU7,Frangula purshiana ,5,400,
C1-18V,C1,18,NORTH,FRPU7,Frangula purshiana ,T,1,
C1-18V,C1,18,SOUTH,FRPU7,Frangula purshiana ,15,400,
C1-20VB,C1,20,EAST,FRPU7,Frangula purshiana ,50,400,
C1-20VB,C1,20,NORTH,FRPU7,Frangula purshiana ,50,400,
C1-20VB,C1,20,SOUTH,FRPU7,Frangula purshiana ,15,250,
C1-20VB,C1,20,WEST,FRPU7,Frangula purshiana ,40,300,
C1-24VB,C1,24,EAST,FRPU7,Frangula purshiana ,2,150,
C1-24VB,C1,24,WEST,FRPU7,Frangula purshiana ,4,54,
C1-26V,C1,26,EAST,FRPU7,Frangula purshiana ,60,400,
C1-28VB,C1,28,NORTH,FRPU7,Frangula purshiana ,25,500,
C1-28VB,C1,28,WEST,FRPU7,Frangula purshiana ,T,4,
C2-5VB,C2,5,EAST,FRPU7,Frangula purshiana ,3,400,
C2-5VB,C2,5,WEST,FRPU7,Frangula purshiana ,T,6,
C2-11VB,C2,11,EAST,FRPU7,Frangula purshiana ,T,5,
C2-11VB,C2,11,SOUTH,FRPU7,Frangula purshiana ,T,8,
C2-13V,C2,13,EAST,FRPU7,Frangula purshiana ,T,40,
C2-13V,C2,13,SOUTH,FRPU7,Frangula purshiana ,2,62,
C2-15VB,C2,15,NORTH,FRPU7,Frangula purshiana ,T,2,
C2-17VB,C2,17,EAST,FRPU7,Frangula purshiana ,T,5,
C2-17VB,C2,17,SOUTH,FRPU7,Frangula purshiana ,T,5,
C2-18VB,C2,18,EAST,FRPU7,Frangula purshiana ,20,500,
C2-18VB,C2,18,WEST,FRPU7,Frangula purshiana ,20,1000,
C2-20VB,C2,20,EAST,FRPU7,Frangula purshiana ,1,25,
C2-20VB,C2,20,WEST,FRPU7,Frangula purshiana ,T,8,
C2-23VB,C2,23,EAST,FRPU7,Frangula purshiana ,T,20,
C2-23VB,C2,23,SOUTH,FRPU7,Frangula purshiana ,T,10,
C2-23VB,C2,23,WEST,FRPU7,Frangula purshiana ,2,3000,
C2-25VB,C2,25,NORTH,FRPU7,Frangula purshiana ,1,10,
C2-26V,C2,26,EAST,FRPU7,Frangula purshiana ,4,175,
C2-26V,C2,26,NORTH,FRPU7,Frangula purshiana ,2,150,
C2-26V,C2,26,SOUTH,FRPU7,Frangula purshiana ,29,200,
C2-26V,C2,26,WEST,FRPU7,Frangula purshiana ,T,5,
N1-13V,N1,13,SOUTH,FRPU7,Frangula purshiana ,T,15,
N1-14VB,N1,14,SOUTH,FRPU7,Frangula purshiana ,T,10,
N1-16V,N1,16,NORTH,FRPU7,Frangula purshiana ,T,50,
N1-17VB,N1,17,EAST,FRPU7,Frangula purshiana ,T,4,
N1-17VB,N1,17,SOUTH,FRPU7,Frangula purshiana ,T,5,
N1-17VB,N1,17,WEST,FRPU7,Frangula purshiana ,T,2,
N1-21VB,N1,21,SOUTH,FRPU7,Frangula purshiana ,T,4,1 tiny seedling
N1-21VB,N1,21,WEST,FRPU7,Frangula purshiana ,T,3,One very tiny seedling
N1-26V,N1,26,NORTH,FRPU7,Frangula purshiana ,8,80,
N1-26V,N1,26,SOUTH,FRPU7,Frangula purshiana ,T,18,
N2-2VB,N2,2,EAST,FRPU7,Frangula purshiana ,60,300,
N2-2VB,N2,2,WEST,FRPU7,Frangula purshiana ,20,400,
N2-3V,N2,3,WEST,FRPU7,Frangula purshiana ,T,10,
N2-7VB,N2,7,SOUTH,FRPU7,Frangula purshiana ,1,100,
N2-10VB,N2,10,WEST,FRPU7,Frangula purshiana ,3,1000,
N2-12V,N2,12,NORTH,FRPU7,Frangula purshiana ,25,300,
N2-13VB,N2,13,EAST,FRPU7,Frangula purshiana ,3,200,
N2-13VB,N2,13,NORTH,FRPU7,Frangula purshiana ,5,6,
N2-13VB,N2,13,SOUTH,FRPU7,Frangula purshiana ,5,100,
N2-14V,N2,14,EAST,FRPU7,Frangula purshiana ,15,300,
N2-14V,N2,14,SOUTH,FRPU7,Frangula purshiana ,1,800,
N2-15VB,N2,15,WEST,FRPU7,Frangula purshiana ,T,6,
N2-18VB,N2,18,NORTH,FRPU7,Frangula purshiana ,T,15,
N2-19V,N2,19,NORTH,FRPU7,Frangula purshiana ,T,100,
N2-19V,N2,19,SOUTH,FRPU7,Frangula purshiana ,T,150,
N2-19V,N2,19,WEST,FRPU7,Frangula purshiana ,1,50,
N2-20V,N2,20,EAST,FRPU7,Frangula purshiana ,1,30,
N2-20V,N2,20,NORTH,FRPU7,Frangula purshiana ,T,10,
N2-21V,N2,21,EAST,FRPU7,Frangula purshiana ,T,30,
C1-3V,C1,3,EAST,GASH,Gaultheria shallon,1,40,
C1-3V,C1,3,NORTH,GASH,Gaultheria shallon,T,10,
C1-3V,C1,3,SOUTH,GASH,Gaultheria shallon,12,25,
C1-4V,C1,4,EAST,GASH,Gaultheria shallon,15,250,
C1-4V,C1,4,NORTH,GASH,Gaultheria shallon,6,70,
C1-4V,C1,4,SOUTH,GASH,Gaultheria shallon,5,200,
C1-4V,C1,4,WEST,GASH,Gaultheria shallon,3,20,
C1-5V,C1,5,EAST,GASH,Gaultheria shallon,20,150,
C1-5V,C1,5,NORTH,GASH,Gaultheria shallon,10,30,
C1-5V,C1,5,SOUTH,GASH,Gaultheria shallon,8,60,
C1-5V,C1,5,WEST,GASH,Gaultheria shallon,8,20,
C1-7VB,C1,7,EAST,GASH,Gaultheria shallon,2,15,
C1-7VB,C1,7,NORTH,GASH,Gaultheria shallon,4,50,
C1-7VB,C1,7,SOUTH,GASH,Gaultheria shallon,T,20,
C1-7VB,C1,7,WEST,GASH,Gaultheria shallon,15,20,
C1-8VB,C1,8,EAST,GASH,Gaultheria shallon,2,35,
C1-8VB,C1,8,NORTH,GASH,Gaultheria shallon,12,50,
C1-8VB,C1,8,SOUTH,GASH,Gaultheria shallon,7,50,
C1-8VB,C1,8,WEST,GASH,Gaultheria shallon,20,40,
C1-13VB,C1,13,EAST,GASH,Gaultheria shallon,1,15,
C1-13VB,C1,13,NORTH,GASH,Gaultheria shallon,1,100,
C1-13VB,C1,13,SOUTH,GASH,Gaultheria shallon,6,30,
C1-13VB,C1,13,WEST,GASH,Gaultheria shallon,1,20,
C1-14VB,C1,14,EAST,GASH,Gaultheria shallon,15,50,
C1-14VB,C1,14,NORTH,GASH,Gaultheria shallon,T,15,
C1-14VB,C1,14,SOUTH,GASH,Gaultheria shallon,1,10,
C1-14VB,C1,14,WEST,GASH,Gaultheria shallon,3,40,
C1-17V,C1,17,EAST,GASH,Gaultheria shallon,4,50,Some from cedar stump
C1-17V,C1,17,NORTH,GASH,Gaultheria shallon,1,20,Mostly growing from old cedar stump
C1-17V,C1,17,SOUTH,GASH,Gaultheria shallon,1,20,
C1-17V,C1,17,WEST,GASH,Gaultheria shallon,25,75,
C1-18V,C1,18,EAST,GASH,Gaultheria shallon,T,20,
C1-18V,C1,18,SOUTH,GASH,Gaultheria shallon,52,100,
C1-18V,C1,18,WEST,GASH,Gaultheria shallon,70,300,
C1-20VB,C1,20,EAST,GASH,Gaultheria shallon,40,150,
C1-20VB,C1,20,NORTH,GASH,Gaultheria shallon,90,200,
C1-20VB,C1,20,SOUTH,GASH,Gaultheria shallon,60,170,
C1-20VB,C1,20,WEST,GASH,Gaultheria shallon,75,200,
C1-24VB,C1,24,EAST,GASH,Gaultheria shallon,20,100,
C1-24VB,C1,24,NORTH,GASH,Gaultheria shallon,4,15,
C1-24VB,C1,24,SOUTH,GASH,Gaultheria shallon,18,45,
C1-24VB,C1,24,WEST,GASH,Gaultheria shallon,9,40,
C1-25VB,C1,25,EAST,GASH,Gaultheria shallon,8,60,
C1-25VB,C1,25,NORTH,GASH,Gaultheria shallon,10,75,
C1-25VB,C1,25,SOUTH,GASH,Gaultheria shallon,6,30,
C1-26V,C1,26,EAST,GASH,Gaultheria shallon,85,210,
C1-26V,C1,26,NORTH,GASH,Gaultheria shallon,75,200,
C1-26V,C1,26,SOUTH,GASH,Gaultheria shallon,75,150,
C1-26V,C1,26,WEST,GASH,Gaultheria shallon,70,150,
C1-28VB,C1,28,NORTH,GASH,Gaultheria shallon,T,30,
C1-28VB,C1,28,SOUTH,GASH,Gaultheria shallon,T,20,
C1-28VB,C1,28,WEST,GASH,Gaultheria shallon,4,15,
C2-4V,C2,4,WEST,GASH,Gaultheria shallon,T,20,
C2-5VB,C2,5,SOUTH,GASH,Gaultheria shallon,T,12,
C2-11VB,C2,11,NORTH,GASH,Gaultheria shallon,T,4,
C2-11VB,C2,11,SOUTH,GASH,Gaultheria shallon,T,5,
C2-12VB,C2,12,EAST,GASH,Gaultheria shallon,15,75,
C2-12VB,C2,12,NORTH,GASH,Gaultheria shallon,9,110,
C2-12VB,C2,12,SOUTH,GASH,Gaultheria shallon,8,55,
C2-12VB,C2,12,WEST,GASH,Gaultheria shallon,8,90,
C2-13V,C2,13,EAST,GASH,Gaultheria shallon,10,50,
C2-13V,C2,13,NORTH,GASH,Gaultheria shallon,1,10,
C2-13V,C2,13,SOUTH,GASH,Gaultheria shallon,6,30,
C2-13V,C2,13,WEST,GASH,Gaultheria shallon,10,45,
C2-15VB,C2,15,EAST,GASH,Gaultheria shallon,60,100,
C2-18VB,C2,18,EAST,GASH,Gaultheria shallon,85,350,
C2-18VB,C2,18,NORTH,GASH,Gaultheria shallon,90,250,
C2-18VB,C2,18,SOUTH,GASH,Gaultheria shallon,T,5,
C2-18VB,C2,18,WEST,GASH,Gaultheria shallon,T,15,
C2-20VB,C2,20,EAST,GASH,Gaultheria shallon,1,20,
C2-20VB,C2,20,NORTH,GASH,Gaultheria shallon,4,80,
C2-20VB,C2,20,SOUTH,GASH,Gaultheria shallon,3,100,
C2-20VB,C2,20,WEST,GASH,Gaultheria shallon,15,55,
C2-23VB,C2,23,EAST,GASH,Gaultheria shallon,15,40,
C2-23VB,C2,23,SOUTH,GASH,Gaultheria shallon,T,20,
C2-23VB,C2,23,WEST,GASH,Gaultheria shallon,T,30,
C2-25VB,C2,25,EAST,GASH,Gaultheria shallon,T,50,
C2-25VB,C2,25,NORTH,GASH,Gaultheria shallon,30,30,
C2-25VB,C2,25,SOUTH,GASH,Gaultheria shallon,T,25,
C2-26V,C2,26,EAST,GASH,Gaultheria shallon,3,45,
C2-26V,C2,26,NORTH,GASH,Gaultheria shallon,2,30,
C2-26V,C2,26,SOUTH,GASH,Gaultheria shallon,35,150,
C2-26V,C2,26,WEST,GASH,Gaultheria shallon,4,40,
N1-2V,N1,2,EAST,GASH,Gaultheria shallon,15,75,
N1-2V,N1,2,NORTH,GASH,Gaultheria shallon,15,50,
N1-2V,N1,2,SOUTH,GASH,Gaultheria shallon,3,30,
N1-3V,N1,3,EAST,GASH,Gaultheria shallon,T,5,
N1-3V,N1,3,NORTH,GASH,Gaultheria shallon,T,15,
N1-3V,N1,3,WEST,GASH,Gaultheria shallon,1,10,
N1-7VB,N1,7,EAST,GASH,Gaultheria shallon,T ,20,
N1-7VB,N1,7,NORTH,GASH,Gaultheria shallon,4,25,
N1-7VB,N1,7,SOUTH,GASH,Gaultheria shallon,T,10,
N1-7VB,N1,7,WEST,GASH,Gaultheria shallon,1,25,
N1-8VB,N1,8,EAST,GASH,Gaultheria shallon,2,18,
N1-8VB,N1,8,SOUTH,GASH,Gaultheria shallon,10,20,
N1-8VB,N1,8,WEST,GASH,Gaultheria shallon,3,55,
N1-10VB,N1,10,EAST,GASH,Gaultheria shallon,T,40,
N1-10VB,N1,10,WEST,GASH,Gaultheria shallon,3,40,
N1-12VB,N1,12,SOUTH,GASH,Gaultheria shallon,1,30,
N1-13V,N1,13,EAST,GASH,Gaultheria shallon,5,90,
N1-13V,N1,13,NORTH,GASH,Gaultheria shallon,T,45,
N1-13V,N1,13,SOUTH,GASH,Gaultheria shallon,8,100,
N1-14VB,N1,14,EAST,GASH,Gaultheria shallon,4,200,
N1-14VB,N1,14,NORTH,GASH,Gaultheria shallon,50,200,
N1-14VB,N1,14,SOUTH,GASH,Gaultheria shallon,T,20,
N1-14VB,N1,14,WEST,GASH,Gaultheria shallon,2,10,
N1-16V,N1,16,EAST,GASH,Gaultheria shallon,1,90,
N1-16V,N1,16,NORTH,GASH,Gaultheria shallon,1,30,
N1-16V,N1,16,SOUTH,GASH,Gaultheria shallon,T,15,
N1-16V,N1,16,WEST,GASH,Gaultheria shallon,T,10,ON STUMP
N1-17VB,N1,17,SOUTH,GASH,Gaultheria shallon,T,30,
N1-17VB,N1,17,WEST,GASH,Gaultheria shallon,T,10,
N1-19V,N1,19,EAST,GASH,Gaultheria shallon,1,50,
N1-19V,N1,19,SOUTH,GASH,Gaultheria shallon,30,150,
N1-20V,N1,20,WEST,GASH,Gaultheria shallon,2,40,
N1-21VB,N1,21,EAST,GASH,Gaultheria shallon,T,15,
N1-21VB,N1,21,WEST,GASH,Gaultheria shallon,T,10,
N1-22V,N1,22,NORTH,GASH,Gaultheria shallon,T,20,
N1-22V,N1,22,SOUTH,GASH,Gaultheria shallon,8,75,
N1-22V,N1,22,WEST,GASH,Gaultheria shallon,2,40,
N1-24VB,N1,24,EAST,GASH,Gaultheria shallon,5,75,On top of cedar stump
N1-24VB,N1,24,NORTH,GASH,Gaultheria shallon,T,15,
N1-24VB,N1,24,SOUTH,GASH,Gaultheria shallon,1,20,
N1-24VB,N1,24,WEST,GASH,Gaultheria shallon,T,15,
N1-25VB,N1,25,EAST,GASH,Gaultheria shallon,50,100,
N1-25VB,N1,25,NORTH,GASH,Gaultheria shallon,8,100,
N1-25VB,N1,25,SOUTH,GASH,Gaultheria shallon,40,50,
N1-25VB,N1,25,WEST,GASH,Gaultheria shallon,5,100,
N1-26V,N1,26,EAST,GASH,Gaultheria shallon,T,15,
N1-26V,N1,26,SOUTH,GASH,Gaultheria shallon,2,20,
N1-27V,N1,27,EAST,GASH,Gaultheria shallon,25,250,
N1-27V,N1,27,SOUTH,GASH,Gaultheria shallon,1,20,
N1-27V,N1,27,WEST,GASH,Gaultheria shallon,5,80,
N2-1VB,N2,1,EAST,GASH,Gaultheria shallon,35,100,
N2-1VB,N2,1,NORTH,GASH,Gaultheria shallon,40,50,
N2-1VB,N2,1,SOUTH,GASH,Gaultheria shallon,20,40,
N2-1VB,N2,1,WEST,GASH,Gaultheria shallon,20,150,
N2-2VB,N2,2,EAST,GASH,Gaultheria shallon,3,150,
N2-2VB,N2,2,NORTH,GASH,Gaultheria shallon,10,65,
N2-2VB,N2,2,SOUTH,GASH,Gaultheria shallon,T,15,
N2-2VB,N2,2,WEST,GASH,Gaultheria shallon,10,40,
N2-3V,N2,3,EAST,GASH,Gaultheria shallon,7,150,
N2-3V,N2,3,NORTH,GASH,Gaultheria shallon,1,25,
N2-3V,N2,3,SOUTH,GASH,Gaultheria shallon,35,150,
N2-5V,N2,5,EAST,GASH,Gaultheria shallon,7,150,
N2-5V,N2,5,NORTH,GASH,Gaultheria shallon,30,50,
N2-5V,N2,5,SOUTH,GASH,Gaultheria shallon,1,60,
N2-5V,N2,5,WEST,GASH,Gaultheria shallon,15,75,
N2-7VB,N2,7,EAST,GASH,Gaultheria shallon,30,100,
N2-7VB,N2,7,SOUTH,GASH,Gaultheria shallon,18,70,
N2-7VB,N2,7,WEST,GASH,Gaultheria shallon,25,140,
N2-10VB,N2,10,WEST,GASH,Gaultheria shallon,2,150,
N2-12V,N2,12,EAST,GASH,Gaultheria shallon,80,150,
N2-12V,N2,12,NORTH,GASH,Gaultheria shallon,83,200,
N2-12V,N2,12,SOUTH,GASH,Gaultheria shallon,5,75,
N2-12V,N2,12,WEST,GASH,Gaultheria shallon,6,120,
N2-13VB,N2,13,EAST,GASH,Gaultheria shallon,5,150,
N2-13VB,N2,13,NORTH,GASH,Gaultheria shallon,2,18,
N2-13VB,N2,13,SOUTH,GASH,Gaultheria shallon,15,75,
N2-13VB,N2,13,WEST,GASH,Gaultheria shallon,,,Missing height
N2-14V,N2,14,EAST,GASH,Gaultheria shallon,10,100,
N2-14V,N2,14,NORTH,GASH,Gaultheria shallon,15,50,
N2-14V,N2,14,SOUTH,GASH,Gaultheria shallon,25,100,
N2-14V,N2,14,WEST,GASH,Gaultheria shallon,6,60,
N2-15VB,N2,15,EAST,GASH,Gaultheria shallon,17,100,
N2-15VB,N2,15,NORTH,GASH,Gaultheria shallon,7,100,
N2-15VB,N2,15,SOUTH,GASH,Gaultheria shallon,5,45,
N2-15VB,N2,15,WEST,GASH,Gaultheria shallon,35,100,
N2-18VB,N2,18,EAST,GASH,Gaultheria shallon,3,15,
N2-18VB,N2,18,NORTH,GASH,Gaultheria shallon,T,10,
N2-18VB,N2,18,WEST,GASH,Gaultheria shallon,15,60,
N2-19V,N2,19,EAST,GASH,Gaultheria shallon,1,70,
N2-19V,N2,19,NORTH,GASH,Gaultheria shallon,T,25,
N2-19V,N2,19,SOUTH,GASH,Gaultheria shallon,2,100,
N2-19V,N2,19,WEST,GASH,Gaultheria shallon,6,100,
N2-20V,N2,20,EAST,GASH,Gaultheria shallon,3,15,
N2-20V,N2,20,NORTH,GASH,Gaultheria shallon,6,120,
N2-20V,N2,20,SOUTH,GASH,Gaultheria shallon,T,30,
N2-20V,N2,20,WEST,GASH,Gaultheria shallon,2,75,
N2-21V,N2,21,EAST,GASH,Gaultheria shallon,2,5,
N2-21V,N2,21,SOUTH,GASH,Gaultheria shallon,T,20,
N2-21V,N2,21,WEST,GASH,Gaultheria shallon,1,40,
N2-26VB,N2,26,EAST,GASH,Gaultheria shallon,3,70,
N2-26VB,N2,26,NORTH,GASH,Gaultheria shallon,7,50,
N2-26VB,N2,26,SOUTH,GASH,Gaultheria shallon,T,20,
C1-14VB,C1,14,NORTH,GATR3,Galium triflorum,1,10,
C1-14VB,C1,14,WEST,GATR3,Galium triflorum,2,15,
N1-10VB,N1,10,WEST,GATR3,Galium triflorum,T,5,
N1-26V,N1,26,SOUTH,GATR3,Galium triflorum,T,15,
C1-13VB,C1,13,NORTH,HYRA3,Hypochaeris radicata,T,50,
C1-3V,C1,3,EAST,ILAQ80,Ilex aquifolium,t,25,
C1-20VB,C1,20,EAST,ILAQ80,Ilex aquifolium,3,175,
C1-8VB,C1,8,SOUTH,MADI,Maianthemum dilatatum,T,10,
C1-28VB,C1,28,WEST,MADI,Maianthemum dilatatum,1,5,
C2-23VB,C2,23,NORTH,MADI,Maianthemum dilatatum,T,5,
N1-21VB,N1,21,NORTH,MADI,Maianthemum dilatatum,8,13,
C1-4V,C1,4,EAST,MEFE,Menziesia ferruginea,1,200,
C1-4V,C1,4,NORTH,MEFE,Menziesia ferruginea,7,250,
C1-4V,C1,4,WEST,MEFE,Menziesia ferruginea,1,10,
C1-5V,C1,5,EAST,MEFE,Menziesia ferruginea,10,80,
C1-5V,C1,5,NORTH,MEFE,Menziesia ferruginea,1,60,
C1-5V,C1,5,SOUTH,MEFE,Menziesia ferruginea,2,20,
C1-5V,C1,5,WEST,MEFE,Menziesia ferruginea,T,12,
C1-7VB,C1,7,SOUTH,MEFE,Menziesia ferruginea,1,35,
C1-8VB,C1,8,EAST,MEFE,Menziesia ferruginea,1,30,
C1-8VB,C1,8,NORTH,MEFE,Menziesia ferruginea,T,40,
C1-8VB,C1,8,SOUTH,MEFE,Menziesia ferruginea,T,10,
C1-8VB,C1,8,WEST,MEFE,Menziesia ferruginea,6,65,
C1-13VB,C1,13,EAST,MEFE,Menziesia ferruginea,10,30,
C1-13VB,C1,13,NORTH,MEFE,Menziesia ferruginea,2,75,
C1-13VB,C1,13,SOUTH,MEFE,Menziesia ferruginea,2,75,
C1-13VB,C1,13,WEST,MEFE,Menziesia ferruginea,T,10,
C1-14VB,C1,14,EAST,MEFE,Menziesia ferruginea,T,30,
C1-17V,C1,17,EAST,MEFE,Menziesia ferruginea,T,40,
C1-17V,C1,17,NORTH,MEFE,Menziesia ferruginea,1,20,Mostly growing from old cedar stump
C1-17V,C1,17,SOUTH,MEFE,Menziesia ferruginea,T,12,
C1-18V,C1,18,SOUTH,MEFE,Menziesia ferruginea,8,150,
C1-18V,C1,18,WEST,MEFE,Menziesia ferruginea,T,30,
C1-20VB,C1,20,SOUTH,MEFE,Menziesia ferruginea,3,110,
C1-20VB,C1,20,WEST,MEFE,Menziesia ferruginea,4,100,
C1-24VB,C1,24,EAST,MEFE,Menziesia ferruginea,3,70,
C1-24VB,C1,24,SOUTH,MEFE,Menziesia ferruginea,1,20,
C1-24VB,C1,24,WEST,MEFE,Menziesia ferruginea,T,30,
C1-25VB,C1,25,EAST,MEFE,Menziesia ferruginea,T,5,
C1-25VB,C1,25,NORTH,MEFE,Menziesia ferruginea,3,30,
C1-25VB,C1,25,SOUTH,MEFE,Menziesia ferruginea,1,30,
C1-25VB,C1,25,WEST,MEFE,Menziesia ferruginea,1,100,
C1-26V,C1,26,NORTH,MEFE,Menziesia ferruginea,5,250,
C1-26V,C1,26,WEST,MEFE,Menziesia ferruginea,T,50,
C1-28VB,C1,28,WEST,MEFE,Menziesia ferruginea,3,20,
C2-12VB,C2,12,EAST,MEFE,Menziesia ferruginea,3,45,
C2-12VB,C2,12,NORTH,MEFE,Menziesia ferruginea,3,30,
C2-12VB,C2,12,SOUTH,MEFE,Menziesia ferruginea,2,15,
C2-12VB,C2,12,WEST,MEFE,Menziesia ferruginea,4,120,
C2-13V,C2,13,EAST,MEFE,Menziesia ferruginea,1,20,
C2-13V,C2,13,SOUTH,MEFE,Menziesia ferruginea,2,40,
C2-13V,C2,13,WEST,MEFE,Menziesia ferruginea,4,150,
C2-15VB,C2,15,EAST,MEFE,Menziesia ferruginea,20,150,
C2-15VB,C2,15,NORTH,MEFE,Menziesia ferruginea,T,25,
C2-15VB,C2,15,WEST,MEFE,Menziesia ferruginea,5,20,
C2-17VB,C2,17,SOUTH,MEFE,Menziesia ferruginea,T,7,
C2-20VB,C2,20,NORTH,MEFE,Menziesia ferruginea,T,40,
C2-20VB,C2,20,SOUTH,MEFE,Menziesia ferruginea,T,15,
C2-23VB,C2,23,EAST,MEFE,Menziesia ferruginea,1,10,
C2-23VB,C2,23,NORTH,MEFE,Menziesia ferruginea,T,10,
C2-23VB,C2,23,SOUTH,MEFE,Menziesia ferruginea,2,40,
C2-25VB,C2,25,EAST,MEFE,Menziesia ferruginea,2,60,
C2-25VB,C2,25,SOUTH,MEFE,Menziesia ferruginea,1,20,
C2-26V,C2,26,NORTH,MEFE,Menziesia ferruginea,T,30,
C2-26V,C2,26,SOUTH,MEFE,Menziesia ferruginea,T,5,
N1-2V,N1,2,EAST,MEFE,Menziesia ferruginea,10,25,
N1-2V,N1,2,NORTH,MEFE,Menziesia ferruginea,T,5,
N1-7VB,N1,7,NORTH,MEFE,Menziesia ferruginea,15,200,
N1-7VB,N1,7,SOUTH,MEFE,Menziesia ferruginea,T,20,
N1-7VB,N1,7,WEST,MEFE,Menziesia ferruginea,9,150,
N1-8VB,N1,8,EAST,MEFE,Menziesia ferruginea,T,15,
N1-8VB,N1,8,NORTH,MEFE,Menziesia ferruginea,T,5,
N1-8VB,N1,8,SOUTH,MEFE,Menziesia ferruginea,1,10,
N1-8VB,N1,8,WEST,MEFE,Menziesia ferruginea,1,15,
N1-12VB,N1,12,EAST,MEFE,Menziesia ferruginea,T,20,
N1-12VB,N1,12,SOUTH,MEFE,Menziesia ferruginea,T,10,
N1-12VB,N1,12,WEST,MEFE,Menziesia ferruginea,1,5,
N1-13V,N1,13,EAST,MEFE,Menziesia ferruginea,3,80,
N1-13V,N1,13,NORTH,MEFE,Menziesia ferruginea,T,25,
N1-13V,N1,13,SOUTH,MEFE,Menziesia ferruginea,3,30,
N1-13V,N1,13,WEST,MEFE,Menziesia ferruginea,2,100,
N1-14VB,N1,14,NORTH,MEFE,Menziesia ferruginea,1,180,
N1-16V,N1,16,EAST,MEFE,Menziesia ferruginea,2,60,
N1-16V,N1,16,SOUTH,MEFE,Menziesia ferruginea,2,10,
N1-16V,N1,16,WEST,MEFE,Menziesia ferruginea,T,15,
N1-17VB,N1,17,SOUTH,MEFE,Menziesia ferruginea,T,5,
N1-18VB,N1,18,NORTH,MEFE,Menziesia ferruginea,2,77,
N1-18VB,N1,18,WEST,MEFE,Menziesia ferruginea,T,5,
N1-19V,N1,19,EAST,MEFE,Menziesia ferruginea,40,300,
N1-19V,N1,19,WEST,MEFE,Menziesia ferruginea,1,40,
N1-21VB,N1,21,NORTH,MEFE,Menziesia ferruginea,4,100,
N1-21VB,N1,21,WEST,MEFE,Menziesia ferruginea,3,45,
N1-25VB,N1,25,EAST,MEFE,Menziesia ferruginea,7,60,
N1-25VB,N1,25,NORTH,MEFE,Menziesia ferruginea,4,150,
N1-25VB,N1,25,SOUTH,MEFE,Menziesia ferruginea,T,10,
N1-25VB,N1,25,WEST,MEFE,Menziesia ferruginea,3,15,
N1-26V,N1,26,EAST,MEFE,Menziesia ferruginea,T,10,
N1-26V,N1,26,NORTH,MEFE,Menziesia ferruginea,1,30,
N1-27V,N1,27,EAST,MEFE,Menziesia ferruginea,2,80,
N1-27V,N1,27,WEST,MEFE,Menziesia ferruginea,30,100,
N2-1VB,N2,1,EAST,MEFE,Menziesia ferruginea,1,20,
N2-1VB,N2,1,NORTH,MEFE,Menziesia ferruginea,1,30,
N2-1VB,N2,1,SOUTH,MEFE,Menziesia ferruginea,10,100,
N2-1VB,N2,1,WEST,MEFE,Menziesia ferruginea,1,40,
N2-2VB,N2,2,SOUTH,MEFE,Menziesia ferruginea,T,5,
N2-7VB,N2,7,EAST,MEFE,Menziesia ferruginea,4,40,
N2-7VB,N2,7,SOUTH,MEFE,Menziesia ferruginea,4,14,
N2-7VB,N2,7,WEST,MEFE,Menziesia ferruginea,1,20,
N2-12V,N2,12,EAST,MEFE,Menziesia ferruginea,8,150,
N2-12V,N2,12,WEST,MEFE,Menziesia ferruginea,1,10,
N2-14V,N2,14,NORTH,MEFE,Menziesia ferruginea,3,60,
N2-15VB,N2,15,EAST,MEFE,Menziesia ferruginea,8,100,
N2-15VB,N2,15,NORTH,MEFE,Menziesia ferruginea,3,40,
N2-15VB,N2,15,WEST,MEFE,Menziesia ferruginea,T,15,
N2-18VB,N2,18,NORTH,MEFE,Menziesia ferruginea,T,20,
N2-18VB,N2,18,WEST,MEFE,Menziesia ferruginea,1,30,
N2-19V,N2,19,NORTH,MEFE,Menziesia ferruginea,1,30,
N2-19V,N2,19,SOUTH,MEFE,Menziesia ferruginea,1,30,
N2-21V,N2,21,SOUTH,MEFE,Menziesia ferruginea,1,15,
C1-14VB,C1,14,SOUTH,MIDE3,Mimulus dentatus,T,8,
C1-14VB,C1,14,WEST,MIDE3,Mimulus dentatus,T,10,
N1-22V,N1,22,WEST,MIDE3,Mimulus dentatus,5,5,
N2-12V,N2,12,EAST,MIDE3,Mimulus dentatus,2,5,
C1-3V,C1,3,NORTH,MOUN2,Moneses uniflora ,1,10,
C1-14VB,C1,14,EAST,MOUN2,Moneses uniflora ,1,5,
C1-25VB,C1,25,EAST,MOUN2,Moneses uniflora ,T,10,
C2-13V,C2,13,SOUTH,MOUN2,Moneses uniflora ,T,2,
C2-23VB,C2,23,NORTH,MOUN2,Moneses uniflora ,T,5,WAX FLOWER
N1-16V,N1,16,SOUTH,MOUN2,Moneses uniflora ,T,3,
N1-16V,N1,16,WEST,MOUN2,Moneses uniflora ,T,3,
C1-3V,C1,3,EAST,OXALI,Oxalis spp.,T,5,
C1-3V,C1,3,SOUTH,OXALI,Oxalis spp.,10,5,
C1-3V,C1,3,WEST,OXALI,Oxalis spp.,6,10,
C1-5V,C1,5,EAST,OXALI,Oxalis spp.,20,12,
C1-5V,C1,5,NORTH,OXALI,Oxalis spp.,30,5,
C1-5V,C1,5,SOUTH,OXALI,Oxalis spp.,12,5,
C1-5V,C1,5,WEST,OXALI,Oxalis spp.,10,5,
C1-25VB,C1,25,NORTH,OXALI,Oxalis spp.,T,5,
C2-25VB,C2,25,SOUTH,OXALI,Oxalis spp.,T,4,
N1-8VB,N1,8,WEST,OXALI,Oxalis spp.,T,5,
N1-13V,N1,13,NORTH,OXALI,Oxalis spp.,3,10,
N1-13V,N1,13,WEST,OXALI,Oxalis spp.,18,10,
N1-26V,N1,26,SOUTH,OXALI,Oxalis spp.,2,10,
N1-27V,N1,27,EAST,OXALI,Oxalis spp.,T,15,
N1-27V,N1,27,NORTH,OXALI,Oxalis spp.,15,10,
N1-27V,N1,27,WEST,OXALI,Oxalis spp.,2,5,
N2-7VB,N2,7,NORTH,OXALI,Oxalis spp.,18,7,
N2-7VB,N2,7,WEST,OXALI,Oxalis spp.,24,7,
N2-12V,N2,12,EAST,OXALI,Oxalis spp.,4,15,
N2-12V,N2,12,NORTH,OXALI,Oxalis spp.,3,10,
N2-12V,N2,12,SOUTH,OXALI,Oxalis spp.,8,10,
N2-26VB,N2,26,NORTH,OXALI,Oxalis spp.,3,9,
N2-26VB,N2,26,SOUTH,OXALI,Oxalis spp.,1,10,
N2-26VB,N2,26,WEST,OXALI,Oxalis spp.,1,3,
C1-8VB,C1,8,SOUTH,PACKE,Packera spp. ,T,30,Likely Packera macounii (formerly Senecio macounii)
C1-14VB,C1,14,WEST,PACKE,Packera spp. ,T,45,Likely Packera macounii (formerly Senecio macounii)
C1-3V,C1,3,EAST,POMU,Polystichum munitum,35,100,
C1-3V,C1,3,NORTH,POMU,Polystichum munitum,4,55,
C1-3V,C1,3,SOUTH,POMU,Polystichum munitum,55,100,
C1-3V,C1,3,WEST,POMU,Polystichum munitum,25,50,
C1-4V,C1,4,EAST,POMU,Polystichum munitum,45,90,
C1-4V,C1,4,NORTH,POMU,Polystichum munitum,4,75,
C1-4V,C1,4,SOUTH,POMU,Polystichum munitum,3,40,
C1-4V,C1,4,WEST,POMU,Polystichum munitum,13,30,
C1-5V,C1,5,NORTH,POMU,Polystichum munitum,20,50,
C1-5V,C1,5,SOUTH,POMU,Polystichum munitum,3,50,
C1-5V,C1,5,WEST,POMU,Polystichum munitum,20,80,
C1-7VB,C1,7,EAST,POMU,Polystichum munitum,24,100,
C1-7VB,C1,7,NORTH,POMU,Polystichum munitum,1,50,
C1-7VB,C1,7,SOUTH,POMU,Polystichum munitum,50,90,
C1-8VB,C1,8,NORTH,POMU,Polystichum munitum,T,35,
C1-13VB,C1,13,NORTH,POMU,Polystichum munitum,10,50,
C1-13VB,C1,13,SOUTH,POMU,Polystichum munitum,5,35,
C1-14VB,C1,14,EAST,POMU,Polystichum munitum,4,40,
C1-14VB,C1,14,NORTH,POMU,Polystichum munitum,50,150,
C1-14VB,C1,14,SOUTH,POMU,Polystichum munitum,1,10,
C1-14VB,C1,14,WEST,POMU,Polystichum munitum,20,100,
C1-17V,C1,17,WEST,POMU,Polystichum munitum,8,60,
C1-18V,C1,18,EAST,POMU,Polystichum munitum,8,100,
C1-18V,C1,18,NORTH,POMU,Polystichum munitum,60,150,
C1-18V,C1,18,WEST,POMU,Polystichum munitum,60,160,
C1-20VB,C1,20,EAST,POMU,Polystichum munitum,8,150,
C1-20VB,C1,20,NORTH,POMU,Polystichum munitum,5,40,
C1-20VB,C1,20,SOUTH,POMU,Polystichum munitum,2,50,
C1-20VB,C1,20,WEST,POMU,Polystichum munitum,2,75,
C1-24VB,C1,24,NORTH,POMU,Polystichum munitum,1,20,
C1-24VB,C1,24,SOUTH,POMU,Polystichum munitum,2,100,
C1-24VB,C1,24,WEST,POMU,Polystichum munitum,2,50,
C1-25VB,C1,25,EAST,POMU,Polystichum munitum,7,50,
C1-25VB,C1,25,NORTH,POMU,Polystichum munitum,3,60,
C1-25VB,C1,25,SOUTH,POMU,Polystichum munitum,70,75,
C1-25VB,C1,25,WEST,POMU,Polystichum munitum,15,50,
C1-26V,C1,26,EAST,POMU,Polystichum munitum,2,60,
C1-28VB,C1,28,NORTH,POMU,Polystichum munitum,7,50,
C1-28VB,C1,28,SOUTH,POMU,Polystichum munitum,8,60,
C1-28VB,C1,28,WEST,POMU,Polystichum munitum,17,150,
C2-4V,C2,4,SOUTH,POMU,Polystichum munitum,1,10,
C2-5VB,C2,5,EAST,POMU,Polystichum munitum,4,15,
C2-5VB,C2,5,NORTH,POMU,Polystichum munitum,3,15,
C2-5VB,C2,5,SOUTH,POMU,Polystichum munitum,2,45,
C2-11VB,C2,11,NORTH,POMU,Polystichum munitum,15,55,
C2-12VB,C2,12,NORTH,POMU,Polystichum munitum,T,10,
C2-12VB,C2,12,SOUTH,POMU,Polystichum munitum,6,50,
C2-12VB,C2,12,WEST,POMU,Polystichum munitum,T,5,
C2-13V,C2,13,NORTH,POMU,Polystichum munitum,4,125,
C2-15VB,C2,15,NORTH,POMU,Polystichum munitum,27,100,
C2-15VB,C2,15,SOUTH,POMU,Polystichum munitum,20,55,
C2-17VB,C2,17,EAST,POMU,Polystichum munitum,T,15,
C2-17VB,C2,17,NORTH,POMU,Polystichum munitum,T,5,
C2-17VB,C2,17,SOUTH,POMU,Polystichum munitum,T,10,
C2-17VB,C2,17,WEST,POMU,Polystichum munitum,3,100,
C2-18VB,C2,18,NORTH,POMU,Polystichum munitum,1,45,
C2-18VB,C2,18,SOUTH,POMU,Polystichum munitum,2,100,
C2-18VB,C2,18,WEST,POMU,Polystichum munitum,35,100,
C2-20VB,C2,20,NORTH,POMU,Polystichum munitum,3,60,
C2-20VB,C2,20,WEST,POMU,Polystichum munitum,18,50,
C2-23VB,C2,23,EAST,POMU,Polystichum munitum,2,35,
C2-23VB,C2,23,NORTH,POMU,Polystichum munitum,2,30,
C2-23VB,C2,23,SOUTH,POMU,Polystichum munitum,8,30,
C2-23VB,C2,23,WEST,POMU,Polystichum munitum,T,20,
C2-25VB,C2,25,EAST,POMU,Polystichum munitum,50,60,
C2-25VB,C2,25,NORTH,POMU,Polystichum munitum,10,60,
C2-25VB,C2,25,SOUTH,POMU,Polystichum munitum,1,35,
C2-26V,C2,26,EAST,POMU,Polystichum munitum,10,75,
C2-26V,C2,26,SOUTH,POMU,Polystichum munitum,6,100,
N1-2V,N1,2,EAST,POMU,Polystichum munitum,7,40,
N1-2V,N1,2,NORTH,POMU,Polystichum munitum,3,50,
N1-2V,N1,2,SOUTH,POMU,Polystichum munitum,3,25,
N1-2V,N1,2,WEST,POMU,Polystichum munitum,7,100,
N1-3V,N1,3,EAST,POMU,Polystichum munitum,1,40,
N1-3V,N1,3,SOUTH,POMU,Polystichum munitum,2,30,
N1-7VB,N1,7,NORTH,POMU,Polystichum munitum,40,30,
N1-7VB,N1,7,SOUTH,POMU,Polystichum munitum,2,30,
N1-7VB,N1,7,WEST,POMU,Polystichum munitum,80,200,
N1-8VB,N1,8,EAST,POMU,Polystichum munitum,T,10,
N1-8VB,N1,8,NORTH,POMU,Polystichum munitum,T,50,
N1-8VB,N1,8,SOUTH,POMU,Polystichum munitum,35,50,
N1-8VB,N1,8,WEST,POMU,Polystichum munitum,8,32,
N1-10VB,N1,10,EAST,POMU,Polystichum munitum,8,30,
N1-10VB,N1,10,NORTH,POMU,Polystichum munitum,2,23,
N1-10VB,N1,10,WEST,POMU,Polystichum munitum,40,150,
N1-12VB,N1,12,EAST,POMU,Polystichum munitum,8,150,
N1-13V,N1,13,EAST,POMU,Polystichum munitum,75,100,
N1-13V,N1,13,NORTH,POMU,Polystichum munitum,70,150,
N1-13V,N1,13,SOUTH,POMU,Polystichum munitum,20,60,
N1-13V,N1,13,WEST,POMU,Polystichum munitum,65,150,
N1-14VB,N1,14,EAST,POMU,Polystichum munitum,2,20,
N1-14VB,N1,14,NORTH,POMU,Polystichum munitum,20,70,
N1-14VB,N1,14,SOUTH,POMU,Polystichum munitum,4,40,
N1-14VB,N1,14,WEST,POMU,Polystichum munitum,4,30,
N1-16V,N1,16,EAST,POMU,Polystichum munitum,5,60,
N1-16V,N1,16,SOUTH,POMU,Polystichum munitum,7,,Missing height
N1-17VB,N1,17,EAST,POMU,Polystichum munitum,30,120,
N1-17VB,N1,17,NORTH,POMU,Polystichum munitum,12,100,
N1-17VB,N1,17,SOUTH,POMU,Polystichum munitum,3,50,
N1-19V,N1,19,EAST,POMU,Polystichum munitum,15,100,
N1-19V,N1,19,NORTH,POMU,Polystichum munitum,85,150,
N1-19V,N1,19,SOUTH,POMU,Polystichum munitum,70,100,
N1-19V,N1,19,WEST,POMU,Polystichum munitum,30,65,
N1-20V,N1,20,NORTH,POMU,Polystichum munitum,20,50,
N1-20V,N1,20,SOUTH,POMU,Polystichum munitum,3,30,
N1-20V,N1,20,WEST,POMU,Polystichum munitum,3,50,
N1-22V,N1,22,NORTH,POMU,Polystichum munitum,T,15,
N1-22V,N1,22,SOUTH,POMU,Polystichum munitum,25,100,
N1-22V,N1,22,WEST,POMU,Polystichum munitum,2,20,
N1-24VB,N1,24,WEST,POMU,Polystichum munitum,T,30,
N1-26V,N1,26,NORTH,POMU,Polystichum munitum,25,70,
N1-26V,N1,26,SOUTH,POMU,Polystichum munitum,11,100,
N1-26V,N1,26,WEST,POMU,Polystichum munitum,2,30,
N1-27V,N1,27,EAST,POMU,Polystichum munitum,65,75,
N1-27V,N1,27,NORTH,POMU,Polystichum munitum,70,100,
N1-27V,N1,27,SOUTH,POMU,Polystichum munitum,3,40,
N1-27V,N1,27,WEST,POMU,Polystichum munitum,60,150,
N2-2VB,N2,2,NORTH,POMU,Polystichum munitum,30,75,
N2-2VB,N2,2,SOUTH,POMU,Polystichum munitum,T,20,
N2-2VB,N2,2,WEST,POMU,Polystichum munitum,5,60,
N2-3V,N2,3,EAST,POMU,Polystichum munitum,40,100,
N2-3V,N2,3,NORTH,POMU,Polystichum munitum,70,150,
N2-3V,N2,3,SOUTH,POMU,Polystichum munitum,30,100,
N2-3V,N2,3,WEST,POMU,Polystichum munitum,95,100,
N2-5V,N2,5,EAST,POMU,Polystichum munitum,5,50,
N2-5V,N2,5,NORTH,POMU,Polystichum munitum,5,100,
N2-5V,N2,5,SOUTH,POMU,Polystichum munitum,1,50,
N2-5V,N2,5,WEST,POMU,Polystichum munitum,1,60,
N2-7VB,N2,7,EAST,POMU,Polystichum munitum,10,60,
N2-7VB,N2,7,NORTH,POMU,Polystichum munitum,80,90,
N2-7VB,N2,7,SOUTH,POMU,Polystichum munitum,5,50,
N2-7VB,N2,7,WEST,POMU,Polystichum munitum,24,150,
N2-10VB,N2,10,WEST,POMU,Polystichum munitum,8,60,
N2-12V,N2,12,EAST,POMU,Polystichum munitum,3,60,
N2-12V,N2,12,NORTH,POMU,Polystichum munitum,8,50,
N2-12V,N2,12,SOUTH,POMU,Polystichum munitum,76,100,
N2-13VB,N2,13,EAST,POMU,Polystichum munitum,35,175,
N2-13VB,N2,13,WEST,POMU,Polystichum munitum,9,30,
N2-14V,N2,14,EAST,POMU,Polystichum munitum,6,150,
N2-14V,N2,14,NORTH,POMU,Polystichum munitum,6,100,
N2-14V,N2,14,SOUTH,POMU,Polystichum munitum,25,100,
N2-14V,N2,14,WEST,POMU,Polystichum munitum,3,50,
N2-20V,N2,20,EAST,POMU,Polystichum munitum,30,100,
N2-20V,N2,20,SOUTH,POMU,Polystichum munitum,2,40,
N2-20V,N2,20,WEST,POMU,Polystichum munitum,70,120,
N2-21V,N2,21,EAST,POMU,Polystichum munitum,2,1,
N2-21V,N2,21,SOUTH,POMU,Polystichum munitum,12,60,
N2-21V,N2,21,WEST,POMU,Polystichum munitum,5,30,
N2-26VB,N2,26,NORTH,POMU,Polystichum munitum,10,85,
N2-26VB,N2,26,SOUTH,POMU,Polystichum munitum,45,100,
C1-3V,C1,3,NORTH,PROSA,Prosartes,T,8,
C1-3V,C1,3,WEST,PROSA,Prosartes spp. ,T,8,
C1-5V,C1,5,SOUTH,PROSA,Prosartes,T,5,
C1-13VB,C1,13,NORTH,PROSA,Prosartes spp. ,T,60,
C1-14VB,C1,14,WEST,PROSA,Prosartes spp. ,T,15,
C1-28VB,C1,28,SOUTH,PROSA,Prosartes,T,10,
C1-28VB,C1,28,WEST,PROSA,Prosartes spp. ,1,15,
C2-15VB,C2,15,NORTH,PROSA,Prosartes spp. ,T,8,
C2-23VB,C2,23,EAST,PROSA,Prosartes spp. ,1,25,
C2-23VB,C2,23,NORTH,PROSA,Prosartes spp. ,T,15,
C2-23VB,C2,23,SOUTH,PROSA,Prosartes spp. ,T,25,
C2-23VB,C2,23,WEST,PROSA,Prosartes spp. ,T,5,
C2-25VB,C2,25,NORTH,PROSA,Prosartes spp.,T,15,
C2-26V,C2,26,EAST,PROSA,Prosartes spp. ,1,35,
C2-26V,C2,26,NORTH,PROSA,Prosartes,T,10,
C1-24VB,C1,24,WEST,PTAQ,Pteridium aquilinum,1,45,
C2-5VB,C2,5,WEST,PTAQ,Pteridium aquilinum,1,18,
N1-22V,N1,22,SOUTH,RIBR,Ribes bracteosum,15,125,
C1-13VB,C1,13,NORTH,RILA3,Ribes laxiflorum,T,50,
C1-8VB,C1,8,SOUTH,RUAR9,Rubus armenacius,T,25,
N2-13VB,N2,13,EAST,RUAR9,Rubus armenacius,12,150,
N1-7VB,N1,7,WEST,RUBUS,Rubus spp. ,T,20,
N2-21V,N2,21,EAST,RUBUS,Rubus spp. ,4,40,
C2-26V,C2,26,SOUTH,RUDI2,Rubus discolor,4,150,
C1-7VB,C1,7,SOUTH,RULA,Rubus laciniatus ,1,60,
C1-8VB,C1,8,SOUTH,RULA,Rubus laciniatus ,T,60,
C1-13VB,C1,13,NORTH,RULA,Rubus laciniatus ,1,40,
C1-13VB,C1,13,SOUTH,RULA,Rubus laciniatus ,8,100,
C1-14VB,C1,14,EAST,RULA,Rubus laciniatus ,1,30,
C1-14VB,C1,14,SOUTH,RULA,Rubus laciniatus ,1,35,
C1-20VB,C1,20,SOUTH,RULA,Rubus laciniatus ,1,50,
C1-24VB,C1,24,WEST,RULA,Rubus laciniatus ,T,7,
C2-18VB,C2,18,EAST,RULA,Rubus laciniatus ,2,350,
N2-2VB,N2,2,NORTH,RULA,Rubus laciniatus ,T,5,
N2-13VB,N2,13,EAST,RULA,Rubus laciniatus ,5,75,
C1-4V,C1,4,EAST,RUPA,Rubus parviflorus,1,250,
C1-4V,C1,4,WEST,RUPA,Rubus parviflorus,2,25,
C1-8VB,C1,8,NORTH,RUPA,Rubus parviflorus,T,10,
C1-8VB,C1,8,SOUTH,RUPA,Rubus parviflorus,2,75,
C1-13VB,C1,13,NORTH,RUPA,Rubus parviflorus,25,75,
C1-13VB,C1,13,SOUTH,RUPA,Rubus parviflorus,8,80,
C1-13VB,C1,13,WEST,RUPA,Rubus parviflorus,15,100,
C1-14VB,C1,14,NORTH,RUPA,Rubus parviflorus,15,40,
C1-14VB,C1,14,SOUTH,RUPA,Rubus parviflorus,2,30,
C1-14VB,C1,14,WEST,RUPA,Rubus parviflorus,2,45,
C1-18V,C1,18,WEST,RUPA,Rubus parviflorus,4,75,
C1-20VB,C1,20,EAST,RUPA,Rubus parviflorus,1,75,
N1-2V,N1,2,EAST,RUPA,Rubus parviflorus,1,20,
N1-7VB,N1,7,WEST,RUPA,Rubus parviflorus,T,8,
N1-13V,N1,13,EAST,RUPA,Rubus parviflorus,T,20,
N1-27V,N1,27,NORTH,RUPA,Rubus parviflorus,3,120,
N2-12V,N2,12,EAST,RUPA,Rubus parviflorus,6,200,
N2-13VB,N2,13,EAST,RUPA,Rubus parviflorus,1,40,
N2-13VB,N2,13,WEST,RUPA,Rubus parviflorus,12,35,
N2-19V,N2,19,SOUTH,RUPA,Rubus parviflorus,3,150,
N2-21V,N2,21,SOUTH,RUPA,Rubus parviflorus,1,75,
C1-3V,C1,3,EAST,RUSP,Rubus spectabilis,6,60,
C1-3V,C1,3,NORTH,RUSP,Rubus spectabilis,T,40,
C1-3V,C1,3,WEST,RUSP,Rubus spectabilis,10,200,
C1-4V,C1,4,EAST,RUSP,Rubus spectabilis,T,5,
C1-4V,C1,4,NORTH,RUSP,Rubus spectabilis,1,250,
C1-4V,C1,4,WEST,RUSP,Rubus spectabilis,1,28,
C1-5V,C1,5,NORTH,RUSP,Rubus spectabilis,8,40,
C1-5V,C1,5,SOUTH,RUSP,Rubus spectabilis,6,30,
C1-5V,C1,5,WEST,RUSP,Rubus spectabilis,18,75,
C1-7VB,C1,7,EAST,RUSP,Rubus spectabilis,15,25,
C1-7VB,C1,7,NORTH,RUSP,Rubus spectabilis,5,60,
C1-7VB,C1,7,SOUTH,RUSP,Rubus spectabilis,9,50,
C1-8VB,C1,8,EAST,RUSP,Rubus spectabilis,1,30,
C1-8VB,C1,8,NORTH,RUSP,Rubus spectabilis,1,15,
C1-8VB,C1,8,SOUTH,RUSP,Rubus spectabilis,3,60,
C1-8VB,C1,8,WEST,RUSP,Rubus spectabilis,4,30,
C1-13VB,C1,13,EAST,RUSP,Rubus spectabilis,10,80,
C1-13VB,C1,13,NORTH,RUSP,Rubus spectabilis,20,100,
C1-13VB,C1,13,SOUTH,RUSP,Rubus spectabilis,7,45,
C1-14VB,C1,14,EAST,RUSP,Rubus spectabilis,6,70,
C1-14VB,C1,14,NORTH,RUSP,Rubus spectabilis,36,100,
C1-14VB,C1,14,SOUTH,RUSP,Rubus spectabilis,3,45,
C1-14VB,C1,14,WEST,RUSP,Rubus spectabilis,8,60,
C1-17V,C1,17,SOUTH,RUSP,Rubus spectabilis,T,15,
C1-17V,C1,17,WEST,RUSP,Rubus spectabilis,T,20,
C1-18V,C1,18,EAST,RUSP,Rubus spectabilis,T,1,
C1-18V,C1,18,EAST,RUSP,Rubus spectabilis,10,350,
C1-18V,C1,18,NORTH,RUSP,Rubus spectabilis,35,350,
C1-18V,C1,18,SOUTH,RUSP,Rubus spectabilis,5,250,
C1-18V,C1,18,WEST,RUSP,Rubus spectabilis,36,400,
C1-20VB,C1,20,EAST,RUSP,Rubus spectabilis,8,200,
C1-20VB,C1,20,NORTH,RUSP,Rubus spectabilis,3,150,
C1-20VB,C1,20,SOUTH,RUSP,Rubus spectabilis,6,150,
C1-20VB,C1,20,WEST,RUSP,Rubus spectabilis,1,100,
C1-24VB,C1,24,NORTH,RUSP,Rubus spectabilis,2,30,
C1-24VB,C1,24,SOUTH,RUSP,Rubus spectabilis,1,15,
C1-25VB,C1,25,NORTH,RUSP,Rubus spectabilis,T,150,
C1-25VB,C1,25,SOUTH,RUSP,Rubus spectabilis,2,40,
C1-25VB,C1,25,WEST,RUSP,Rubus spectabilis,40,200,
C1-26V,C1,26,EAST,RUSP,Rubus spectabilis,3,250,
C1-28VB,C1,28,NORTH,RUSP,Rubus spectabilis,T,1,
C1-28VB,C1,28,SOUTH,RUSP,Rubus spectabilis,1,40,
C1-28VB,C1,28,WEST,RUSP,Rubus spectabilis,1,50,
C2-5VB,C2,5,EAST,RUSP,Rubus spectabilis,T,1,
C2-5VB,C2,5,NORTH,RUSP,Rubus spectabilis,T,1,
C2-11VB,C2,11,NORTH,RUSP,Rubus spectabilis,4,75,
C2-11VB,C2,11,WEST,RUSP,Rubus spectabilis,T,2,
C2-13V,C2,13,EAST,RUSP,Rubus spectabilis,T,10,
C2-13V,C2,13,NORTH,RUSP,Rubus spectabilis,11,75,
C2-13V,C2,13,SOUTH,RUSP,Rubus spectabilis,1,20,
C2-17VB,C2,17,SOUTH,RUSP,Rubus spectabilis,T,3,
C2-17VB,C2,17,WEST,RUSP,Rubus spectabilis,82,300,
C2-18VB,C2,18,WEST,RUSP,Rubus spectabilis,7,150,
C2-23VB,C2,23,WEST,RUSP,Rubus spectabilis,2,50,
C2-25VB,C2,25,EAST,RUSP,Rubus spectabilis,4,150,
C2-25VB,C2,25,NORTH,RUSP,Rubus spectabilis,6,20,
C2-25VB,C2,25,SOUTH,RUSP,Rubus spectabilis,T,3,
C2-26V,C2,26,EAST,RUSP,Rubus spectabilis,5,60,
C2-26V,C2,26,NORTH,RUSP,Rubus spectabilis,3,50,
C2-26V,C2,26,SOUTH,RUSP,Rubus spectabilis,10,70,
C2-26V,C2,26,WEST,RUSP,Rubus spectabilis,2,20,
N1-2V,N1,2,EAST,RUSP,Rubus spectabilis,9,100,
N1-2V,N1,2,NORTH,RUSP,Rubus spectabilis,15,70,
N1-2V,N1,2,SOUTH,RUSP,Rubus spectabilis,4,150,
N1-2V,N1,2,WEST,RUSP,Rubus spectabilis,8,60,
N1-7VB,N1,7,WEST,RUSP,Rubus spectabilis,17,250,
N1-8VB,N1,8,SOUTH,RUSP,Rubus spectabilis,1,15,
N1-10VB,N1,10,NORTH,RUSP,Rubus spectabilis,60,5,
N1-10VB,N1,10,WEST,RUSP,Rubus spectabilis,1,20,
N1-12VB,N1,12,EAST,RUSP,Rubus spectabilis,2,25,
N1-13V,N1,13,EAST,RUSP,Rubus spectabilis,3,200,
N1-13V,N1,13,NORTH,RUSP,Rubus spectabilis,T,20,
N1-13V,N1,13,SOUTH,RUSP,Rubus spectabilis,1,15,
N1-13V,N1,13,WEST,RUSP,Rubus spectabilis,6,160,
N1-14VB,N1,14,EAST,RUSP,Rubus spectabilis,T,50,"Stem in subplot, foliage is not"
N1-14VB,N1,14,SOUTH,RUSP,Rubus spectabilis,T,2,
N1-14VB,N1,14,WEST,RUSP,Rubus spectabilis,T,60,
N1-17VB,N1,17,EAST,RUSP,Rubus spectabilis,8,3,
N1-19V,N1,19,SOUTH,RUSP,Rubus spectabilis,50,300,
N1-19V,N1,19,WEST,RUSP,Rubus spectabilis,T,10,
N1-20V,N1,20,SOUTH,RUSP,Rubus spectabilis,T,2,
N1-20V,N1,20,WEST,RUSP,Rubus spectabilis,8,200,
N1-22V,N1,22,SOUTH,RUSP,Rubus spectabilis,2,100,
N1-22V,N1,22,WEST,RUSP,Rubus spectabilis,1,10,
N1-24VB,N1,24,EAST,RUSP,Rubus spectabilis,20,400,Big!
N1-24VB,N1,24,WEST,RUSP,Rubus spectabilis,T,1,
N1-25VB,N1,25,EAST,RUSP,Rubus spectabilis,8,100,
N1-25VB,N1,25,SOUTH,RUSP,Rubus spectabilis,T,30,
N1-25VB,N1,25,WEST,RUSP,Rubus spectabilis,1,10,
N1-26V,N1,26,NORTH,RUSP,Rubus spectabilis,1,30,
N1-26V,N1,26,SOUTH,RUSP,Rubus spectabilis,2,30,
N1-26V,N1,26,WEST,RUSP,Rubus spectabilis,T,20,
N1-27V,N1,27,NORTH,RUSP,Rubus spectabilis,5,100,
N2-2VB,N2,2,NORTH,RUSP,Rubus spectabilis,6,100,
N2-2VB,N2,2,SOUTH,RUSP,Rubus spectabilis,6,150,
N2-2VB,N2,2,WEST,RUSP,Rubus spectabilis,30,300,
N2-3V,N2,3,EAST,RUSP,Rubus spectabilis,6,200,
N2-3V,N2,3,NORTH,RUSP,Rubus spectabilis,10,100,
N2-3V,N2,3,SOUTH,RUSP,Rubus spectabilis,40,250,
N2-3V,N2,3,WEST,RUSP,Rubus spectabilis,8,150,
N2-5V,N2,5,EAST,RUSP,Rubus spectabilis,T,8,
N2-7VB,N2,7,NORTH,RUSP,Rubus spectabilis,23,200,
N2-7VB,N2,7,SOUTH,RUSP,Rubus spectabilis,T,10,
N2-7VB,N2,7,WEST,RUSP,Rubus spectabilis,1,10,
N2-10VB,N2,10,WEST,RUSP,Rubus spectabilis,12,200,
N2-12V,N2,12,EAST,RUSP,Rubus spectabilis,15,200,
N2-13VB,N2,13,EAST,RUSP,Rubus spectabilis,3,100,
N2-13VB,N2,13,SOUTH,RUSP,Rubus spectabilis,15,60,
N2-13VB,N2,13,WEST,RUSP,Rubus spectabilis,13,5,
N2-14V,N2,14,SOUTH,RUSP,Rubus spectabilis,2,250,
N2-15VB,N2,15,WEST,RUSP,Rubus spectabilis,3,12,
N2-18VB,N2,18,NORTH,RUSP,Rubus spectabilis,T,10,
N2-18VB,N2,18,WEST,RUSP,Rubus spectabilis,T,40,
N2-19V,N2,19,EAST,RUSP,Rubus spectabilis,1,25,
N2-19V,N2,19,SOUTH,RUSP,Rubus spectabilis,25,150,
N2-19V,N2,19,WEST,RUSP,Rubus spectabilis,7,30,
N2-20V,N2,20,EAST,RUSP,Rubus spectabilis,15,50,
N2-20V,N2,20,NORTH,RUSP,Rubus spectabilis,3,50,
N2-20V,N2,20,WEST,RUSP,Rubus spectabilis,17,150,
N2-21V,N2,21,NORTH,RUSP,Rubus spectabilis,20,200,
N2-21V,N2,21,SOUTH,RUSP,Rubus spectabilis,10,150,
N2-21V,N2,21,WEST,RUSP,Rubus spectabilis,46,150,
N2-26VB,N2,26,NORTH,RUSP,Rubus spectabilis,2,75,
N2-26VB,N2,26,SOUTH,RUSP,Rubus spectabilis,1,200,
N2-26VB,N2,26,WEST,RUSP,Rubus spectabilis,1,16,
C1-13VB,C1,13,NORTH,SARA2,Sambucus racemosa,1,35,
C1-14VB,C1,14,WEST,SARA2,Sambucus racemosa,T,20,
N1-7VB,N1,7,WEST,SARA2,Sambucus racemosa,T,50,
N2-13VB,N2,13,EAST,SARA2,Sambucus racemosa,T,50,
N2-26VB,N2,26,NORTH,SARA2,Sambucus racemosa,T,10,
C1-5V,C1,5,NORTH,SEJA,Senecio jacobaea,T,2,
C1-13VB,C1,13,NORTH,SEJA,Senecio jacobaea,T,45,
C1-14VB,C1,14,NORTH,SEJA,Senecio jacobaea,T,20,
C1-14VB,C1,14,SOUTH,SEJA,Senecio jacobaea,T,6,
C1-14VB,C1,14,WEST,SEJA,Senecio jacobaea,1,35,
C1-5V,C1,5,WEST,TITR,Tiarella trifoliata,T,4,
C1-7VB,C1,7,SOUTH,TITR,Tiarella trifoliata,1,25,
C1-13VB,C1,13,NORTH,TITR,Tiarella trifoliata,T,30,
C1-14VB,C1,14,NORTH,TITR,Tiarella trifoliata,2,15,
C1-14VB,C1,14,SOUTH,TITR,Tiarella trifoliata,T,5,
C1-14VB,C1,14,WEST,TITR,Tiarella trifoliata,3,25,
C1-28VB,C1,28,SOUTH,TITR,Tiarella trifoliata,T,5,
C2-5VB,C2,5,EAST,TITR,Foamflower,T,2,
C2-5VB,C2,5,NORTH,TITR,Foamflower,T,4,
C2-11VB,C2,11,EAST,TITR,Tiarella trifoliata,T,5,
C2-13V,C2,13,NORTH,TITR,Tiarella trifoliata,1,10,
C2-17VB,C2,17,WEST,TITR,Tiarella trifoliata,4,35,
N1-2V,N1,2,EAST,TITR,Tiarella trifoliata,T,30,
N1-8VB,N1,8,SOUTH,TITR,Tiarella trifoliata,T,10,
N1-10VB,N1,10,WEST,TITR,Tiarella trifoliata,T,30,
N2-21V,N2,21,EAST,TITR,Tiarella trifoliata,T,10,
C1-4V,C1,4,WEST,TROV2,Trillium ovatum ,1,18,
C1-13VB,C1,13,WEST,TROV2,Trillium ovatum ,T,8,
C1-14VB,C1,14,EAST,TROV2,Trillium ovatum ,T,6,
C1-24VB,C1,24,WEST,TROV2,Trillium ovatum ,1,20,
C2-11VB,C2,11,EAST,TROV2,Trillium ovatum ,1,30,
C2-13V,C2,13,NORTH,TROV2,Trillium ovatum ,1,10,
C2-15VB,C2,15,NORTH,TROV2,Trillium ovatum ,1,35,
N1-7VB,N1,7,WEST,TROV2,Trillium ovatum ,1,30,
N1-8VB,N1,8,NORTH,TROV2,Trillium ovatum ,T,16,
N1-8VB,N1,8,SOUTH,TROV2,Trillium ovatum ,T,15,
N1-8VB,N1,8,WEST,TROV2,Trillium ovatum ,1,13,
N1-10VB,N1,10,EAST,TROV2,Trillium ovatum ,T,15,
N1-12VB,N1,12,SOUTH,TROV2,Trillium ovatum ,1,25,
N1-13V,N1,13,NORTH,TROV2,Trillium ovatum ,T,25,
N2-3V,N2,3,SOUTH,TROV2,Trillium ovatum ,1,40,
N2-3V,N2,3,WEST,TROV2,Trillium ovatum ,1,10,
N2-7VB,N2,7,SOUTH,TROV2,Trillium ,1,15,
N2-12V,N2,12,SOUTH,TROV2,Trillium ovatum ,5,15,
N2-14V,N2,14,NORTH,TROV2,Trillium ovatum ,T,10,
N1-14VB,N1,14,SOUTH,UNK1,Unknown ,T,8,
C1-3V,C1,3,SOUTH,UNKGRAM,Unknown graminoid ,T,5,
C1-3V,C1,3,WEST,UNKGRAM,Unknown graminoid ,1,10,
C1-5V,C1,5,NORTH,UNKGRAM,Unknown graminoid ,T,20,
C1-5V,C1,5,SOUTH,UNKGRAM,Unknown graminoid ,T,30,
C1-8VB,C1,8,SOUTH,UNKGRAM,Unknown graminoid ,4,50,
C1-13VB,C1,13,NORTH,UNKGRAM,Unknown graminoid ,T,45,
C1-14VB,C1,14,NORTH,UNKGRAM,Unknown graminoid ,1,20,
C1-14VB,C1,14,SOUTH,UNKGRAM,Unknown graminoid ,T,8,
C1-17V,C1,17,SOUTH,UNKGRAM,Unknown graminoid ,T,4,
C1-28VB,C1,28,NORTH,UNKGRAM,Unknown graminoid ,T,1,
C2-5VB,C2,5,EAST,UNKGRAM,Unknown graminoid ,T,2,
C2-5VB,C2,5,NORTH,UNKGRAM,Unknown graminoid ,1,10,
C2-11VB,C2,11,NORTH,UNKGRAM,Unknown graminoid ,T,40,
C2-13V,C2,13,NORTH,UNKGRAM,Unknown graminoid ,1,35,
C2-13V,C2,13,SOUTH,UNKGRAM,Unknown graminoid ,T,,Missing height
C2-26V,C2,26,SOUTH,UNKGRAM,Unknown graminoid ,T,50,
N1-2V,N1,2,EAST,UNKGRAM,Unknown graminoid ,2,30,
N1-2V,N1,2,NORTH,UNKGRAM,Unknown graminoid ,3,30,
N1-3V,N1,3,WEST,UNKGRAM,Unknown graminoid ,T,10,
N1-13V,N1,13,EAST,UNKGRAM,Unknown graminoid ,T,5,
N1-13V,N1,13,SOUTH,UNKGRAM,Unknown graminoid ,T,5,
N1-26V,N1,26,WEST,UNKGRAM,Unknown graminoid ,T,30,
N2-2VB,N2,2,NORTH,UNKGRAM,Unknown graminoid ,T,10,
N2-7VB,N2,7,NORTH,UNKGRAM,Unknown graminoid ,2,8,
N2-7VB,N2,7,WEST,UNKGRAM,Unknown graminoid ,T,20,
N2-13VB,N2,13,NORTH,UNKGRAM,Unknown graminoid ,T,6,
N2-13VB,N2,13,SOUTH,UNKGRAM,Unknown graminoid ,T,15,
N2-13VB,N2,13,WEST,UNKGRAM,Unknown graminoid ,T,30,
N2-21V,N2,21,EAST,UNKGRAM,Unknown graminoid ,1,5,
N2-21V,N2,21,SOUTH,UNKGRAM,Unknown graminoid ,1,5,
N2-26VB,N2,26,NORTH,UNKGRAM,Unknown graminoid ,T,10,
C1-13VB,C1,13,NORTH,UNKHERB,Unknown herb ,T,40,"Tiny white flower, long seed pod "
C1-28VB,C1,28,NORTH,UNKHERB,Unknown herb ,T,15,
N1-16V,N1,16,WEST,UNKNOWN,Unknown,T,5,Small herb(?) with 2 opposite toothed leaves and 2 tiny basal leaves 
N1-26V,N1,26,NORTH,UNKNOWN,Unknown ,1,5,
N1-26V,N1,26,NORTH,UNKNOWN,Unknown ,T,10,
N1-26V,N1,26,SOUTH,UNKNOWN,Unknown ,4,14,
N1-26V,N1,26,WEST,UNKNOWN,Unknown ,T,3,
N2-7VB,N2,7,EAST,UNKNOWN,Unknown ,T,15,
N2-13VB,N2,13,WEST,UNKNOWN,Unknown ,2,5,Vine
C1-3V,C1,3,EAST,VACCI,Vaccinium spp.,3,50,
C1-3V,C1,3,WEST,VACCI,Vaccinium spp.,5,15,
C1-5V,C1,5,EAST,VACCI,Vaccinium spp.,12,125,
C1-5V,C1,5,SOUTH,VACCI,Vaccinium spp.,4,40,
C1-5V,C1,5,WEST,VACCI,Vaccinium spp.,7,40,
C1-7VB,C1,7,EAST,VACCI,Vaccinium spp.,8,45,
C1-7VB,C1,7,NORTH,VACCI,Vaccinium spp.,7,70,
C1-7VB,C1,7,SOUTH,VACCi,Vaccinium spp.,10,75,
C1-7VB,C1,7,WEST,VACCI,Vaccinium spp.,2,150,
C1-13VB,C1,13,EAST,VACCI,Vaccinium spp.,4,100,
C1-13VB,C1,13,NORTH,VACCI,Vaccinium spp.,T,50,
C1-13VB,C1,13,SOUTH,VACCI,Vaccinium spp.,1,40,
C1-13VB,C1,13,WEST,VACCI,Vaccinium spp.,T,15,
C1-14VB,C1,14,NORTH,VACCI,Vaccinium spp.,2,15,
C1-17V,C1,17,EAST,VACCI,Vaccinium spp.,2,30,
C1-17V,C1,17,NORTH,VACCI,Vaccinium spp.,3,50,Mostly growing from old cedar stump
C1-17V,C1,17,WEST,VACCI,Vaccinium spp.,1,80,
C1-18V,C1,18,SOUTH,VACCI,Vaccinium spp.,1,2,
C1-25VB,C1,25,EAST,VACCI,Vaccinium spp.,3,10,
C1-26V,C1,26,NORTH,VACCI,Vaccinium spp.,35,250,
C1-26V,C1,26,WEST,VACCI,Vaccinium spp.,25,250,
C1-28VB,C1,28,SOUTH,VACCI,Vaccinium spp.,3,20,
C2-11VB,C2,11,EAST,VACCI,Vaccinium spp.,2,25,
C2-11VB,C2,11,SOUTH,VACCI,Vaccinium spp.,T,5,
C2-15VB,C2,15,EAST,VACCI,Vaccinium spp.,8,150,
C2-17VB,C2,17,EAST,VACCI,Vaccinium spp.,T,5,
C2-17VB,C2,17,NORTH,VACCI,Vaccinium spp.,T,10,
C2-17VB,C2,17,SOUTH,VACCI,Vaccinium spp.,1,10,
C2-23VB,C2,23,EAST,VACCI,Vaccinium spp.,8,150,
N1-2V,N1,2,EAST,VACCI,Vaccinium spp.,6,35,
N1-2V,N1,2,NORTH,VACCI,Vaccinium spp.,3,20,
N1-2V,N1,2,SOUTH,VACCI,Vaccinium spp.,1,20,
N1-7VB,N1,7,EAST,VACCI,Vaccinium spp.,5,100,
N1-7VB,N1,7,NORTH,VACCI,Vaccinium spp.,6,200,
N1-7VB,N1,7,SOUTH,VACCI,Vaccinium spp.,1,15,
N1-7VB,N1,7,WEST,VACCI,Vaccinium spp.,4,150,
N1-8VB,N1,8,EAST,VACCI,Vaccinium spp.,10,60,
N1-8VB,N1,8,NORTH,VACCI,Vaccinium spp.,2,20,
N1-8VB,N1,8,SOUTH,VACCI,Vaccinium spp.,T,20,
N1-8VB,N1,8,WEST,VACCI,Vaccinium spp.,10,100,
N1-10VB,N1,10,WEST,VACCI,Vaccinium spp.,4,200,
N1-12VB,N1,12,EAST,VACCI,Vaccinium spp.,1,5,
N1-12VB,N1,12,NORTH,VACCI,Vaccinium spp.,T,3,
N1-12VB,N1,12,SOUTH,VACCI,Vaccinium spp.,4,50,
N1-12VB,N1,12,WEST,VACCI,Vaccinium spp.,2,15,
N1-13V,N1,13,EAST,VACCI,Vaccinium spp.,1,20,
N1-16V,N1,16,EAST,VACCI,Vaccinium spp.,3,50,
N1-16V,N1,16,NORTH,VACCI,Vaccinium spp.,1,40,
N1-16V,N1,16,SOUTH,VACCI,Vaccinium spp.,3,35,
N1-16V,N1,16,WEST,VACCI,Vaccinium spp.,3,30,
N1-17VB,N1,17,EAST,VACCI,Vaccinium spp.,T,3,
N1-17VB,N1,17,SOUTH,VACCI,Vaccinium spp.,T,30,
N1-18VB,N1,18,NORTH,VACCI,Vaccinium spp.,1,50,
N1-18VB,N1,18,WEST,VACCI,Vaccinium spp.,2,25,
N1-19V,N1,19,EAST,VACCI,Vaccinium spp.,1,5,
N1-19V,N1,19,SOUTH,VACCI,Vaccinium spp.,T,10,
N1-19V,N1,19,WEST,VACCI,Vaccinium spp.,4,35,
N1-21VB,N1,21,EAST,VACCI,Vaccinium spp.,25,,Missing height
N1-21VB,N1,21,NORTH,VACCI,Vaccinium spp.,1,10,
N1-22V,N1,22,NORTH,VACCI,Vaccinium spp.,8,100,
N1-24VB,N1,24,SOUTH,VACCI,Vaccinium spp.,T,5,
N1-24VB,N1,24,WEST,VACCI,Vaccinium spp.,T,10,
N1-25VB,N1,25,EAST,VACCI,Vaccinium spp.,15,100,
N1-25VB,N1,25,NORTH,VACCI,Vaccinium spp.,3,30,
N1-25VB,N1,25,SOUTH,VACCI,Vaccinium spp.,12,82,
N1-25VB,N1,25,WEST,VACCI,Vaccinium spp.,1,5,
N1-26V,N1,26,EAST,VACCI,Vaccinium spp.,4,25,
N1-26V,N1,26,NORTH,VACCI,Vaccinium spp.,3,30,
N1-26V,N1,26,SOUTH,VACCI,Vaccinium spp.,17,26,
N1-26V,N1,26,WEST,VACCI,Vaccinium spp.,1,40,
N2-1VB,N2,1,EAST,VACCI,Vaccinium spp.,7,80,
N2-1VB,N2,1,NORTH,VACCI,Vaccinium spp.,12,80,
N2-1VB,N2,1,SOUTH,VACCI,Vaccinium spp.,15,80,
N2-1VB,N2,1,WEST,VACCI,Vaccinium spp.,1,60,
N2-2VB,N2,2,EAST,VACCI,Vaccinium spp.,4,3,
N2-2VB,N2,2,NORTH,VACCI,Vaccinium spp.,6,75,
N2-2VB,N2,2,SOUTH,VACCI,Vaccinium spp.,2,8,
N2-2VB,N2,2,WEST,VACCI,Vaccinium spp.,T,10,
N2-3V,N2,3,NORTH,VACCI,Vaccinium spp.,1,10,
N2-5V,N2,5,EAST,VACCI,Vaccinium spp.,2,100,
N2-5V,N2,5,NORTH,VACCI,Vaccinium spp.,2,40,
N2-5V,N2,5,SOUTH,VACCI,Vaccinium spp.,1,30,
N2-5V,N2,5,WEST,VACCI,Vaccinium spp.,2,10,
N2-7VB,N2,7,EAST,VACCI,Vaccinium spp.,25,150,
N2-7VB,N2,7,SOUTH,VACCI,Vaccinium spp.,13,60,
N2-12V,N2,12,EAST,VACCI,Vaccinium spp.,3,150,
N2-12V,N2,12,NORTH,VACCI,Vaccinium spp.,5,75,
N2-12V,N2,12,WEST,VACCI,Vaccinium spp.,2,45,
N2-13VB,N2,13,EAST,VACCI,Vaccinium spp.,10,50,
N2-13VB,N2,13,NORTH,VACCI,Vaccinium spp.,9,100,
N2-13VB,N2,13,SOUTH,VACCI,Vaccinium spp.,10,30,
N2-13VB,N2,13,WEST,VACCI,Vaccinium spp.,3,30,
N2-14V,N2,14,EAST,VACCI,Vaccinium spp.,T,100,
N2-14V,N2,14,NORTH,VACCI,Vaccinium spp.,3,200,
N2-14V,N2,14,WEST,VACCI,Vaccinium spp.,5,200,
N2-15VB,N2,15,EAST,VACCI,Vaccinium spp.,10,150,
N2-15VB,N2,15,NORTH,VACCI,Vaccinium spp.,8,60,
N2-15VB,N2,15,SOUTH,VACCI,Vaccinium spp.,10,75,
N2-15VB,N2,15,WEST,VACCI,Vaccinium spp.,12,35,
N2-18VB,N2,18,EAST,VACCI,Vaccinium spp.,18,50,
N2-18VB,N2,18,NORTH,VACCI,Vaccinium spp.,20,50,
N2-18VB,N2,18,SOUTH,VACCI,Vaccinium spp.,9,60,
N2-18VB,N2,18,WEST,VACCI,Vaccinium spp.,12,70,
N2-19V,N2,19,EAST,VACCI,Vaccinium spp.,4,30,
N2-19V,N2,19,NORTH,VACCI,Vaccinium spp.,10,50,
N2-19V,N2,19,SOUTH,VACCI,Vaccinium spp.,4,60,
N2-19V,N2,19,WEST,VACCI,Vaccinium spp.,2,50,
N2-20V,N2,20,EAST,VACCI,Vaccinium spp.,3,15,
N2-20V,N2,20,NORTH,VACCI,Vaccinium spp.,10,75,
N2-20V,N2,20,SOUTH,VACCI,Vaccinium spp.,T,5,
N2-21V,N2,21,EAST,VACCI,Vaccinium spp.,1,15,
N2-26VB,N2,26,EAST,VACCI,Vaccinium spp.,4,75,
N2-26VB,N2,26,NORTH,VACCI,Vaccinium spp.,15,65,
N2-26VB,N2,26,SOUTH,VACCI,Vaccinium spp.,,,"Listed as present, but missing % cover and height"
C1-3V,C1,3,NORTH,VAOV,Vaccinium ovalifolium,T,65,
C1-3V,C1,3,SOUTH,VAOV,Vaccinium ovalifolium,5,18,
C1-8VB,C1,8,EAST,VAOV,Vaccinium ovalifolium,2,40,
C1-8VB,C1,8,WEST,VAOV,Vaccinium ovalifolium,2,100,
C1-14VB,C1,14,WEST,VAOV,Vaccinium ovalifolium,T,10,
C1-24VB,C1,24,NORTH,VAOV,Vaccinium ovalifolium,1,25,
C1-24VB,C1,24,SOUTH,VAOV,Vaccinium ovalifolium,6,60,
C1-24VB,C1,24,WEST,VAOV,Vaccinium ovalifolium,2,75,
C1-25VB,C1,25,NORTH,VAOV,Vaccinium ovalifolium,T,25,
C1-25VB,C1,25,WEST,VAOV,Vaccinium ovalifolium,40,200,
C2-12VB,C2,12,SOUTH,VAOV,Vaccinium ovalifolium,T,40,
C2-13V,C2,13,WEST,VAOV,Vaccinium ovalifolium,10,100,
C2-15VB,C2,15,NORTH,VAOV,Vaccinium ovalifolium,8,40,
C2-15VB,C2,15,WEST,VAOV,Vaccinium ovalifolium,2,30,
C2-18VB,C2,18,EAST,VAOV,Vaccinium ovalifolium,2,250,
C2-23VB,C2,23,WEST,VAOV,Vaccinium ovalifolium,T,100,
C2-26V,C2,26,EAST,VAOV,Vaccinium ovalifolium,T,40,
C2-26V,C2,26,NORTH,VAOV,Vaccinium ovalifolium,3,60,
C2-26V,C2,26,SOUTH,VAOV,Vaccinium ovalifolium,2,30,
N1-14VB,N1,14,NORTH,VAOV,Vaccinium ovalifolium,5,225,
N1-14VB,N1,14,WEST,VAOV,Vaccinium ovalifolium,T,10,
N1-25VB,N1,25,NORTH,VAOV,Vaccinium ovalifolium,1,20,
N2-10VB,N2,10,WEST,VAOV,Vaccinium ovalifolium,9,300,
N2-21V,N2,21,WEST,VAOV,Vaccinium ovalifolium,2,200,
C1-3V,C1,3,NORTH,VAOV2,Vaccinium ovatum,T,10,
C1-8VB,C1,8,EAST,VAOV2,Vaccinium ovatum,T,10,
C1-8VB,C1,8,NORTH,VAOV2,Vaccinium ovatum,8,130,
C1-8VB,C1,8,SOUTH,VAOV2,Vaccinium ovatum,12,170,
C1-8VB,C1,8,WEST,VAOV2,Vaccinium ovatum,15,150,
C1-14VB,C1,14,EAST,VAOV2,Vaccinium ovatum,1,30,
C1-14VB,C1,14,SOUTH,VAOV2,Vaccinium ovatum,2,60,
C1-14VB,C1,14,WEST,VAOV2,Vaccinium ovatum,T,15,
C1-17V,C1,17,SOUTH,VAOV2,Vaccinium ovatum,1,60,
C1-17V,C1,17,WEST,VAOV2,Vaccinium ovatum,T,20,
C1-24VB,C1,24,EAST,VAOV2,Vaccinium ovatum,1,20,
C1-24VB,C1,24,SOUTH,VAOV2,Vaccinium ovatum,2,30,
C1-24VB,C1,24,WEST,VAOV2,Vaccinium ovatum,T,15,
C1-28VB,C1,28,WEST,VAOV2,Vaccinium ovatum,T,30,
C2-5VB,C2,5,EAST,VAOV2,Vaccinium ovatum,4,35,
C2-5VB,C2,5,SOUTH,VAOV2,Vaccinium ovatum,T,40,
C2-5VB,C2,5,WEST,VAOV2,Vaccinium ovatum,T,10,
C2-12VB,C2,12,NORTH,VAOV2,Vaccinium ovatum,4,40,
C2-12VB,C2,12,SOUTH,VAOV2,Vaccinium ovatum,T,30,
C2-13V,C2,13,EAST,VAOV2,Vaccinium ovatum,2,15,
C2-13V,C2,13,NORTH,VAOV2,Vaccinium ovatum,1,7,
C2-13V,C2,13,SOUTH,VAOV2,Vaccinium ovatum,1,7,
C2-13V,C2,13,WEST,VAOV2,Vaccinium ovatum,1,15,
C2-26V,C2,26,EAST,VAOV2,Vaccinium ovatum,T,35,
C2-26V,C2,26,SOUTH,VAOV2,Vaccinium ovatum,T,15,
N1-13V,N1,13,SOUTH,VAOV2,Vaccinium ovatum,3,75,
N1-18VB,N1,18,EAST,VAOV2,Vaccinium ovatum,6,35,
N1-18VB,N1,18,SOUTH,VAOV2,Vaccinium ovatum,T,15,
N1-21VB,N1,21,SOUTH,VAOV2,Vaccinium ovatum,T,10,
N1-21VB,N1,21,WEST,VAOV2,Vaccinium ovatum ,3,45,
N1-27V,N1,27,SOUTH,VAOV2,Vaccinium ovatum,2,20,
N2-10VB,N2,10,WEST,VAOV2,Vaccinium ovatum,T,5,
N2-21V,N2,21,SOUTH,VAOV2,Vaccinium ovatum,2,10,
C1-3V,C1,3,SOUTH,VAPA,Vaccinium parvifolium,10,200,
C1-4V,C1,4,EAST,VAPA,Vaccinium parvifolium,1,200,
C1-4V,C1,4,NORTH,VAPA,Vaccinium parvifolium,1,30,
C1-4V,C1,4,SOUTH,VAPA,Vaccinium parvifolium,2,150,
C1-4V,C1,4,WEST,VAPA,Vaccinium parvifolium,6,150,
C1-8VB,C1,8,EAST,VAPA,Vaccinium parvifolium,5,95,
C1-8VB,C1,8,NORTH,VAPA,Vaccinium parvifolium,13,75,
C1-8VB,C1,8,SOUTH,VAPA,Vaccinium parvifolium,5,100,
C1-8VB,C1,8,WEST,VAPA,Vaccinium parvifolium,9,60,
C1-14VB,C1,14,EAST,VAPA,Vaccinium parvifolium,3,70,
C1-14VB,C1,14,SOUTH,VAPA,Vaccinium parvifolium,3,75,
C1-18V,C1,18,EAST,VAPA,Vaccinium parvifolium,1,5,
C1-24VB,C1,24,EAST,VAPA,Vaccinium parvifolium,5,150,
C1-24VB,C1,24,NORTH,VAPA,Vaccinium parvifolium,1,50,
C1-24VB,C1,24,SOUTH,VAPA,Vaccinium parvifolium,1,25,
C1-24VB,C1,24,WEST,VAPA,Vaccinium parvifolium,5,100,
C1-25VB,C1,25,NORTH,VAPA,Vaccinium parvifolium,1,25,
C1-28VB,C1,28,NORTH,VAPA,Vaccinium parvifolium,4,200,
C1-28VB,C1,28,WEST,VAPA,Vaccinium parvifolium,1,40,
C2-11VB,C2,11,NORTH,VAPA,Vaccinium parvifolium,2,35,
C2-12VB,C2,12,EAST,VAPA,Vaccinium parvifolium,7,200,
C2-12VB,C2,12,NORTH,VAPA,Vaccinium parvifolium,3,60,
C2-12VB,C2,12,SOUTH,VAPA,Vaccinium parvifolium,T,25,
C2-12VB,C2,12,WEST,VAPA,Vaccinium parvifolium,5,50,
C2-13V,C2,13,EAST,VAPA,Vaccinium parvifolium,4,40,
C2-13V,C2,13,NORTH,VAPA,Vaccinium parvifolium,2,8,
C2-13V,C2,13,SOUTH,VAPA,Vaccinium parvifolium,5,45,
C2-13V,C2,13,WEST,VAPA,Vaccinium parvifolium,1,40,
C2-15VB,C2,15,SOUTH,VAPA,Vaccinium parvifolium,2,45,
C2-20VB,C2,20,EAST,VAPA,Vaccinium parvifolium,1,12,
C2-20VB,C2,20,SOUTH,VAPA,Vaccinium parvifolium,T,5,
C2-23VB,C2,23,NORTH,VAPA,Vaccinium parvifolium,T,30,
C2-23VB,C2,23,SOUTH,VAPA,Vaccinium parvifolium,17,150,
C2-23VB,C2,23,WEST,VAPA,Vaccinium parvifolium,1,30,
C2-25VB,C2,25,EAST,VAPA,Vaccinium parvifolium,1,40,
C2-25VB,C2,25,SOUTH,VAPA,Vaccinium parvifolium,5,150,
C2-26V,C2,26,EAST,VAPA,Vaccinium parvifolium,T,35,
C2-26V,C2,26,NORTH,VAPA,Vaccinium parvifolium,5,17,
C2-26V,C2,26,WEST,VAPA,Vaccinium parvifolium,7,40,
N1-13V,N1,13,SOUTH,VAPA,Vaccinium parvifolium,7,75,
N1-14VB,N1,14,EAST,VAPA,Vaccinium parvifolium,T,50,
N1-14VB,N1,14,WEST,VAPA,Vaccinium parvifolium,T,20,
N1-17VB,N1,17,NORTH,VAPA,Vaccinium parvifolium,T,30,
N1-17VB,N1,17,WEST,VAPA,Vaccinium parvifolium,1,75,
N1-19V,N1,19,NORTH,VAPA,Vaccinium parvifolium,3,300,
N1-20V,N1,20,SOUTH,VAPA,Vaccinium parvifolium,T,40,
N1-20V,N1,20,WEST,VAPA,Vaccinium parvifolium,7,300,
N1-24VB,N1,24,EAST,VAPA,Vaccinium parvifolium,5,300,
N1-24VB,N1,24,NORTH,VAPA,Vaccinium parvifolium,1,20,
N1-27V,N1,27,EAST,VAPA,Vaccinium parvifolium,1,100,
N2-21V,N2,21,SOUTH,VAPA,Vaccinium parvifolium,T,5,
C1-3V,C1,3,EAST,VIOLA,Viola spp. ,T,3,
C1-3V,C1,3,NORTH,VIOLA,Viola spp. ,T,5,
C1-13VB,C1,13,NORTH,VIOLA,Viola spp. ,T,5,
C1-13VB,C1,13,WEST,VIOLA,Viola spp. ,T,4,
C1-14VB,C1,14,EAST,VIOLA,Viola spp. ,1,3,
C1-14VB,C1,14,NORTH,VIOLA,Viola spp. ,4,10,
C1-24VB,C1,24,NORTH,VIOLA,Viola spp. ,1,3,
C2-17VB,C2,17,WEST,VIOLA,Viola spp. ,1,10,
N1-17VB,N1,17,EAST,VIOLA,Viola spp. ,T,3,
N2-10VB,N2,10,SOUTH,VIOLA,Viola spp. ,1,4,
N2-26VB,N2,26,NORTH,VIOLA,Viola spp. ,T,3,
N2-26VB,N2,26,SOUTH,VIOLA,Viola spp. ,T,3,
C1-28VB,C1,28,EAST,,,,,NONE
C2-4V,C2,4,NORTH,,,,,NONE
C2-25VB,C2,25,WEST,,,,,NONE
N1-10VB,N1,10,SOUTH,,,,,NONE
N1-20V,N1,20,EAST,,,,,NONE
N1-22V,N1,22,EAST,,,,,NONE
,,,,,,,,
,,,,,,,,
,,,,,,,,
,,,,,,,,
,,,,,,,,
,,,,,,,,
,,,,,,,,
,,,,,,,,
,,,,,,,,
,,,,,,,,
,,,,,,,,
,,,,,,,,
,,,,,,,,
,,,,,,,,
,,,,,,,,
,,,,,,,,
,,,,,,,,
,,,,,,,,
,,,,,,,,
,,,,,,,,
,,,,,,,,
,,,,,,,,
,,,,,,,,
,,,,,,,,
,,,,,,,,
,,,,,,,,
,,,,,,,,
,,,,,,,,
,,,,,,,,
,,,,,,,,
,,,,,,,,
,,,,,,,,
,,,,,,,,
,,,,,,,,
,,,,,,,,
,,,,,,,,
,,,,,,,,
,,,,,,,,
,,,,,,,,
,,,,,,,,
,,,,,,,,
,,,,,,,,
,,,,,,,,
,,,,,,,,
,,,,,,,,
,,,,,,,,
,,,,,,,,
,,,,,,,,
,,,,,,,,
,,,,,,,,
,,,,,,,,
,,,,,,,,
,,,,,,,,
,,,,,,,,
,,,,,,,,
,,,,,,,,
,,,,,,,,
,,,,,,,,
,,,,,,,,
,,,,,,,,
,,,,,,,,
,,,,,,,,
,,,,,,,,
,,,,,,,,
,,,,,,,,
,,,,,,,,
,,,,,,,,
,,,,,,,,
,,,,,,,,
,,,,,,,,
,,,,,,,,
,,,,,,,,
,,,,,,,,
,,,,,,,,
,,,,,,,,
,,,,,,,,
,,,,,,,,
,,,,,,,,
,,,,,,,,
,,,,,,,,
,,,,,,,,
,,,,,,,,
,,,,,,,,
,,,,,,,,
,,,,,,,,
,,,,,,,,
,,,,,,,,
,,,,,,,,
,,,,,,,,
,,,,,,,,
,,,,,,,,
,,,,,,,,
,,,,,,,,
,,,,,,,,
,,,,,,,,
,,,,,,,,
,,,,,,,,
,,,,,,,,
,,,,,,,,
,,,,,,,,
,,,,,,,,
,,,,,,,,
,,,,,,,,
,,,,,,,,
,,,,,,,,
,,,,,,,,
,,,,,,,,
,,,,,,,,
,,,,,,,,
,,,,,,,,
,,,,,,,,
,,,,,,,,
,,,,,,,,
,,,,,,,,
,,,,,,,,
,,,,,,,,
,,,,,,,,
,,,,,,,,
,,,,,,,,
,,,,,,,,
,,,,,,,,
,,,,,,,,
,,,,,,,,
,,,,,,,,
,,,,,,,,
,,,,,,,,
,,,,,,,,
,,,,,,,,
,,,,,,,,
,,,,,,,,
,,,,,,,,
,,,,,,,,
,,,,,,,,
,,,,,,,,
,,,,,,,,
,,,,,,,,
,,,,,,,,
,,,,,,,,
,,,,,,,,
,,,,,,,,
,,,,,,,,
,,,,,,,,
,,,,,,,,
,,,,,,,,
,,,,,,,,
,,,,,,,,
,,,,,,,,
,,,,,,,,
,,,,,,,,
,,,,,,,,
,,,,,,,,
,,,,,,,,
,,,,,,,,
,,,,,,,,
,,,,,,,,
,,,,,,,,
,,,,,,,,
,,,,,,,,
,,,,,,,,
,,,,,,,,
,,,,,,,,
,,,,,,,,
,,,,,,,,
,,,,,,,,
,,,,,,,,
,,,,,,,,
,,,,,,,,
,,,,,,,,
,,,,,,,,
,,,,,,,,
,,,,,,,,
,,,,,,,,
,,,,,,,,
,,,,,,,,
,,,,,,,,
,,,,,,,,
,,,,,,,,
,,,,,,,,
,,,,,,,,
,,,,,,,,
,,,,,,,,
,,,,,,,,
,,,,,,,,
,,,,,,,,
,,,,,,,,
,,,,,,,,
,,,,,,,,
,,,,,,,,
,,,,,,,,
,,,,,,,,
,,,,,,,,
,,,,,,,,
,,,,,,,,
,,,,,,,,
,,,,,,,,
,,,,,,,,
,,,,,,,,
,,,,,,,,
,,,,,,,,
,,,,,,,,
,,,,,,,,
,,,,,,,,
,,,,,,,,
,,,,,,,,
,,,,,,,,
,,,,,,,,
,,,,,,,,
,,,,,,,,
,,,,,,,,
,,,,,,,,
,,,,,,,,
,,,,,,,,
,,,,,,,,
,,,,,,,,
,,,,,,,,
,,,,,,,,
,,,,,,,,
,,,,,,,,
,,,,,,,,
,,,,,,,,
,,,,,,,,
,,,,,,,,
,,,,,,,,
,,,,,,,,
,,,,,,,,
,,,,,,,,
,,,,,,,,
,,,,,,,,
,,,,,,,,
,,,,,,,,
,,,,,,,,
,,,,,,,,
,,,,,,,,
,,,,,,,,
,,,,,,,,
,,,,,,,,
,,,,,,,,
,,,,,,,,
,,,,,,,,
,,,,,,,,
,,,,,,,,
,,,,,,,,
,,,,,,,,
,,,,,,,,
,,,,,,,,
,,,,,,,,
,,,,,,,,
,,,,,,,,
,,,,,,,,
,,,,,,,,
,,,,,,,,
,,,,,,,,
,,,,,,,,
,,,,,,,,
,,,,,,,,
,,,,,,,,
,,,,,,,,
,,,,,,,,
,,,,,,,,
,,,,,,,,
,,,,,,,,
,,,,,,,,
,,,,,,,,
,,,,,,,,
,,,,,,,,
,,,,,,,,
,,,,,,,,
,,,,,,,,
,,,,,,,,
,,,,,,,,
,,,,,,,,
,,,,,,,,
,,,,,,,,
,,,,,,,,
,,,,,,,,
,,,,,,,,
,,,,,,,,
,,,,,,,,
,,,,,,,,
,,,,,,,,
,,,,,,,,
,,,,,,,,
,,,,,,,,
,,,,,,,,
,,,,,,,,
,,,,,,,,
,,,,,,,,
,,,,,,,,
,,,,,,,,
,,,,,,,,
,,,,,,,,
,,,,,,,,
,,,,,,,,
,,,,,,,,
,,,,,,,,
,,,,,,,,
,,,,,,,,
,,,,,,,,
,,,,,,,,
,,,,,,,,
,,,,,,,,
,,,,,,,,
,,,,,,,,
,,,,,,,,
,,,,,,,,
,,,,,,,,
,,,,,,,,
,,,,,,,,
,,,,,,,,
,,,,,,,,
,,,,,,,,
,,,,,,,,
,,,,,,,,
,,,,,,,,
,,,,,,,,
,,,,,,,,
,,,,,,,,
,,,,,,,,
,,,,,,,,
,,,,,,,,
,,,,,,,,
,,,,,,,,
,,,,,,,,
,,,,,,,,
,,,,,,,,
,,,,,,,,
,,,,,,,,
,,,,,,,,
,,,,,,,,
,,,,,,,,
,,,,,,,,
,,,,,,,,
,,,,,,,,
,,,,,,,,
,,,,,,,,
,,,,,,,,
,,,,,,,,
,,,,,,,,
,,,,,,,,
,,,,,,,,
,,,,,,,,
,,,,,,,,
,,,,,,,,
,,,,,,,,
,,,,,,,,
,,,,,,,,
,,,,,,,,
,,,,,,,,
,,,,,,,,
,,,,,,,,
,,,,,,,,
,,,,,,,,
,,,,,,,,
,,,,,,,,
,,,,,,,,
,,,,,,,,
,,,,,,,,
,,,,,,,,
,,,,,,,,
,,,,,,,,
,,,,,,,,
,,,,,,,,
,,,,,,,,
,,,,,,,,
,,,,,,,,
,,,,,,,,
,,,,,,,,
,,,,,,,,
,,,,,,,,
,,,,,,,,
,,,,,,,,
,,,,,,,,
,,,,,,,,
,,,,,,,,
,,,,,,,,
,,,,,,,,
,,,,,,,,
,,,,,,,,
,,,,,,,,
,,,,,,,,
,,,,,,,,
,,,,,,,,
,,,,,,,,
,,,,,,,,
,,,,,,,,
,,,,,,,,
,,,,,,,,
,,,,,,,,
,,,,,,,,
,,,,,,,,
,,,,,,,,
,,,,,,,,
,,,,,,,,
,,,,,,,,
,,,,,,,,
,,,,,,,,
,,,,,,,,
,,,,,,,,
,,,,,,,,
,,,,,,,,
,,,,,,,,
,,,,,,,,
,,,,,,,,
,,,,,,,,
,,,,,,,,
,,,,,,,,
,,,,,,,,
,,,,,,,,
,,,,,,,,
,,,,,,,,
,,,,,,,,
,,,,,,,,
,,,,,,,,
,,,,,,,,
,,,,,,,,
,,,,,,,,
,,,,,,,,
,,,,,,,,
,,,,,,,,
,,,,,,,,
,,,,,,,,
,,,,,,,,
,,,,,,,,
,,,,,,,,
,,,,,,,,
,,,,,,,,
,,,,,,,,
,,,,,,,,
,,,,,,,,
,,,,,,,,
,,,,,,,,
,,,,,,,,
,,,,,,,,
,,,,,,,,
,,,,,,,,
,,,,,,,,
,,,,,,,,
,,,,,,,,
,,,,,,,,
,,,,,,,,
,,,,,,,,
,,,,,,,,
,,,,,,,,
,,,,,,,,
,,,,,,,,
,,,,,,,,
,,,,,,,,
,,,,,,,,
,,,,,,,,
,,,,,,,,
,,,,,,,,
,,,,,,,,
,,,,,,,,
,,,,,,,,
,,,,,,,,
,,,,,,,,
,,,,,,,,
,,,,,,,,
,,,,,,,,
,,,,,,,,
,,,,,,,,
,,,,,,,,
,,,,,,,,
,,,,,,,,
,,,,,,,,
,,,,,,,,
,,,,,,,,
,,,,,,,,
,,,,,,,,
,,,,,,,,
,,,,,,,,
,,,,,,,,
,,,,,,,,
,,,,,,,,
,,,,,,,,
,,,,,,,,
,,,,,,,,
,,,,,,,,
,,,,,,,,
,,,,,,,,
,,,,,,,,
,,,,,,,,
,,,,,,,,
,,,,,,,,
,,,,,,,,
,,,,,,,,
,,,,,,,,
,,,,,,,,
,,,,,,,,
,,,,,,,,
,,,,,,,,
,,,,,,,,
,,,,,,,,
,,,,,,,,
,,,,,,,,
,,,,,,,,
,,,,,,,,
,,,,,,,,
,,,,,,,,
,,,,,,,,
,,,,,,,,
,,,,,,,,
,,,,,,,,
,,,,,,,,
,,,,,,,,
,,,,,,,,
,,,,,,,,
,,,,,,,,
,,,,,,,,
,,,,,,,,
,,,,,,,,
,,,,,,,,
,,,,,,,,
,,,,,,,,
,,,,,,,,
,,,,,,,,
,,,,,,,,
,,,,,,,,
,,,,,,,,
,,,,,,,,
,,,,,,,,
,,,,,,,,
,,,,,,,,
,,,,,,,,
,,,,,,,,
,,,,,,,,
,,,,,,,,
,,,,,,,,
,,,,,,,,
,,,,,,,,
,,,,,,,,
,,,,,,,,
,,,,,,,,
,,,,,,,,
,,,,,,,,
,,,,,,,,
,,,,,,,,
,,,,,,,,
,,,,,,,,
,,,,,,,,
,,,,,,,,
,,,,,,,,
,,,,,,,,
,,,,,,,,
,,,,,,,,
,,,,,,,,
,,,,,,,,
,,,,,,,,
,,,,,,,,
,,,,,,,,
,,,,,,,,
,,,,,,,,
,,,,,,,,
,,,,,,,,
,,,,,,,,
,,,,,,,,
,,,,,,,,
,,,,,,,,
,,,,,,,,
,,,,,,,,
,,,,,,,,
,,,,,,,,
,,,,,,,,
,,,,,,,,
,,,,,,,,
,,,,,,,,
,,,,,,,,
,,,,,,,,
,,,,,,,,
,,,,,,,,
,,,,,,,,
,,,,,,,,
,,,,,,,,
,,,,,,,,
,,,,,,,,
,,,,,,,,
,,,,,,,,
,,,,,,,,
,,,,,,,,
,,,,,,,,
,,,,,,,,
,,,,,,,,
,,,,,,,,
,,,,,,,,
,,,,,,,,
,,,,,,,,
,,,,,,,,
,,,,,,,,
,,,,,,,,
,,,,,,,,
,,,,,,,,
,,,,,,,,
,,,,,,,,
,,,,,,,,
,,,,,,,,
,,,,,,,,
,,,,,,,,
,,,,,,,,
,,,,,,,,
,,,,,,,,
,,,,,,,,
,,,,,,,,
,,,,,,,,
,,,,,,,,
,,,,,,,,
,,,,,,,,
,,,,,,,,
,,,,,,,,
,,,,,,,,
,,,,,,,,
,,,,,,,,
,,,,,,,,
,,,,,,,,
,,,,,,,,
,,,,,,,,
,,,,,,,,
,,,,,,,,
,,,,,,,,
,,,,,,,,
,,,,,,,,
,,,,,,,,
,,,,,,,,
,,,,,,,,
,,,,,,,,
,,,,,,,,
,,,,,,,,
,,,,,,,,
,,,,,,,,
,,,,,,,,
,,,,,,,,
,,,,,,,,
,,,,,,,,
,,,,,,,,
,,,,,,,,
,,,,,,,,
,,,,,,,,
,,,,,,,,
,,,,,,,,
,,,,,,,,
,,,,,,,,
,,,,,,,,
,,,,,,,,
,,,,,,,,
,,,,,,,,
,,,,,,,,
,,,,,,,,
,,,,,,,,
,,,,,,,,
,,,,,,,,
,,,,,,,,
,,,,,,,,
,,,,,,,,
,,,,,,,,
,,,,,,,,
,,,,,,,,
,,,,,,,,
,,,,,,,,
,,,,,,,,
,,,,,,,,
,,,,,,,,
,,,,,,,,
,,,,,,,,
,,,,,,,,
,,,,,,,,
,,,,,,,,
,,,,,,,,
,,,,,,,,
,,,,,,,,
,,,,,,,,
,,,,,,,,
,,,,,,,,
,,,,,,,,
,,,,,,,,
,,,,,,,,
,,,,,,,,
,,,,,,,,
,,,,,,,,
,,,,,,,,
,,,,,,,,
,,,,,,,,
,,,,,,,,
,,,,,,,,
,,,,,,,,
,,,,,,,,
,,,,,,,,
,,,,,,,,
,,,,,,,,
,,,,,,,,
,,,,,,,,
,,,,,,,,
,,,,,,,,
,,,,,,,,
,,,,,,,,
,,,,,,,,
,,,,,,,,
,,,,,,,,
,,,,,,,,
,,,,,,,,
,,,,,,,,
,,,,,,,,
,,,,,,,,
,,,,,,,,
,,,,,,,,
,,,,,,,,
,,,,,,,,
,,,,,,,,
,,,,,,,,
,,,,,,,,
,,,,,,,,
,,,,,,,,
,,,,,,,,
,,,,,,,,
,,,,,,,,
,,,,,,,,
,,,,,,,,
,,,,,,,,
,,,,,,,,
,,,,,,,,
,,,,,,,,
,,,,,,,,
,,,,,,,,
,,,,,,,,
,,,,,,,,
,,,,,,,,
,,,,,,,,
,,,,,,,,
,,,,,,,,
,,,,,,,,
,,,,,,,,
,,,,,,,,
,,,,,,,,
,,,,,,,,
,,,,,,,,
,,,,,,,,
,,,,,,,,
,,,,,,,,
,,,,,,,,
,,,,,,,,
,,,,,,,,
,,,,,,,,
,,,,,,,,
,,,,,,,,
,,,,,,,,
,,,,,,,,
,,,,,,,,
,,,,,,,,
,,,,,,,,
,,,,,,,,
,,,,,,,,
,,,,,,,,
,,,,,,,,
,,,,,,,,
,,,,,,,,
,,,,,,,,
,,,,,,,,
,,,,,,,,
,,,,,,,,
,,,,,,,,
,,,,,,,,
,,,,,,,,
,,,,,,,,
,,,,,,,,
,,,,,,,,
,,,,,,,,
,,,,,,,,
,,,,,,,,
,,,,,,,,
,,,,,,,,
,,,,,,,,
,,,,,,,,
,,,,,,,,
,,,,,,,,
,,,,,,,,
,,,,,,,,
,,,,,,,,
,,,,,,,,
,,,,,,,,
,,,,,,,,
,,,,,,,,
,,,,,,,,
,,,,,,,,
,,,,,,,,
,,,,,,,,
,,,,,,,,
,,,,,,,,
,,,,,,,,
,,,,,,,,
,,,,,,,,
,,,,,,,,
,,,,,,,,
,,,,,,,,
,,,,,,,,
,,,,,,,,
,,,,,,,,
,,,,,,,,
,,,,,,,,
,,,,,,,,
,,,,,,,,
,,,,,,,,
,,,,,,,,
,,,,,,,,
,,,,,,,,
,,,,,,,,
,,,,,,,,
,,,,,,,,
,,,,,,,,
,,,,,,,,
,,,,,,,,
,,,,,,,,
,,,,,,,,
,,,,,,,,
,,,,,,,,
,,,,,,,,
,,,,,,,,
,,,,,,,,
,,,,,,,,
,,,,,,,,
,,,,,,,,
,,,,,,,,
,,,,,,,,
,,,,,,,,
,,,,,,,,
,,,,,,,,
,,,,,,,,
,,,,,,,,
,,,,,,,,
,,,,,,,,
,,,,,,,,
,,,,,,,,
,,,,,,,,
,,,,,,,,
,,,,,,,,
,,,,,,,,
,,,,,,,,
,,,,,,,,
,,,,,,,,
,,,,,,,,
,,,,,,,,
,,,,,,,,
,,,,,,,,
,,,,,,,,
,,,,,,,,
,,,,,,,,
,,,,,,,,
,,,,,,,,
,,,,,,,,
,,,,,,,,
,,,,,,,,
,,,,,,,,
,,,,,,,,
,,,,,,,,
,,,,,,,,
,,,,,,,,
,,,,,,,,
,,,,,,,,
,,,,,,,,
,,,,,,,,
,,,,,,,,
,,,,,,,,
,,,,,,,,
,,,,,,,,
,,,,,,,,
,,,,,,,,
,,,,,,,,
,,,,,,,,
,,,,,,,,
,,,,,,,,
,,,,,,,,
,,,,,,,,
,,,,,,,,
,,,,,,,,
,,,,,,,,
,,,,,,,,
,,,,,,,,
,,,,,,,,
,,,,,,,,
,,,,,,,,
,,,,,,,,
,,,,,,,,
,,,,,,,,
,,,,,,,,
,,,,,,,,
,,,,,,,,
,,,,,,,,
,,,,,,,,
,,,,,,,,
,,,,,,,,
,,,,,,,,
,,,,,,,,
,,,,,,,,
,,,,,,,,
,,,,,,,,
,,,,,,,,
,,,,,,,,
,,,,,,,,
,,,,,,,,
,,,,,,,,
,,,,,,,,
,,,,,,,,
,,,,,,,,
,,,,,,,,
,,,,,,,,
,,,,,,,,
,,,,,,,,
,,,,,,,,
,,,,,,,,
,,,,,,,,
,,,,,,,,
,,,,,,,,
,,,,,,,,
,,,,,,,,
,,,,,,,,
,,,,,,,,
,,,,,,,,
,,,,,,,,
,,,,,,,,
,,,,,,,,
,,,,,,,,
,,,,,,,,
,,,,,,,,
,,,,,,,,
,,,,,,,,
,,,,,,,,
,,,,,,,,
,,,,,,,,
,,,,,,,,
,,,,,,,,
,,,,,,,,
,,,,,,,,
,,,,,,,,
,,,,,,,,
,,,,,,,,
,,,,,,,,
,,,,,,,,
,,,,,,,,
,,,,,,,,
,,,,,,,,
,,,,,,,,
,,,,,,,,
,,,,,,,,
,,,,,,,,
,,,,,,,,
,,,,,,,,
,,,,,,,,
,,,,,,,,
,,,,,,,,
,,,,,,,,
,,,,,,,,
,,,,,,,,
,,,,,,,,
,,,,,,,,
,,,,,,,,
,,,,,,,,
,,,,,,,,
,,,,,,,,
,,,,,,,,
,,,,,,,,
,,,,,,,,
,,,,,,,,
,,,,,,,,
,,,,,,,,
,,,,,,,,
,,,,,,,,
,,,,,,,,
,,,,,,,,
,,,,,,,,
,,,,,,,,
,,,,,,,,
,,,,,,,,
,,,,,,,,
,,,,,,,,
,,,,,,,,
,,,,,,,,
,,,,,,,,
,,,,,,,,
,,,,,,,,
,,,,,,,,
,,,,,,,,
,,,,,,,,
,,,,,,,,
,,,,,,,,
,,,,,,,,
,,,,,,,,
,,,,,,,,
,,,,,,,,
,,,,,,,,
,,,,,,,,
,,,,,,,,
,,,,,,,,
,,,,,,,,
,,,,,,,,
,,,,,,,,
,,,,,,,,
,,,,,,,,
,,,,,,,,
,,,,,,,,
,,,,,,,,
,,,,,,,,
,,,,,,,,
,,,,,,,,
,,,,,,,,
,,,,,,,,
,,,,,,,,
,,,,,,,,
,,,,,,,,
,,,,,,,,
,,,,,,,,
,,,,,,,,
,,,,,,,,
,,,,,,,,
,,,,,,,,
,,,,,,,,
,,,,,,,,
,,,,,,,,
,,,,,,,,
,,,,,,,,
,,,,,,,,
,,,,,,,,
,,,,,,,,
,,,,,,,,
,,,,,,,,
,,,,,,,,
,,,,,,,,
,,,,,,,,
,,,,,,,,
,,,,,,,,
,,,,,,,,
,,,,,,,,
,,,,,,,,
,,,,,,,,
,,,,,,,,
,,,,,,,,
,,,,,,,,
,,,,,,,,
,,,,,,,,
,,,,,,,,
,,,,,,,,
,,,,,,,,
,,,,,,,,
,,,,,,,,
,,,,,,,,
,,,,,,,,
,,,,,,,,
,,,,,,,,
,,,,,,,,
,,,,,,,,
,,,,,,,,
,,,,,,,,
,,,,,,,,
,,,,,,,,
,,,,,,,,
,,,,,,,,
,,,,,,,,
,,,,,,,,
,,,,,,,,
,,,,,,,,
,,,,,,,,
,,,,,,,,
,,,,,,,,
,,,,,,,,
,,,,,,,,
,,,,,,,,
,,,,,,,,
,,,,,,,,
,,,,,,,,
,,,,,,,,
,,,,,,,,
,,,,,,,,
,,,,,,,,
,,,,,,,,
,,,,,,,,
,,,,,,,,
,,,,,,,,
,,,,,,,,
,,,,,,,,
,,,,,,,,
,,,,,,,,
,,,,,,,,
,,,,,,,,
,,,,,,,,
,,,,,,,,
,,,,,,,,
,,,,,,,,
,,,,,,,,
,,,,,,,,
,,,,,,,,
,,,,,,,,
,,,,,,,,
,,,,,,,,
,,,,,,,,
,,,,,,,,
,,,,,,,,
,,,,,,,,
,,,,,,,,
,,,,,,,,
,,,,,,,,
,,,,,,,,
,,,,,,,,
,,,,,,,,
,,,,,,,,
,,,,,,,,
,,,,,,,,
,,,,,,,,
,,,,,,,,
,,,,,,,,
,,,,,,,,
,,,,,,,,
,,,,,,,,
,,,,,,,,
,,,,,,,,
,,,,,,,,
,,,,,,,,
,,,,,,,,
,,,,,,,,
,,,,,,,,
,,,,,,,,
,,,,,,,,
,,,,,,,,
,,,,,,,,
,,,,,,,,
,,,,,,,,
,,,,,,,,
,,,,,,,,
,,,,,,,,
,,,,,,,,
,,,,,,,,
,,,,,,,,
,,,,,,,,
,,,,,,,,
,,,,,,,,
,,,,,,,,
,,,,,,,,
,,,,,,,,
,,,,,,,,
,,,,,,,,
,,,,,,,,
,,,,,,,,
,,,,,,,,
,,,,,,,,
,,,,,,,,
,,,,,,,,
,,,,,,,,
,,,,,,,,
,,,,,,,,
,,,,,,,,
,,,,,,,,
,,,,,,,,
,,,,,,,,
,,,,,,,,
,,,,,,,,
,,,,,,,,
,,,,,,,,
,,,,,,,,
,,,,,,,,
,,,,,,,,
,,,,,,,,
,,,,,,,,
,,,,,,,,
,,,,,,,,
,,,,,,,,
,,,,,,,,
,,,,,,,,
,,,,,,,,
,,,,,,,,
,,,,,,,,
,,,,,,,,
,,,,,,,,
,,,,,,,,
,,,,,,,,
,,,,,,,,
,,,,,,,,
,,,,,,,,
,,,,,,,,
,,,,,,,,
,,,,,,,,
,,,,,,,,
,,,,,,,,
,,,,,,,,
,,,,,,,,
,,,,,,,,
,,,,,,,,
,,,,,,,,
,,,,,,,,
,,,,,,,,
,,,,,,,,
,,,,,,,,
,,,,,,,,
,,,,,,,,
,,,,,,,,
,,,,,,,,
,,,,,,,,
,,,,,,,,
,,,,,,,,
,,,,,,,,
,,,,,,,,
,,,,,,,,
,,,,,,,,
,,,,,,,,
,,,,,,,,
,,,,,,,,
,,,,,,,,
,,,,,,,,
,,,,,,,,
,,,,,,,,
,,,,,,,,
,,,,,,,,
,,,,,,,,
,,,,,,,,
,,,,,,,,
,,,,,,,,
,,,,,,,,
,,,,,,,,
,,,,,,,,
,,,,,,,,
,,,,,,,,
,,,,,,,,
,,,,,,,,
,,,,,,,,
,,,,,,,,
,,,,,,,,
,,,,,,,,
,,,,,,,,
,,,,,,,,
,,,,,,,,
,,,,,,,,
,,,,,,,,
,,,,,,,,
,,,,,,,,
,,,,,,,,
,,,,,,,,
,,,,,,,,
,,,,,,,,
,,,,,,,,
,,,,,,,,
,,,,,,,,
,,,,,,,,
,,,,,,,,
,,,,,,,,
,,,,,,,,
,,,,,,,,
,,,,,,,,
,,,,,,,,
,,,,,,,,
,,,,,,,,
,,,,,,,,
,,,,,,,,
,,,,,,,,
,,,,,,,,
,,,,,,,,
,,,,,,,,
,,,,,,,,
,,,,,,,,
,,,,,,,,
,,,,,,,,
,,,,,,,,
,,,,,,,,
,,,,,,,,
,,,,,,,,
,,,,,,,,
,,,,,,,,
,,,,,,,,
,,,,,,,,
,,,,,,,,
,,,,,,,,
,,,,,,,,
,,,,,,,,
,,,,,,,,
,,,,,,,,
,,,,,,,,
,,,,,,,,
,,,,,,,,
,,,,,,,,
,,,,,,,,
,,,,,,,,
,,,,,,,,
,,,,,,,,
,,,,,,,,
,,,,,,,,
,,,,,,,,
,,,,,,,,
,,,,,,,,
,,,,,,,,
,,,,,,,,
,,,,,,,,
,,,,,,,,
,,,,,,,,
,,,,,,,,
,,,,,,,,
,,,,,,,,
,,,,,,,,
,,,,,,,,
,,,,,,,,
,,,,,,,,
,,,,,,,,
,,,,,,,,
,,,,,,,,
,,,,,,,,
,,,,,,,,
,,,,,,,,
,,,,,,,,
,,,,,,,,
,,,,,,,,
,,,,,,,,
,,,,,,,,
,,,,,,,,
,,,,,,,,
,,,,,,,,
,,,,,,,,
,,,,,,,,
,,,,,,,,
,,,,,,,,
,,,,,,,,
,,,,,,,,
,,,,,,,,
,,,,,,,,
,,,,,,,,
,,,,,,,,
,,,,,,,,
,,,,,,,,
,,,,,,,,
,,,,,,,,
,,,,,,,,
,,,,,,,,
,,,,,,,,
,,,,,,,,
,,,,,,,,
,,,,,,,,
,,,,,,,,
,,,,,,,,
,,,,,,,,
,,,,,,,,
,,,,,,,,
,,,,,,,,
,,,,,,,,
,,,,,,,,
,,,,,,,,
,,,,,,,,
,,,,,,,,
,,,,,,,,
,,,,,,,,
,,,,,,,,
,,,,,,,,
,,,,,,,,
,,,,,,,,
,,,,,,,,
,,,,,,,,
,,,,,,,,
,,,,,,,,
,,,,,,,,
,,,,,,,,
,,,,,,,,
,,,,,,,,
,,,,,,,,
,,,,,,,,
,,,,,,,,
,,,,,,,,
,,,,,,,,
,,,,,,,,
,,,,,,,,
,,,,,,,,
,,,,,,,,
,,,,,,,,
,,,,,,,,
,,,,,,,,
,,,,,,,,
,,,,,,,,
,,,,,,,,
,,,,,,,,
,,,,,,,,
,,,,,,,,
,,,,,,,,
,,,,,,,,
,,,,,,,,
,,,,,,,,
,,,,,,,,
,,,,,,,,
,,,,,,,,
,,,,,,,,
,,,,,,,,
,,,,,,,,
,,,,,,,,
,,,,,,,,
,,,,,,,,
,,,,,,,,
,,,,,,,,
,,,,,,,,
,,,,,,,,
,,,,,,,,
,,,,,,,,
,,,,,,,,
,,,,,,,,
,,,,,,,,
,,,,,,,,
,,,,,,,,
,,,,,,,,
,,,,,,,,
,,,,,,,,
,,,,,,,,
,,,,,,,,
,,,,,,,,
,,,,,,,,
,,,,,,,,
,,,,,,,,
,,,,,,,,
,,,,,,,,
,,,,,,,,
,,,,,,,,
,,,,,,,,
,,,,,,,,
,,,,,,,,
,,,,,,,,
,,,,,,,,
,,,,,,,,
,,,,,,,,
,,,,,,,,
,,,,,,,,
,,,,,,,,
,,,,,,,,
,,,,,,,,
,,,,,,,,
,,,,,,,,
,,,,,,,,
,,,,,,,,
,,,,,,,,
,,,,,,,,
,,,,,,,,
,,,,,,,,
,,,,,,,,
,,,,,,,,
,,,,,,,,
,,,,,,,,
,,,,,,,,
,,,,,,,,
,,,,,,,,
,,,,,,,,
,,,,,,,,
,,,,,,,,
,,,,,,,,
,,,,,,,,
,,,,,,,,
,,,,,,,,
,,,,,,,,
,,,,,,,,
,,,,,,,,
,,,,,,,,
,,,,,,,,
,,,,,,,,
,,,,,,,,
,,,,,,,,
,,,,,,,,
,,,,,,,,
,,,,,,,,
,,,,,,,,
,,,,,,,,
,,,,,,,,
,,,,,,,,
,,,,,,,,
,,,,,,,,
,,,,,,,,
,,,,,,,,
,,,,,,,,
,,,,,,,,
,,,,,,,,
,,,,,,,,
,,,,,,,,
,,,,,,,,
,,,,,,,,
,,,,,,,,
,,,,,,,,
,,,,,,,,
,,,,,,,,
,,,,,,,,
,,,,,,,,
,,,,,,,,
,,,,,,,,
,,,,,,,,
,,,,,,,,
,,,,,,,,
,,,,,,,,
,,,,,,,,
,,,,,,,,
,,,,,,,,
,,,,,,,,
,,,,,,,,
,,,,,,,,
,,,,,,,,
,,,,,,,,
,,,,,,,,
,,,,,,,,
,,,,,,,,
,,,,,,,,
,,,,,,,,
,,,,,,,,
,,,,,,,,
,,,,,,,,
,,,,,,,,
,,,,,,,,
,,,,,,,,
,,,,,,,,
,,,,,,,,
,,,,,,,,
,,,,,,,,
,,,,,,,,
,,,,,,,,
,,,,,,,,
,,,,,,,,
,,,,,,,,
,,,,,,,,
,,,,,,,,
,,,,,,,,
,,,,,,,,
,,,,,,,,
,,,,,,,,
,,,,,,,,
,,,,,,,,
,,,,,,,,
,,,,,,,,
,,,,,,,,
,,,,,,,,
,,,,,,,,
,,,,,,,,
,,,,,,,,
,,,,,,,,
,,,,,,,,
,,,,,,,,
,,,,,,,,
,,,,,,,,
,,,,,,,,
,,,,,,,,
,,,,,,,,
,,,,,,,,
,,,,,,,,
,,,,,,,,
,,,,,,,,
,,,,,,,,
,,,,,,,,
,,,,,,,,
,,,,,,,,
,,,,,,,,
,,,,,,,,
,,,,,,,,
,,,,,,,,
,,,,,,,,
,,,,,,,,
,,,,,,,,
,,,,,,,,
,,,,,,,,
,,,,,,,,
,,,,,,,,
,,,,,,,,
,,,,,,,,
,,,,,,,,
,,,,,,,,
,,,,,,,,
,,,,,,,,
,,,,,,,,
,,,,,,,,
,,,,,,,,
,,,,,,,,
,,,,,,,,
,,,,,,,,
,,,,,,,,
,,,,,,,,
,,,,,,,,
,,,,,,,,
,,,,,,,,
,,,,,,,,
,,,,,,,,
,,,,,,,,
,,,,,,,,
,,,,,,,,
,,,,,,,,
,,,,,,,,
,,,,,,,,
,,,,,,,,
,,,,,,,,
,,,,,,,,
,,,,,,,,
,,,,,,,,
,,,,,,,,
,,,,,,,,
,,,,,,,,
,,,,,,,,
,,,,,,,,
,,,,,,,,
,,,,,,,,
,,,,,,,,
,,,,,,,,
,,,,,,,,
,,,,,,,,
,,,,,,,,
,,,,,,,,
,,,,,,,,
,,,,,,,,
,,,,,,,,
,,,,,,,,
,,,,,,,,
,,,,,,,,
,,,,,,,,
,,,,,,,,
,,,,,,,,
,,,,,,,,
,,,,,,,,
,,,,,,,,
,,,,,,,,
,,,,,,,,
,,,,,,,,
,,,,,,,,
,,,,,,,,
,,,,,,,,
,,,,,,,,
,,,,,,,,
,,,,,,,,
,,,,,,,,
,,,,,,,,
,,,,,,,,
,,,,,,,,
,,,,,,,,
,,,,,,,,
,,,,,,,,
,,,,,,,,
,,,,,,,,
,,,,,,,,
,,,,,,,,
,,,,,,,,
,,,,,,,,
,,,,,,,,
,,,,,,,,
,,,,,,,,
,,,,,,,,
,,,,,,,,
,,,,,,,,
,,,,,,,,
,,,,,,,,
,,,,,,,,
,,,,,,,,
,,,,,,,,
,,,,,,,,
,,,,,,,,
,,,,,,,,
,,,,,,,,
,,,,,,,,
,,,,,,,,
,,,,,,,,
,,,,,,,,
,,,,,,,,
,,,,,,,,
,,,,,,,,
,,,,,,,,
,,,,,,,,
,,,,,,,,
,,,,,,,,
,,,,,,,,
,,,,,,,,
,,,,,,,,
,,,,,,,,
,,,,,,,,
,,,,,,,,
,,,,,,,,
,,,,,,,,
,,,,,,,,
,,,,,,,,
,,,,,,,,
,,,,,,,,
,,,,,,,,
,,,,,,,,
,,,,,,,,
,,,,,,,,
,,,,,,,,
,,,,,,,,
,,,,,,,,
,,,,,,,,
,,,,,,,,
,,,,,,,,
,,,,,,,,
,,,,,,,,
,,,,,,,,
,,,,,,,,
,,,,,,,,
,,,,,,,,
,,,,,,,,
,,,,,,,,
,,,,,,,,
,,,,,,,,
,,,,,,,,
,,,,,,,,
,,,,,,,,
,,,,,,,,
,,,,,,,,
,,,,,,,,
,,,,,,,,
,,,,,,,,
,,,,,,,,
,,,,,,,,
,,,,,,,,
,,,,,,,,
,,,,,,,,
,,,,,,,,
,,,,,,,,
,,,,,,,,
,,,,,,,,
,,,,,,,,
,,,,,,,,
,,,,,,,,
,,,,,,,,
,,,,,,,,
,,,,,,,,
,,,,,,,,
,,,,,,,,
,,,,,,,,
,,,,,,,,
,,,,,,,,
,,,,,,,,
,,,,,,,,
,,,,,,,,
,,,,,,,,
,,,,,,,,
,,,,,,,,
,,,,,,,,
,,,,,,,,
,,,,,,,,
,,,,,,,,
,,,,,,,,
,,,,,,,,
,,,,,,,,
,,,,,,,,
,,,,,,,,
,,,,,,,,
,,,,,,,,
,,,,,,,,
,,,,,,,,
,,,,,,,,
,,,,,,,,
,,,,,,,,
,,,,,,,,
,,,,,,,,
,,,,,,,,
,,,,,,,,
,,,,,,,,
,,,,,,,,
,,,,,,,,
,,,,,,,,
,,,,,,,,
,,,,,,,,
,,,,,,,,
,,,,,,,,
,,,,,,,,
,,,,,,,,
,,,,,,,,
,,,,,,,,
,,,,,,,,
,,,,,,,,
,,,,,,,,
,,,,,,,,
,,,,,,,,
,,,,,,,,
,,,,,,,,
,,,,,,,,
,,,,,,,,
,,,,,,,,
,,,,,,,,
,,,,,,,,
,,,,,,,,
,,,,,,,,
,,,,,,,,
,,,,,,,,
,,,,,,,,
,,,,,,,,
,,,,,,,,
,,,,,,,,
,,,,,,,,
,,,,,,,,
,,,,,,,,
,,,,,,,,
,,,,,,,,
,,,,,,,,
,,,,,,,,
,,,,,,,,
,,,,,,,,
,,,,,,,,
,,,,,,,,
,,,,,,,,
,,,,,,,,
,,,,,,,,
,,,,,,,,
,,,,,,,,
,,,,,,,,
,,,,,,,,
,,,,,,,,
,,,,,,,,
,,,,,,,,
,,,,,,,,
,,,,,,,,
,,,,,,,,
,,,,,,,,
,,,,,,,,
,,,,,,,,
,,,,,,,,
,,,,,,,,
,,,,,,,,
,,,,,,,,
,,,,,,,,
,,,,,,,,
,,,,,,,,
,,,,,,,,
,,,,,,,,
,,,,,,,,
,,,,,,,,
,,,,,,,,
,,,,,,,,
,,,,,,,,
,,,,,,,,
,,,,,,,,
,,,,,,,,
,,,,,,,,
,,,,,,,,
,,,,,,,,
,,,,,,,,
,,,,,,,,
,,,,,,,,
,,,,,,,,
,,,,,,,,
,,,,,,,,
,,,,,,,,
,,,,,,,,
,,,,,,,,
,,,,,,,,
,,,,,,,,
,,,,,,,,
,,,,,,,,
,,,,,,,,
,,,,,,,,
,,,,,,,,
,,,,,,,,
,,,,,,,,
,,,,,,,,
,,,,,,,,
,,,,,,,,
,,,,,,,,
,,,,,,,,
,,,,,,,,
,,,,,,,,
,,,,,,,,
,,,,,,,,
,,,,,,,,
,,,,,,,,
,,,,,,,,
,,,,,,,,
,,,,,,,,
,,,,,,,,
,,,,,,,,
,,,,,,,,
,,,,,,,,
,,,,,,,,
,,,,,,,,
,,,,,,,,
,,,,,,,,
,,,,,,,,
,,,,,,,,
,,,,,,,,
,,,,,,,,
,,,,,,,,
,,,,,,,,
,,,,,,,,
,,,,,,,,
,,,,,,,,
,,,,,,,,
,,,,,,,,
,,,,,,,,
,,,,,,,,
,,,,,,,,
,,,,,,,,
,,,,,,,,
,,,,,,,,
,,,,,,,,
,,,,,,,,
,,,,,,,,
,,,,,,,,
,,,,,,,,
,,,,,,,,
,,,,,,,,
,,,,,,,,
,,,,,,,,
,,,,,,,,
,,,,,,,,
,,,,,,,,
,,,,,,,,
,,,,,,,,
,,,,,,,,
,,,,,,,,
,,,,,,,,
,,,,,,,,
,,,,,,,,
,,,,,,,,
,,,,,,,,
,,,,,,,,
,,,,,,,,
,,,,,,,,
,,,,,,,,
,,,,,,,,
,,,,,,,,
,,,,,,,,
,,,,,,,,
,,,,,,,,
,,,,,,,,
,,,,,,,,
,,,,,,,,
,,,,,,,,
,,,,,,,,
,,,,,,,,
,,,,,,,,
,,,,,,,,
,,,,,,,,
,,,,,,,,
,,,,,,,,
,,,,,,,,
,,,,,,,,
,,,,,,,,
,,,,,,,,
,,,,,,,,
,,,,,,,,
,,,,,,,,
,,,,,,,,
,,,,,,,,
,,,,,,,,
,,,,,,,,
,,,,,,,,
,,,,,,,,
,,,,,,,,
,,,,,,,,
,,,,,,,,
,,,,,,,,
,,,,,,,,
,,,,,,,,
,,,,,,,,
,,,,,,,,
,,,,,,,,
,,,,,,,,
,,,,,,,,
,,,,,,,,
,,,,,,,,
,,,,,,,,
,,,,,,,,
,,,,,,,,
,,,,,,,,
,,,,,,,,
,,,,,,,,
,,,,,,,,
,,,,,,,,
,,,,,,,,
,,,,,,,,
,,,,,,,,
,,,,,,,,
,,,,,,,,
,,,,,,,,
,,,,,,,,
,,,,,,,,
,,,,,,,,
,,,,,,,,
,,,,,,,,
,,,,,,,,
,,,,,,,,
,,,,,,,,
,,,,,,,,
,,,,,,,,
,,,,,,,,
,,,,,,,,
,,,,,,,,
,,,,,,,,
,,,,,,,,
,,,,,,,,
,,,,,,,,
,,,,,,,,
,,,,,,,,
,,,,,,,,
,,,,,,,,
,,,,,,,,
,,,,,,,,
,,,,,,,,
,,,,,,,,
,,,,,,,,
,,,,,,,,
,,,,,,,,
,,,,,,,,
,,,,,,,,
,,,,,,,,
,,,,,,,,
,,,,,,,,
,,,,,,,,
,,,,,,,,
,,,,,,,,
,,,,,,,,
,,,,,,,,
,,,,,,,,
,,,,,,,,
,,,,,,,,
,,,,,,,,
,,,,,,,,
,,,,,,,,
,,,,,,,,
,,,,,,,,
,,,,,,,,
,,,,,,,,
,,,,,,,,
,,,,,,,,
,,,,,,,,
,,,,,,,,
,,,,,,,,
,,,,,,,,
,,,,,,,,
,,,,,,,,
,,,,,,,,
,,,,,,,,
,,,,,,,,
,,,,,,,,
,,,,,,,,
,,,,,,,,
,,,,,,,,
,,,,,,,,
,,,,,,,,
,,,,,,,,
,,,,,,,,
,,,,,,,,
,,,,,,,,
,,,,,,,,
,,,,,,,,
,,,,,,,,
,,,,,,,,
,,,,,,,,
,,,,,,,,
,,,,,,,,
,,,,,,,,
,,,,,,,,
,,,,,,,,
,,,,,,,,
,,,,,,,,
,,,,,,,,
,,,,,,,,
,,,,,,,,
,,,,,,,,
,,,,,,,,
,,,,,,,,
,,,,,,,,
,,,,,,,,
,,,,,,,,
,,,,,,,,
,,,,,,,,
,,,,,,,,
,,,,,,,,
,,,,,,,,
,,,,,,,,
,,,,,,,,
,,,,,,,,
,,,,,,,,
,,,,,,,,
,,,,,,,,
,,,,,,,,
,,,,,,,,
,,,,,,,,
,,,,,,,,
,,,,,,,,
,,,,,,,,
,,,,,,,,
,,,,,,,,
,,,,,,,,
,,,,,,,,
,,,,,,,,
,,,,,,,,
,,,,,,,,
,,,,,,,,
,,,,,,,,
,,,,,,,,
,,,,,,,,
,,,,,,,,
,,,,,,,,
,,,,,,,,
,,,,,,,,
,,,,,,,,
,,,,,,,,
,,,,,,,,
,,,,,,,,
,,,,,,,,
,,,,,,,,
,,,,,,,,
,,,,,,,,
,,,,,,,,
,,,,,,,,
,,,,,,,,
,,,,,,,,
,,,,,,,,
,,,,,,,,
,,,,,,,,
,,,,,,,,
,,,,,,,,
,,,,,,,,
,,,,,,,,
,,,,,,,,
,,,,,,,,
,,,,,,,,
,,,,,,,,
,,,,,,,,
,,,,,,,,
,,,,,,,,
,,,,,,,,
,,,,,,,,
,,,,,,,,
,,,,,,,,
,,,,,,,,
,,,,,,,,
,,,,,,,,
,,,,,,,,
,,,,,,,,
,,,,,,,,
,,,,,,,,
,,,,,,,,
,,,,,,,,
,,,,,,,,
,,,,,,,,
,,,,,,,,
,,,,,,,,
,,,,,,,,
,,,,,,,,
,,,,,,,,
,,,,,,,,
,,,,,,,,
,,,,,,,,
,,,,,,,,
,,,,,,,,
,,,,,,,,
,,,,,,,,
,,,,,,,,
,,,,,,,,
,,,,,,,,
,,,,,,,,
,,,,,,,,
,,,,,,,,
,,,,,,,,
,,,,,,,,
,,,,,,,,
,,,,,,,,
,,,,,,,,
,,,,,,,,
,,,,,,,,
,,,,,,,,
,,,,,,,,
,,,,,,,,
,,,,,,,,
,,,,,,,,
,,,,,,,,
,,,,,,,,
,,,,,,,,
,,,,,,,,
,,,,,,,,
,,,,,,,,
,,,,,,,,
,,,,,,,,
,,,,,,,,
,,,,,,,,
,,,,,,,,
,,,,,,,,
,,,,,,,,
,,,,,,,,
,,,,,,,,
,,,,,,,,
,,,,,,,,
,,,,,,,,
,,,,,,,,
,,,,,,,,
,,,,,,,,
,,,,,,,,
,,,,,,,,
,,,,,,,,
,,,,,,,,
,,,,,,,,
,,,,,,,,
,,,,,,,,
,,,,,,,,
,,,,,,,,
,,,,,,,,
,,,,,,,,
,,,,,,,,
,,,,,,,,
,,,,,,,,
,,,,,,,,
,,,,,,,,
,,,,,,,,
,,,,,,,,
,,,,,,,,
,,,,,,,,
,,,,,,,,
,,,,,,,,
,,,,,,,,
,,,,,,,,
,,,,,,,,
,,,,,,,,
,,,,,,,,
,,,,,,,,
,,,,,,,,
,,,,,,,,
,,,,,,,,
,,,,,,,,
,,,,,,,,
,,,,,,,,
,,,,,,,,
,,,,,,,,
,,,,,,,,
,,,,,,,,
,,,,,,,,
,,,,,,,,
,,,,,,,,
,,,,,,,,
,,,,,,,,
,,,,,,,,
,,,,,,,,
,,,,,,,,
,,,,,,,,
,,,,,,,,
,,,,,,,,
,,,,,,,,
,,,,,,,,
,,,,,,,,
,,,,,,,,
,,,,,,,,
,,,,,,,,
,,,,,,,,
,,,,,,,,
,,,,,,,,
,,,,,,,,
,,,,,,,,
,,,,,,,,
,,,,,,,,
,,,,,,,,
,,,,,,,,
,,,,,,,,
,,,,,,,,
,,,,,,,,
,,,,,,,,
,,,,,,,,
,,,,,,,,
,,,,,,,,
,,,,,,,,
,,,,,,,,
,,,,,,,,
,,,,,,,,
,,,,,,,,
,,,,,,,,
,,,,,,,,
,,,,,,,,
,,,,,,,,
,,,,,,,,
,,,,,,,,
,,,,,,,,
,,,,,,,,
,,,,,,,,
,,,,,,,,
,,,,,,,,
,,,,,,,,
,,,,,,,,
,,,,,,,,
,,,,,,,,
,,,,,,,,
,,,,,,,,
,,,,,,,,
,,,,,,,,
,,,,,,,,
,,,,,,,,
,,,,,,,,
,,,,,,,,
,,,,,,,,
,,,,,,,,
,,,,,,,,
,,,,,,,,
,,,,,,,,
,,,,,,,,
,,,,,,,,
,,,,,,,,
,,,,,,,,
,,,,,,,,
,,,,,,,,
,,,,,,,,
,,,,,,,,
,,,,,,,,
,,,,,,,,
,,,,,,,,
,,,,,,,,
,,,,,,,,
,,,,,,,,
,,,,,,,,
,,,,,,,,
,,,,,,,,
,,,,,,,,
,,,,,,,,
,,,,,,,,
,,,,,,,,
,,,,,,,,
,,,,,,,,
,,,,,,,,
,,,,,,,,
,,,,,,,,
,,,,,,,,
,,,,,,,,
,,,,,,,,
,,,,,,,,
,,,,,,,,
,,,,,,,,
,,,,,,,,
,,,,,,,,
,,,,,,,,
,,,,,,,,
,,,,,,,,
,,,,,,,,
,,,,,,,,
,,,,,,,,
,,,,,,,,
,,,,,,,,
,,,,,,,,
,,,,,,,,
,,,,,,,,
,,,,,,,,
,,,,,,,,
,,,,,,,,
,,,,,,,,
,,,,,,,,
,,,,,,,,
,,,,,,,,
,,,,,,,,
,,,,,,,,
,,,,,,,,
,,,,,,,,
,,,,,,,,
,,,,,,,,
,,,,,,,,
,,,,,,,,
,,,,,,,,
,,,,,,,,
,,,,,,,,
,,,,,,,,
,,,,,,,,
,,,,,,,,
,,,,,,,,
,,,,,,,,
,,,,,,,,
,,,,,,,,
,,,,,,,,
,,,,,,,,
,,,,,,,,
,,,,,,,,
,,,,,,,,
,,,,,,,,
,,,,,,,,
,,,,,,,,
,,,,,,,,
,,,,,,,,
,,,,,,,,
,,,,,,,,
,,,,,,,,
,,,,,,,,
,,,,,,,,
,,,,,,,,
,,,,,,,,
,,,,,,,,
,,,,,,,,
,,,,,,,,
,,,,,,,,
,,,,,,,,
,,,,,,,,
,,,,,,,,
,,,,,,,,
,,,,,,,,
,,,,,,,,
,,,,,,,,
,,,,,,,,
,,,,,,,,
,,,,,,,,
,,,,,,,,
,,,,,,,,
,,,,,,,,
,,,,,,,,
,,,,,,,,
,,,,,,,,
,,,,,,,,
,,,,,,,,
,,,,,,,,
,,,,,,,,
,,,,,,,,
,,,,,,,,
,,,,,,,,
,,,,,,,,
,,,,,,,,
,,,,,,,,
,,,,,,,,
,,,,,,,,
,,,,,,,,
,,,,,,,,
,,,,,,,,
,,,,,,,,
,,,,,,,,
,,,,,,,,
,,,,,,,,
,,,,,,,,
,,,,,,,,
,,,,,,,,
,,,,,,,,
,,,,,,,,
,,,,,,,,
,,,,,,,,
,,,,,,,,
,,,,,,,,
,,,,,,,,
,,,,,,,,
,,,,,,,,
,,,,,,,,
,,,,,,,,
,,,,,,,,
,,,,,,,,
,,,,,,,,
,,,,,,,,
,,,,,,,,
,,,,,,,,
,,,,,,,,
,,,,,,,,
,,,,,,,,
,,,,,,,,
,,,,,,,,
,,,,,,,,
,,,,,,,,
,,,,,,,,
,,,,,,,,
,,,,,,,,
,,,,,,,,
,,,,,,,,
,,,,,,,,
,,,,,,,,
,,,,,,,,
,,,,,,,,
,,,,,,,,
,,,,,,,,
,,,,,,,,
,,,,,,,,
,,,,,,,,
,,,,,,,,
,,,,,,,,
,,,,,,,,
,,,,,,,,
,,,,,,,,
,,,,,,,,
,,,,,,,,
,,,,,,,,
,,,,,,,,
,,,,,,,,
,,,,,,,,
,,,,,,,,
,,,,,,,,
,,,,,,,,
,,,,,,,,
,,,,,,,,
,,,,,,,,
,,,,,,,,
,,,,,,,,
,,,,,,,,
,,,,,,,,
,,,,,,,,
,,,,,,,,
