SITE_ID,BASIN,PLOT,TAG,SPP,AZ,SDIST,HDST,DBH (CM),DBH (INCHES),HT,LCH,LIVING OR DC,HEALTH,CROWN,DAM1,DAM2,DAM3,COND,COND2,LE_ANG,WILDLIFE USE,REMARKS
C1-3V,C1,3,72,TSHE,126,17.7,17.2,N/A,N/A,N/A,N/A,D,N/A,N/A,N/A,N/A,N/A,N/A,N/A,N/A,N/A,CWD
C1-3V,C1,3,93,TSHE,297,7.6,6.8,N/A,N/A,N/A,N/A,D,N/A,N/A,N/A,N/A,N/A,N/A,N/A,N/A,N/A,STUMP
C1-4V,C1,4,1052,TSHE,330,9.9,8.1,N/A,N/A,N/A,N/A,D,N/A,N/A,N/A,N/A,N/A,N/A,N/A,N/A,N/A,NOT FOUND
C1-5V,C1,5,846,TSHE,5,18.1,17.0,N/A,N/A,N/A,N/A,D,N/A,N/A,N/A,N/A,N/A,N/A,N/A,N/A,N/A,HARVESTED STUMP
C1-5V,C1,5,847,TSHE,10,13.2,12.4,N/A,N/A,N/A,N/A,D,N/A,N/A,N/A,N/A,N/A,N/A,N/A,N/A,N/A,CWD
C1-5V,C1,5,848,TSHE,14,15.8,14.8,N/A,N/A,N/A,N/A,D,N/A,N/A,N/A,N/A,N/A,N/A,N/A,N/A,N/A,CWD
C1-5V,C1,5,849,TSHE,20,11.4,10.8,N/A,N/A,N/A,N/A,D,N/A,N/A,N/A,N/A,N/A,N/A,N/A,N/A,N/A,CWD
C1-5V,C1,5,851,TSHE,30,13.4,12.9,N/A,N/A,N/A,N/A,D,N/A,N/A,N/A,N/A,N/A,N/A,N/A,N/A,N/A,HARVESTED STUMP
C1-5V,C1,5,856,TSHE,63,8.7,7.8,N/A,N/A,N/A,N/A,D,N/A,N/A,N/A,N/A,N/A,N/A,N/A,N/A,N/A,WINDBLOWN STUMP
C1-5V,C1,5,857,TSHE,79,15.8,15.7,N/A,N/A,N/A,N/A,D,N/A,N/A,N/A,N/A,N/A,N/A,N/A,N/A,N/A,HARVESTED STUMP
C1-5V,C1,5,859,TSHE,87,9.1,9.1,N/A,N/A,N/A,N/A,D,N/A,N/A,N/A,N/A,N/A,N/A,N/A,N/A,N/A,CWD
C1-5V,C1,5,862,TSHE,104,4.7,4.7,N/A,N/A,N/A,N/A,D,N/A,N/A,N/A,N/A,N/A,N/A,N/A,N/A,N/A,HARVESTED STUMP
C1-5V,C1,5,866,TSHE,117,10.4,10.3,N/A,N/A,N/A,N/A,D,N/A,N/A,N/A,N/A,N/A,N/A,N/A,N/A,N/A,HARVESTED STUMP
C1-5V,C1,5,869,TSHE,133,11.8,11.7,N/A,N/A,N/A,N/A,D,N/A,N/A,N/A,N/A,N/A,N/A,N/A,N/A,N/A,HARVESTED STUMP
C1-5V,C1,5,870,TSHE,135,14.6,14.5,N/A,N/A,N/A,N/A,D,N/A,N/A,N/A,N/A,N/A,N/A,N/A,N/A,N/A,HARVESTED STUMP
C1-5V,C1,5,874,TSHE,170,14.7,14.2,N/A,N/A,N/A,N/A,D,N/A,N/A,N/A,N/A,N/A,N/A,N/A,N/A,N/A,HARVESTED STUMP
C1-5V,C1,5,879,TSHE,193,14.0,13.9,N/A,N/A,N/A,N/A,D,N/A,N/A,N/A,N/A,N/A,N/A,N/A,N/A,N/A,HARVESTED STUMP
C1-5V,C1,5,882,TSHE,209,3.5,3.5,N/A,N/A,N/A,N/A,D,N/A,N/A,N/A,N/A,N/A,N/A,N/A,N/A,N/A,HARVESTED STUMP
C1-5V,C1,5,883,TSHE,210,7.6,7.6,N/A,N/A,N/A,N/A,D,N/A,N/A,N/A,N/A,N/A,N/A,N/A,N/A,N/A,HARVESTED STUMP
C1-5V,C1,5,886,TSHE,225,16.5,16.4,N/A,N/A,N/A,N/A,D,N/A,N/A,N/A,N/A,N/A,N/A,N/A,N/A,N/A,HARVESTED STUMP
C1-5V,C1,5,887,TSHE,231,13.9,13.8,N/A,N/A,N/A,N/A,D,N/A,N/A,N/A,N/A,N/A,N/A,N/A,N/A,N/A,HARVESTED STUMP
C1-5V,C1,5,891,TSHE,249,13.6,13.0,N/A,N/A,N/A,N/A,D,N/A,N/A,N/A,N/A,N/A,N/A,N/A,N/A,N/A,HARVESTED STUMP
C1-5V,C1,5,892,TSHE,256,15.2,14.3,N/A,N/A,N/A,N/A,D,N/A,N/A,N/A,N/A,N/A,N/A,N/A,N/A,N/A,HARVESTED STUMP
C1-5V,C1,5,893,TSHE,260,7.5,7.2,N/A,N/A,N/A,N/A,D,N/A,N/A,N/A,N/A,N/A,N/A,N/A,N/A,N/A,HARVESTED STUMP
C1-5V,C1,5,895,TSHE,274,6.3,5.8,N/A,N/A,N/A,N/A,D,N/A,N/A,N/A,N/A,N/A,N/A,N/A,N/A,N/A,HARVESTED STUMP
C1-5V,C1,5,898,TSHE,290,13.0,11.7,N/A,N/A,N/A,N/A,D,N/A,N/A,N/A,N/A,N/A,N/A,N/A,N/A,N/A,HARVESTED STUMP
C1-5V,C1,5,900,TSHE,303,8.3,7.5,N/A,N/A,N/A,N/A,D,N/A,N/A,N/A,N/A,N/A,N/A,N/A,N/A,N/A,CWD
C1-5V,C1,5,901,TSHE,309,19.6,17.5,N/A,N/A,N/A,N/A,D,N/A,N/A,N/A,N/A,N/A,N/A,N/A,N/A,N/A,HARVESTED STUMP
C1-5V,C1,5,902,TSHE,313,6.5,5.9,N/A,N/A,N/A,N/A,D,N/A,N/A,N/A,N/A,N/A,N/A,N/A,N/A,N/A,HARVESTED STUMP
C1-5V,C1,5,904,TSHE,318,11.0,9.8,N/A,N/A,N/A,N/A,D,N/A,N/A,N/A,N/A,N/A,N/A,N/A,N/A,N/A,CWD
C1-5V,C1,5,905,TSHE,327,16.1,14.4,N/A,N/A,N/A,N/A,D,N/A,N/A,N/A,N/A,N/A,N/A,N/A,N/A,N/A,NOT FOUND
C1-5V,C1,5,906,TSHE,332,8.8,7.8,N/A,N/A,N/A,N/A,D,N/A,N/A,N/A,N/A,N/A,N/A,N/A,N/A,N/A,HARVESTED STUMP
C1-5V,C1,5,907,TSHE,333,8.8,7.7,N/A,N/A,N/A,N/A,D,N/A,N/A,N/A,N/A,N/A,N/A,N/A,N/A,N/A,HARVESTED STUMP
C1-5V,C1,5,909,TSHE,336,12.8,11.5,N/A,N/A,N/A,N/A,D,N/A,N/A,N/A,N/A,N/A,N/A,N/A,N/A,N/A,HARVESTED STUMP
C1-5V,C1,5,910,TSHE,336,19.5,17.6,N/A,N/A,N/A,N/A,D,N/A,N/A,N/A,N/A,N/A,N/A,N/A,N/A,N/A,CWD
C1-5V,C1,5,911,TSHE,337,15.8,14.3,N/A,N/A,N/A,N/A,D,N/A,N/A,N/A,N/A,N/A,N/A,N/A,N/A,N/A,CWD
C1-5V,C1,5,912,TSHE,344,12.6,11.5,N/A,N/A,N/A,N/A,D,N/A,N/A,N/A,N/A,N/A,N/A,N/A,N/A,N/A,HARVESTED STUMP
C1-5V,C1,5,915,TSHE,351,19.0,17.5,N/A,N/A,N/A,N/A,D,N/A,N/A,N/A,N/A,N/A,N/A,N/A,N/A,N/A,HARVESTED STUMP
C1-7VB,C1,7,265,TSHE,5,7.3,6.7,N/A,N/A,N/A,N/A,D,N/A,N/A,N/A,N/A,N/A,N/A,N/A,N/A,N/A,HARVESTED STUMP
C1-7VB,C1,7,274,TSHE,39,5.3,4.8,N/A,N/A,N/A,N/A,D,N/A,N/A,N/A,N/A,N/A,N/A,N/A,N/A,N/A,HARVESTED STUMP
C1-7VB,C1,7,277,TSHE,62,1.7,1.6,N/A,N/A,N/A,N/A,D,N/A,N/A,N/A,N/A,N/A,N/A,N/A,N/A,N/A,HARVESTED STUMP
C1-7VB,C1,7,278,TSHE,65,17.9,16.6,N/A,N/A,N/A,N/A,D,N/A,N/A,N/A,N/A,N/A,N/A,N/A,N/A,N/A,HARVESTED STUMP
C1-7VB,C1,7,280,TSHE,77,14.1,13.3,N/A,N/A,N/A,N/A,D,N/A,N/A,N/A,N/A,N/A,N/A,N/A,N/A,N/A,HARVESTED STUMP
C1-7VB,C1,7,283,TSHE,109,3.2,3.2,N/A,N/A,N/A,N/A,D,N/A,N/A,N/A,N/A,N/A,N/A,N/A,N/A,N/A,HARVESTED STUMP
C1-7VB,C1,7,287,TSHE,123,13.8,13.7,N/A,N/A,N/A,N/A,D,N/A,N/A,N/A,N/A,N/A,N/A,N/A,N/A,N/A,HARVESTED STUMP
C1-7VB,C1,7,289,TSHE,124,16,15.9,N/A,N/A,N/A,N/A,D,N/A,N/A,N/A,N/A,N/A,N/A,N/A,N/A,N/A,HARVESTED STUMP
C1-7VB,C1,7,292,TSHE,140,8.9,8.9,N/A,N/A,N/A,N/A,D,N/A,N/A,N/A,N/A,N/A,N/A,N/A,N/A,N/A,HARVESTED STUMP
C1-7VB,C1,7,294,TSHE,164,8.9,8.7,N/A,N/A,N/A,N/A,D,N/A,N/A,N/A,N/A,N/A,N/A,N/A,N/A,N/A,HARVESTED STUMP
C1-7VB,C1,7,295,TSHE,167,17.4,17,N/A,N/A,N/A,N/A,D,N/A,N/A,N/A,N/A,N/A,N/A,N/A,N/A,N/A,HARVESTED STUMP
C1-7VB,C1,7,296,TSHE,167,14,13.7,N/A,N/A,N/A,N/A,D,N/A,N/A,N/A,N/A,N/A,N/A,N/A,N/A,N/A,HARVESTED STUMP
C1-7VB,C1,7,297,TSHE,176,14.7,14.2,N/A,N/A,N/A,N/A,D,N/A,N/A,N/A,N/A,N/A,N/A,N/A,N/A,N/A,HARVESTED STUMP
C1-7VB,C1,7,299,TSHE,186,9.2,8.7,N/A,N/A,N/A,N/A,D,N/A,N/A,N/A,N/A,N/A,N/A,N/A,N/A,N/A,"NOT FOUND, WAS A DC 3 SNAG, LIKELY CWD OR DECOMPOSED"
C1-7VB,C1,7,307,TSHE,245,10.7,10.4,N/A,N/A,N/A,N/A,D,N/A,N/A,N/A,N/A,N/A,N/A,N/A,N/A,N/A,"NOT FOUND, LIKELY CWD (WAS DC 1 SNAG)"
C1-7VB,C1,7,310,TSHE,257,13,12.9,N/A,N/A,N/A,N/A,D,N/A,N/A,N/A,N/A,N/A,N/A,N/A,N/A,N/A,HARVESTED STUMP
C1-7VB,C1,7,313,TSHE,265,11.3,11.3,N/A,N/A,N/A,N/A,D,N/A,N/A,N/A,N/A,N/A,N/A,N/A,N/A,N/A,HARVESTED STUMP
C1-7VB,C1,7,316,TSHE,278,11.2,11.2,N/A,N/A,N/A,N/A,D,N/A,N/A,N/A,N/A,N/A,N/A,N/A,N/A,N/A,HARVESTED STUMP
C1-7VB,C1,7,317,TSHE,283,8.3,8.3,N/A,N/A,N/A,N/A,D,N/A,N/A,N/A,N/A,N/A,N/A,N/A,N/A,N/A,HARVESTED STUMP
C1-7VB,C1,7,318,TSHE,299,11.6,11.5,N/A,N/A,N/A,N/A,D,N/A,N/A,N/A,N/A,N/A,N/A,N/A,N/A,N/A,HARVESTED STUMP
C1-7VB,C1,7,320,TSHE,302,3.8,3.8,N/A,N/A,N/A,N/A,D,N/A,N/A,N/A,N/A,N/A,N/A,N/A,N/A,N/A,HARVESTED STUMP
C1-7VB,C1,7,322,TSHE,308,10.9,10.8,N/A,N/A,N/A,N/A,D,N/A,N/A,N/A,N/A,N/A,N/A,N/A,N/A,N/A,HARVESTED STUMP
C1-7VB,C1,7,323,TSHE,319,14,13.7,N/A,N/A,N/A,N/A,D,N/A,N/A,N/A,N/A,N/A,N/A,N/A,N/A,N/A,HARVESTED STUMP
C1-7VB,C1,7,324,TSHE,327,10.4,10.1,N/A,N/A,N/A,N/A,D,N/A,N/A,N/A,N/A,N/A,N/A,N/A,N/A,N/A,HARVESTED STUMP
C1-7VB,C1,7,325,TSHE,341,8,7.7,N/A,N/A,N/A,N/A,D,N/A,N/A,N/A,N/A,N/A,N/A,N/A,N/A,N/A,HARVESTED STUMP
C1-7VB,C1,7,326,TSHE,342,8.2,7.8,N/A,N/A,N/A,N/A,D,N/A,N/A,N/A,N/A,N/A,N/A,N/A,N/A,N/A,HARVESTED STUMP
C1-7VB,C1,7,327,TSHE,342,8.4,8,N/A,N/A,N/A,N/A,D,N/A,N/A,N/A,N/A,N/A,N/A,N/A,N/A,N/A,"NOT FOUND, WAS A DC1 SNAG, LIKELY CWD"
C1-7VB,C1,7,329,TSHE,348,3.1,2.9,N/A,N/A,N/A,N/A,D,N/A,N/A,N/A,N/A,N/A,N/A,N/A,N/A,N/A,HARVESTED STUMP
C1-7VB,C1,7,330,TSHE,349,3.4,3.2,N/A,N/A,N/A,N/A,D,N/A,N/A,N/A,N/A,N/A,N/A,N/A,N/A,N/A,HARVESTED STUMP
C1-7VB,C1,7,332,TSHE,353,10.3,9.7,N/A,N/A,N/A,N/A,D,N/A,N/A,N/A,N/A,N/A,N/A,N/A,N/A,N/A,HARVESTED STUMP
C1-7VB,C1,7,264,TSHE,360,13.4,12.6,N/A,N/A,N/A,N/A,D,N/A,N/A,N/A,N/A,N/A,N/A,N/A,N/A,N/A,HARVESTED STUMP
C1-8VB,C1,8,1369,TSHE,12,16.1,15.1,N/A,N/A,N/A,N/A,D,N/A,N/A,N/A,N/A,N/A,N/A,N/A,N/A,N/A,CWD
C1-8VB,C1,8,1369,TSHE,12,16.1,15.1,N/A,N/A,N/A,N/A,D,N/A,N/A,N/A,N/A,N/A,N/A,N/A,N/A,N/A,CWD
C1-8VB,C1,8,1371,TSHE,38,17.2,15.9,N/A,N/A,N/A,N/A,D,N/A,N/A,N/A,N/A,N/A,N/A,N/A,N/A,N/A,NOT FOUND
C1-8VB,C1,8,1371,TSHE,38,17.2,15.9,N/A,N/A,N/A,N/A,D,N/A,N/A,N/A,N/A,N/A,N/A,N/A,N/A,N/A,NOT FOUND
C1-8VB,C1,8,1373,TSHE,50,14.2,13.9,N/A,N/A,N/A,N/A,D,N/A,N/A,N/A,N/A,N/A,N/A,N/A,N/A,N/A,CWD
C1-8VB,C1,8,1373,TSHE,50,14.2,13.9,N/A,N/A,N/A,N/A,D,N/A,N/A,N/A,N/A,N/A,N/A,N/A,N/A,N/A,CWD
C1-8VB,C1,8,1374,TSHE,58,3.7,3.6,N/A,N/A,N/A,N/A,D,N/A,N/A,N/A,N/A,N/A,N/A,N/A,N/A,N/A,CWD
C1-8VB,C1,8,1374,TSHE,58,3.7,3.6,N/A,N/A,N/A,N/A,D,N/A,N/A,N/A,N/A,N/A,N/A,N/A,N/A,N/A,CWD
C1-8VB,C1,8,1375,TSHE,60,5.5,5.3,N/A,N/A,N/A,N/A,D,N/A,N/A,N/A,N/A,N/A,N/A,N/A,N/A,N/A,CWD
C1-8VB,C1,8,1375,TSHE,60,5.5,5.3,N/A,N/A,N/A,N/A,D,N/A,N/A,N/A,N/A,N/A,N/A,N/A,N/A,N/A,CWD
C1-8VB,C1,8,1376,THPL,62,13.5,12.8,N/A,N/A,N/A,N/A,D,N/A,N/A,N/A,N/A,N/A,N/A,N/A,N/A,N/A,HARVESTED STUMP
C1-8VB,C1,8,1377,THPL,62,18.2,17.1,N/A,N/A,N/A,N/A,D,N/A,N/A,N/A,N/A,N/A,N/A,N/A,N/A,N/A,NOT FOUND
C1-8VB,C1,8,1378,TSHE,62,7.4,7.0,N/A,N/A,N/A,N/A,D,N/A,N/A,N/A,N/A,N/A,N/A,N/A,N/A,N/A,CWD
C1-8VB,C1,8,1376,THPL,62,13.5,12.8,N/A,N/A,N/A,N/A,D,N/A,N/A,N/A,N/A,N/A,N/A,N/A,N/A,N/A,HARVESTED STUMP
C1-8VB,C1,8,1377,THPL,62,18.2,17.1,N/A,N/A,N/A,N/A,D,N/A,N/A,N/A,N/A,N/A,N/A,N/A,N/A,N/A,NOT FOUND
C1-8VB,C1,8,1378,TSHE,62,7.4,7.0,N/A,N/A,N/A,N/A,D,N/A,N/A,N/A,N/A,N/A,N/A,N/A,N/A,N/A,CWD
C1-8VB,C1,8,1379,TSHE,70,7.4,7.2,N/A,N/A,N/A,N/A,D,N/A,N/A,N/A,N/A,N/A,N/A,N/A,N/A,N/A,CWD
C1-8VB,C1,8,1379,TSHE,70,7.4,7.2,N/A,N/A,N/A,N/A,D,N/A,N/A,N/A,N/A,N/A,N/A,N/A,N/A,N/A,CWD
C1-8VB,C1,8,1380,TSHE,89,13.7,13.9,N/A,N/A,N/A,N/A,D,N/A,N/A,N/A,N/A,N/A,N/A,N/A,N/A,N/A,HARVESTED STUMP
C1-8VB,C1,8,1380,TSHE,89,13.7,13.9,N/A,N/A,N/A,N/A,D,N/A,N/A,N/A,N/A,N/A,N/A,N/A,N/A,N/A,HARVESTED STUMP
C1-8VB,C1,8,1382,TSHE,110,14.6,14.5,N/A,N/A,N/A,N/A,D,N/A,N/A,N/A,N/A,N/A,N/A,N/A,N/A,N/A,HARVESTED STUMP
C1-8VB,C1,8,1382,TSHE,110,14.6,14.5,N/A,N/A,N/A,N/A,D,N/A,N/A,N/A,N/A,N/A,N/A,N/A,N/A,N/A,HARVESTED STUMP
C1-8VB,C1,8,1383,TSHE,111,6.7,6.7,N/A,N/A,N/A,N/A,D,N/A,N/A,N/A,N/A,N/A,N/A,N/A,N/A,N/A,HARVESTED STUMP
C1-8VB,C1,8,1383,TSHE,111,6.7,6.7,N/A,N/A,N/A,N/A,D,N/A,N/A,N/A,N/A,N/A,N/A,N/A,N/A,N/A,HARVESTED STUMP
C1-8VB,C1,8,1384,TSHE,114,14.3,14.2,N/A,N/A,N/A,N/A,D,N/A,N/A,N/A,N/A,N/A,N/A,N/A,N/A,N/A,HARVESTED STUMP
C1-8VB,C1,8,1384,TSHE,114,14.3,14.2,N/A,N/A,N/A,N/A,D,N/A,N/A,N/A,N/A,N/A,N/A,N/A,N/A,N/A,HARVESTED STUMP
C1-8VB,C1,8,1386,TSHE,133,9.9,9.9,N/A,N/A,N/A,N/A,D,N/A,N/A,N/A,N/A,N/A,N/A,N/A,N/A,N/A,HARVESTED STUMP
C1-8VB,C1,8,1386,TSHE,133,9.9,9.9,N/A,N/A,N/A,N/A,D,N/A,N/A,N/A,N/A,N/A,N/A,N/A,N/A,N/A,HARVESTED STUMP
C1-8VB,C1,8,1387,TSHE,136,16.5,16.5,N/A,N/A,N/A,N/A,D,N/A,N/A,N/A,N/A,N/A,N/A,N/A,N/A,N/A,NOT FOUND
C1-8VB,C1,8,1387,TSHE,136,16.5,16.5,N/A,N/A,N/A,N/A,D,N/A,N/A,N/A,N/A,N/A,N/A,N/A,N/A,N/A,NOT FOUND
C1-8VB,C1,8,1389,TSHE,147,11.8,11.8,N/A,N/A,N/A,N/A,D,N/A,N/A,N/A,N/A,N/A,N/A,N/A,N/A,N/A,NOT FOUND
C1-8VB,C1,8,1389,TSHE,147,11.8,11.8,N/A,N/A,N/A,N/A,D,N/A,N/A,N/A,N/A,N/A,N/A,N/A,N/A,N/A,NOT FOUND
C1-8VB,C1,8,1390,TSHE,152,14.4,14.3,N/A,N/A,N/A,N/A,D,N/A,N/A,N/A,N/A,N/A,N/A,N/A,N/A,N/A,NOT FOUND
C1-8VB,C1,8,1390,TSHE,152,14.4,14.3,N/A,N/A,N/A,N/A,D,N/A,N/A,N/A,N/A,N/A,N/A,N/A,N/A,N/A,NOT FOUND
C1-8VB,C1,8,1391,TSHE,156,17.7,17.6,N/A,N/A,N/A,N/A,D,N/A,N/A,N/A,N/A,N/A,N/A,N/A,N/A,N/A,NOT FOUND
C1-8VB,C1,8,1391,TSHE,156,17.7,17.6,N/A,N/A,N/A,N/A,D,N/A,N/A,N/A,N/A,N/A,N/A,N/A,N/A,N/A,NOT FOUND
C1-8VB,C1,8,1392,TSHE,158,11.5,11.4,N/A,N/A,N/A,N/A,D,N/A,N/A,N/A,N/A,N/A,N/A,N/A,N/A,N/A,NOT FOUND
C1-8VB,C1,8,1392,TSHE,158,11.5,11.4,N/A,N/A,N/A,N/A,D,N/A,N/A,N/A,N/A,N/A,N/A,N/A,N/A,N/A,NOT FOUND
C1-8VB,C1,8,1394,TSHE,166,15.0,14.7,N/A,N/A,N/A,N/A,D,N/A,N/A,N/A,N/A,N/A,N/A,N/A,N/A,N/A,NOT FOUND
C1-8VB,C1,8,1394,TSHE,166,15.0,14.7,N/A,N/A,N/A,N/A,D,N/A,N/A,N/A,N/A,N/A,N/A,N/A,N/A,N/A,NOT FOUND
C1-8VB,C1,8,1395,THPL,174,14.4,14.0,N/A,N/A,N/A,N/A,D,N/A,N/A,N/A,N/A,N/A,N/A,N/A,N/A,N/A,NOT FOUND
C1-8VB,C1,8,1396,THPL,174,17.1,16.8,N/A,N/A,N/A,N/A,D,N/A,N/A,N/A,N/A,N/A,N/A,N/A,N/A,N/A,NOT FOUND
C1-8VB,C1,8,1395,THPL,174,14.4,14.0,N/A,N/A,N/A,N/A,D,N/A,N/A,N/A,N/A,N/A,N/A,N/A,N/A,N/A,NOT FOUND
C1-8VB,C1,8,1396,THPL,174,17.1,16.8,N/A,N/A,N/A,N/A,D,N/A,N/A,N/A,N/A,N/A,N/A,N/A,N/A,N/A,NOT FOUND
C1-8VB,C1,8,1397,TSHE,179,10.6,10.4,N/A,N/A,N/A,N/A,D,N/A,N/A,N/A,N/A,N/A,N/A,N/A,N/A,N/A,NOT FOUND
C1-8VB,C1,8,1397,TSHE,179,10.6,10.4,N/A,N/A,N/A,N/A,D,N/A,N/A,N/A,N/A,N/A,N/A,N/A,N/A,N/A,NOT FOUND
C1-8VB,C1,8,1398,TSHE,184,16.1,15.7,N/A,N/A,N/A,N/A,D,N/A,N/A,N/A,N/A,N/A,N/A,N/A,N/A,N/A,NOT FOUND
C1-8VB,C1,8,1398,TSHE,184,16.1,15.7,N/A,N/A,N/A,N/A,D,N/A,N/A,N/A,N/A,N/A,N/A,N/A,N/A,N/A,NOT FOUND
C1-8VB,C1,8,1399,THPL,192,6.7,6.4,N/A,N/A,N/A,N/A,D,N/A,N/A,N/A,N/A,N/A,N/A,N/A,N/A,N/A,HARVESTED STUMP
C1-8VB,C1,8,1399,THPL,192,6.7,6.4,N/A,N/A,N/A,N/A,D,N/A,N/A,N/A,N/A,N/A,N/A,N/A,N/A,N/A,HARVESTED STUMP
C1-8VB,C1,8,1400,THPL,196,13.4,12.9,N/A,N/A,N/A,N/A,D,N/A,N/A,N/A,N/A,N/A,N/A,N/A,N/A,N/A,NOT FOUND
C1-8VB,C1,8,1401,TSHE,196,15.8,15.2,N/A,N/A,N/A,N/A,D,N/A,N/A,N/A,N/A,N/A,N/A,N/A,N/A,N/A,HARVESTED STUMP
C1-8VB,C1,8,1400,THPL,196,13.4,12.9,N/A,N/A,N/A,N/A,D,N/A,N/A,N/A,N/A,N/A,N/A,N/A,N/A,N/A,NOT FOUND
C1-8VB,C1,8,1401,TSHE,196,15.8,15.2,N/A,N/A,N/A,N/A,D,N/A,N/A,N/A,N/A,N/A,N/A,N/A,N/A,N/A,HARVESTED STUMP
C1-8VB,C1,8,1402,THPL,203,10.5,10.1,N/A,N/A,N/A,N/A,D,N/A,N/A,N/A,N/A,N/A,N/A,N/A,N/A,N/A,NOT FOUND
C1-8VB,C1,8,1402,THPL,203,10.5,10.1,N/A,N/A,N/A,N/A,D,N/A,N/A,N/A,N/A,N/A,N/A,N/A,N/A,N/A,NOT FOUND
C1-8VB,C1,8,1403,THPL,206,15.9,15.3,N/A,N/A,N/A,N/A,D,N/A,N/A,N/A,N/A,N/A,N/A,N/A,N/A,N/A,HARVESTED STUMP
C1-8VB,C1,8,1403,THPL,206,15.9,15.3,N/A,N/A,N/A,N/A,D,N/A,N/A,N/A,N/A,N/A,N/A,N/A,N/A,N/A,HARVESTED STUMP
C1-8VB,C1,8,1405,TSHE,214,17.1,16.3,N/A,N/A,N/A,N/A,D,N/A,N/A,N/A,N/A,N/A,N/A,N/A,N/A,N/A,NOT FOUND
C1-8VB,C1,8,1405,TSHE,214,17.1,16.3,N/A,N/A,N/A,N/A,D,N/A,N/A,N/A,N/A,N/A,N/A,N/A,N/A,N/A,NOT FOUND
C1-8VB,C1,8,1406,THPL,222,13.3,12.6,N/A,N/A,N/A,N/A,D,N/A,N/A,N/A,N/A,N/A,N/A,N/A,N/A,N/A,HARVESTED STUMP
C1-8VB,C1,8,1406,THPL,222,13.3,12.6,N/A,N/A,N/A,N/A,D,N/A,N/A,N/A,N/A,N/A,N/A,N/A,N/A,N/A,HARVESTED STUMP
C1-8VB,C1,8,1408,TSHE,232,2.4,2.1,N/A,N/A,N/A,N/A,D,N/A,N/A,N/A,N/A,N/A,N/A,N/A,N/A,N/A,HARVESTED STUMP
C1-8VB,C1,8,1408,TSHE,232,2.4,2.1,N/A,N/A,N/A,N/A,D,N/A,N/A,N/A,N/A,N/A,N/A,N/A,N/A,N/A,HARVESTED STUMP
C1-8VB,C1,8,1409,THPL,240,15.7,15.1,N/A,N/A,N/A,N/A,D,N/A,N/A,N/A,N/A,N/A,N/A,N/A,N/A,N/A,HARVESTED STUMP
C1-8VB,C1,8,1409,THPL,240,15.7,15.1,N/A,N/A,N/A,N/A,D,N/A,N/A,N/A,N/A,N/A,N/A,N/A,N/A,N/A,HARVESTED STUMP
C1-8VB,C1,8,1410,TSHE,246,13.3,12.8,N/A,N/A,N/A,N/A,D,N/A,N/A,N/A,N/A,N/A,N/A,N/A,N/A,N/A,HARVESTED STUMP
C1-8VB,C1,8,1410,TSHE,246,13.3,12.8,N/A,N/A,N/A,N/A,D,N/A,N/A,N/A,N/A,N/A,N/A,N/A,N/A,N/A,HARVESTED STUMP
C1-8VB,C1,8,1412,TSHE,260,15.8,15.1,N/A,N/A,N/A,N/A,D,N/A,N/A,N/A,N/A,N/A,N/A,N/A,N/A,N/A,BLOWN OVER
C1-8VB,C1,8,1412,TSHE,260,15.8,15.1,N/A,N/A,N/A,N/A,D,N/A,N/A,N/A,N/A,N/A,N/A,N/A,N/A,N/A,BLOWN OVER
C1-8VB,C1,8,1413,TSHE,264,16.2,15.5,N/A,N/A,N/A,N/A,D,N/A,N/A,N/A,N/A,N/A,N/A,N/A,N/A,N/A,NOT FOUND
C1-8VB,C1,8,1413,TSHE,264,16.2,15.5,N/A,N/A,N/A,N/A,D,N/A,N/A,N/A,N/A,N/A,N/A,N/A,N/A,N/A,NOT FOUND
C1-8VB,C1,8,1415,TSHE,282,14.6,14.2,N/A,N/A,N/A,N/A,D,N/A,N/A,N/A,N/A,N/A,N/A,N/A,N/A,N/A,HARVESTED STUMP
C1-8VB,C1,8,1415,TSHE,282,14.6,14.2,N/A,N/A,N/A,N/A,D,N/A,N/A,N/A,N/A,N/A,N/A,N/A,N/A,N/A,HARVESTED STUMP
C1-8VB,C1,8,1416,TSHE,283,3.8,3.5,N/A,N/A,N/A,N/A,D,N/A,N/A,N/A,N/A,N/A,N/A,N/A,N/A,N/A,HARVESTED STUMP
C1-8VB,C1,8,1416,TSHE,283,3.8,3.5,N/A,N/A,N/A,N/A,D,N/A,N/A,N/A,N/A,N/A,N/A,N/A,N/A,N/A,HARVESTED STUMP
C1-8VB,C1,8,1418,TSHE,290,12.4,12.2,N/A,N/A,N/A,N/A,D,N/A,N/A,N/A,N/A,N/A,N/A,N/A,N/A,N/A,HARVESTED STUMP
C1-8VB,C1,8,1418,TSHE,290,12.4,12.2,N/A,N/A,N/A,N/A,D,N/A,N/A,N/A,N/A,N/A,N/A,N/A,N/A,N/A,HARVESTED STUMP
C1-8VB,C1,8,1419,TSHE,295,7.2,7.1,N/A,N/A,N/A,N/A,D,N/A,N/A,N/A,N/A,N/A,N/A,N/A,N/A,N/A,HARVESTED STUMP
C1-8VB,C1,8,1419,TSHE,295,7.2,7.1,N/A,N/A,N/A,N/A,D,N/A,N/A,N/A,N/A,N/A,N/A,N/A,N/A,N/A,HARVESTED STUMP
C1-8VB,C1,8,1424,TSHE,314,14.3,14.2,N/A,N/A,N/A,N/A,D,N/A,N/A,N/A,N/A,N/A,N/A,N/A,N/A,N/A,HARVESTED STUMP
C1-8VB,C1,8,1424,TSHE,314,14.3,14.2,N/A,N/A,N/A,N/A,D,N/A,N/A,N/A,N/A,N/A,N/A,N/A,N/A,N/A,HARVESTED STUMP
C1-8VB,C1,8,1426,TSHE,326,9.2,9.2,N/A,N/A,N/A,N/A,D,N/A,N/A,N/A,N/A,N/A,N/A,N/A,N/A,N/A,HARVESTED STUMP
C1-8VB,C1,8,1426,TSHE,326,9.2,9.2,N/A,N/A,N/A,N/A,D,N/A,N/A,N/A,N/A,N/A,N/A,N/A,N/A,N/A,HARVESTED STUMP
C1-8VB,C1,8,1427,TSHE,328,5.0,5.0,N/A,N/A,N/A,N/A,D,N/A,N/A,N/A,N/A,N/A,N/A,N/A,N/A,N/A,CWD
C1-8VB,C1,8,1427,TSHE,328,5.0,5.0,N/A,N/A,N/A,N/A,D,N/A,N/A,N/A,N/A,N/A,N/A,N/A,N/A,N/A,CWD
C1-8VB,C1,8,1428,TSHE,331,6.8,6.8,N/A,N/A,N/A,N/A,D,N/A,N/A,N/A,N/A,N/A,N/A,N/A,N/A,N/A,CWD
C1-8VB,C1,8,1429,THPL,331,16.2,15.9,N/A,N/A,N/A,N/A,D,N/A,N/A,N/A,N/A,N/A,N/A,N/A,N/A,N/A,CWD
C1-8VB,C1,8,1428,TSHE,331,6.8,6.8,N/A,N/A,N/A,N/A,D,N/A,N/A,N/A,N/A,N/A,N/A,N/A,N/A,N/A,CWD
C1-8VB,C1,8,1429,THPL,331,16.2,15.9,N/A,N/A,N/A,N/A,D,N/A,N/A,N/A,N/A,N/A,N/A,N/A,N/A,N/A,CWD
C1-13VB,C1,13,1116,TSHE,1,20.8,17.1,N/A,N/A,N/A,N/A,D,N/A,N/A,N/A,N/A,N/A,N/A,N/A,N/A,N/A,NOT FOUND; ASSUMED CWD OR HARVESTED
C1-13VB,C1,13,1117,TSHE,4,16.9,14.1,N/A,N/A,N/A,N/A,D,N/A,N/A,N/A,N/A,N/A,N/A,N/A,N/A,N/A,HARVESTED STUMP
C1-13VB,C1,13,1119,TSHE,15,14.4,12.4,N/A,N/A,N/A,N/A,D,N/A,N/A,N/A,N/A,N/A,N/A,N/A,N/A,N/A,HARVESTED STUMP
C1-13VB,C1,13,1120,TSHE,17,11.3,10.0,N/A,N/A,N/A,N/A,D,N/A,N/A,N/A,N/A,N/A,N/A,N/A,N/A,N/A,HARVESTED STUMP
C1-13VB,C1,13,1121,TSHE,20,18.8,16.3,N/A,N/A,N/A,N/A,D,N/A,N/A,N/A,N/A,N/A,N/A,N/A,N/A,N/A,NOT FOUND
C1-13VB,C1,13,1124,TSHE,33,10.2,9.5,N/A,N/A,N/A,N/A,D,N/A,N/A,N/A,N/A,N/A,N/A,N/A,N/A,N/A,HARVEST STUMP
C1-13VB,C1,13,1125,TSHE,42,15.5,14.3,N/A,N/A,N/A,N/A,D,N/A,N/A,N/A,N/A,N/A,N/A,N/A,N/A,N/A,HARVEST STUMP
C1-13VB,C1,13,1126,TSHE,43,6.9,6.4,N/A,N/A,N/A,N/A,D,N/A,N/A,N/A,N/A,N/A,N/A,N/A,N/A,N/A,HARVEST STUMP
C1-13VB,C1,13,1127,TSHE,44,16.3,15.2,N/A,N/A,N/A,N/A,D,N/A,N/A,N/A,N/A,N/A,N/A,N/A,N/A,N/A,HARVEST STUMP
C1-13VB,C1,13,1129,TSHE,60,18.3,17.6,N/A,N/A,N/A,N/A,D,N/A,N/A,N/A,N/A,N/A,N/A,N/A,N/A,N/A,NOT FOUND
C1-13VB,C1,13,1130,THPL,60,3.7,3.7,N/A,N/A,N/A,N/A,D,N/A,N/A,N/A,N/A,N/A,N/A,N/A,N/A,N/A,HARVESTED STUMP
C1-13VB,C1,13,1131,TSHE,70,10.3,10.3,N/A,N/A,N/A,N/A,D,N/A,N/A,N/A,N/A,N/A,N/A,N/A,N/A,N/A,HARVESTED STUMP
C1-13VB,C1,13,1133,TSHE,75,16.2,16.1,N/A,N/A,N/A,N/A,D,N/A,N/A,N/A,N/A,N/A,N/A,N/A,N/A,N/A,HARVESTED STUMP
C1-13VB,C1,13,1135,THPL,84,7.0,6.9,N/A,N/A,N/A,N/A,D,N/A,N/A,N/A,N/A,N/A,N/A,N/A,N/A,N/A,CWD WINDBLOWN
C1-13VB,C1,13,1136,THPL,84,7.2,7.1,N/A,N/A,N/A,N/A,D,N/A,N/A,N/A,N/A,N/A,N/A,N/A,N/A,N/A,CWD WINDBLOWN
C1-13VB,C1,13,1137,THPL,87,16.9,16.8,N/A,N/A,N/A,N/A,D,N/A,N/A,N/A,N/A,N/A,N/A,N/A,N/A,N/A,HARVESTED STUMP
C1-13VB,C1,13,1138,THPL,95,13.7,13.5,N/A,N/A,N/A,N/A,D,N/A,N/A,N/A,N/A,N/A,N/A,N/A,N/A,N/A,HARVESTED STUMP
C1-13VB,C1,13,1139,THPL,96,18.0,17.7,N/A,N/A,N/A,N/A,D,N/A,N/A,N/A,N/A,N/A,N/A,N/A,N/A,N/A,HARVESTED STUMP
C1-13VB,C1,13,1141,TSHE,101,11.6,11.1,N/A,N/A,N/A,N/A,D,N/A,N/A,N/A,N/A,N/A,N/A,N/A,N/A,N/A,HARVESTED STUMP
C1-13VB,C1,13,1142,TSHE,110,15.7,14.6,N/A,N/A,N/A,N/A,D,N/A,N/A,N/A,N/A,N/A,N/A,N/A,N/A,N/A,HARVESTED STUMP
C1-13VB,C1,13,1143,TSHE,113,7.4,6.6,N/A,N/A,N/A,N/A,D,N/A,N/A,N/A,N/A,N/A,N/A,N/A,N/A,N/A,HARVESTED STUMP
C1-13VB,C1,13,1146,TSHE,131,18.7,17.0,N/A,N/A,N/A,N/A,D,N/A,N/A,N/A,N/A,N/A,N/A,N/A,N/A,N/A,HARVESTED STUMP
C1-13VB,C1,13,1148,THPL,136,17.4,15.4,N/A,N/A,N/A,N/A,D,N/A,N/A,N/A,N/A,N/A,N/A,N/A,N/A,N/A,NOT FOUND
C1-13VB,C1,13,1149,TSHE,140,13.7,11.6,N/A,N/A,N/A,N/A,D,N/A,N/A,N/A,N/A,N/A,N/A,N/A,N/A,N/A,HARVESTED STUMP
C1-13VB,C1,13,1151,TSHE,146,11.9,10.0,N/A,N/A,N/A,N/A,D,N/A,N/A,N/A,N/A,N/A,N/A,N/A,N/A,N/A,HARVESTED STUMP
C1-13VB,C1,13,1153,THPL,153,19.6,16.1,N/A,N/A,N/A,N/A,D,N/A,N/A,N/A,N/A,N/A,N/A,N/A,N/A,N/A,HARVESTED STUMP
C1-13VB,C1,13,1155,TSHE,169,5.9,4.3,N/A,N/A,N/A,N/A,D,N/A,N/A,N/A,N/A,N/A,N/A,N/A,N/A,N/A,NOT FOUND
C1-13VB,C1,13,1156,TSHE,170,15.2,12.3,N/A,N/A,N/A,N/A,D,N/A,N/A,N/A,N/A,N/A,N/A,N/A,N/A,N/A,HARVESTED STUMP
C1-13VB,C1,13,1157,TSHE,172,20.5,16.9,N/A,N/A,N/A,N/A,D,N/A,N/A,N/A,N/A,N/A,N/A,N/A,N/A,N/A,NOT FOUND
C1-13VB,C1,13,1160,TSHE,181,9.7,7.5,N/A,N/A,N/A,N/A,D,N/A,N/A,N/A,N/A,N/A,N/A,N/A,N/A,N/A,WINDTHROWN CWD
C1-13VB,C1,13,1161,TSHE,189,20.3,16.4,N/A,N/A,N/A,N/A,D,N/A,N/A,N/A,N/A,N/A,N/A,N/A,N/A,N/A,HARVESTED STUMP
C1-13VB,C1,13,1162,TSHE,194,21.1,17.4,N/A,N/A,N/A,N/A,D,N/A,N/A,N/A,N/A,N/A,N/A,N/A,N/A,N/A,NOT FOUND
C1-13VB,C1,13,1163,THPL,196,17.2,14.0,N/A,N/A,N/A,N/A,D,N/A,N/A,N/A,N/A,N/A,N/A,N/A,N/A,N/A,WINDTHROWN CWD
C1-13VB,C1,13,1164,TSHE,200,19.9,16.4,N/A,N/A,N/A,N/A,D,N/A,N/A,N/A,N/A,N/A,N/A,N/A,N/A,N/A,NOT FOUND
C1-13VB,C1,13,1165,TSHE,204,12.1,9.5,N/A,N/A,N/A,N/A,D,N/A,N/A,N/A,N/A,N/A,N/A,N/A,N/A,N/A,NOT FOUND
C1-13VB,C1,13,1166,TSHE,205,20.2,16.9,N/A,N/A,N/A,N/A,D,N/A,N/A,N/A,N/A,N/A,N/A,N/A,N/A,N/A,NOT FOUND
C1-13VB,C1,13,1167,TSHE,207,17.4,14.4,N/A,N/A,N/A,N/A,D,N/A,N/A,N/A,N/A,N/A,N/A,N/A,N/A,N/A,NOT FOUND
C1-13VB,C1,13,1168,TSHE,207,6.1,4.3,N/A,N/A,N/A,N/A,D,N/A,N/A,N/A,N/A,N/A,N/A,N/A,N/A,N/A,HARVESTED STUMP
C1-13VB,C1,13,1169,TSHE,210,6.6,4.9,N/A,N/A,N/A,N/A,D,N/A,N/A,N/A,N/A,N/A,N/A,N/A,N/A,N/A,NOT FOUND
C1-13VB,C1,13,1170,TSHE,215,4.0,2.7,N/A,N/A,N/A,N/A,D,N/A,N/A,N/A,N/A,N/A,N/A,N/A,N/A,N/A,NOT FOUND
C1-13VB,C1,13,1171,TSHE,223,15.6,13.8,N/A,N/A,N/A,N/A,D,N/A,N/A,N/A,N/A,N/A,N/A,N/A,N/A,N/A,NOT FOUND
C1-13VB,C1,13,1172,THPL,227,11.4,9.6,N/A,N/A,N/A,N/A,D,N/A,N/A,N/A,N/A,N/A,N/A,N/A,N/A,N/A,NOT FOUND
C1-13VB,C1,13,1173,TSHE,233,9.6,8.1,N/A,N/A,N/A,N/A,D,N/A,N/A,N/A,N/A,N/A,N/A,N/A,N/A,N/A,HARVESTED STUMP
C1-13VB,C1,13,1174,THPL,245,11.1,10.1,N/A,N/A,N/A,N/A,D,N/A,N/A,N/A,N/A,N/A,N/A,N/A,N/A,N/A,NOT FOUND
C1-13VB,C1,13,1175,TSHE,248,9.3,8.5,N/A,N/A,N/A,N/A,D,N/A,N/A,N/A,N/A,N/A,N/A,N/A,N/A,N/A,NOT FOUND
C1-13VB,C1,13,1176,THPL,253,4.8,4.4,N/A,N/A,N/A,N/A,D,N/A,N/A,N/A,N/A,N/A,N/A,N/A,N/A,N/A,HARVESTED STUMP
C1-13VB,C1,13,1177,TSHE,253,13.1,12.8,N/A,N/A,N/A,N/A,D,N/A,N/A,N/A,N/A,N/A,N/A,N/A,N/A,N/A,HARVESTED STUMP
C1-13VB,C1,13,1178,THPL,260,12.4,12.2,N/A,N/A,N/A,N/A,D,N/A,N/A,N/A,N/A,N/A,N/A,N/A,N/A,N/A,HARVESTED STUMP
C1-13VB,C1,13,1179,TSHE,266,15.9,15.8,N/A,N/A,N/A,N/A,D,N/A,N/A,N/A,N/A,N/A,N/A,N/A,N/A,N/A,NOT FOUND
C1-13VB,C1,13,1180,TSHE,274,7.4,7.4,N/A,N/A,N/A,N/A,D,N/A,N/A,N/A,N/A,N/A,N/A,N/A,N/A,N/A,NOT FOUND
C1-13VB,C1,13,1181,TSHE,274,14.9,14.9,N/A,N/A,N/A,N/A,D,N/A,N/A,N/A,N/A,N/A,N/A,N/A,N/A,N/A,NOT FOUND
C1-13VB,C1,13,1182,TSHE,285,14.0,13.8,N/A,N/A,N/A,N/A,D,N/A,N/A,N/A,N/A,N/A,N/A,N/A,N/A,N/A,NOT FOUND
C1-13VB,C1,13,1183,TSHE,286,16.9,16.7,N/A,N/A,N/A,N/A,D,N/A,N/A,N/A,N/A,N/A,N/A,N/A,N/A,N/A,HARVESTED STUMP
C1-13VB,C1,13,1184,TSHE,296,11.5,11.2,N/A,N/A,N/A,N/A,D,N/A,N/A,N/A,N/A,N/A,N/A,N/A,N/A,N/A,NOT FOUND
C1-13VB,C1,13,1185,TSHE,304,8.8,8.3,N/A,N/A,N/A,N/A,D,N/A,N/A,N/A,N/A,N/A,N/A,N/A,N/A,N/A,HARVESTED STUMP
C1-13VB,C1,13,1186,THPL,305,19.3,17.7,N/A,N/A,N/A,N/A,D,N/A,N/A,N/A,N/A,N/A,N/A,N/A,N/A,N/A,NOT FOUND
C1-13VB,C1,13,1187,TSHE,306,16.7,15.4,N/A,N/A,N/A,N/A,D,N/A,N/A,N/A,N/A,N/A,N/A,N/A,N/A,N/A,NOT FOUND
C1-13VB,C1,13,1188,TSHE,313,18.7,16.8,N/A,N/A,N/A,N/A,D,N/A,N/A,N/A,N/A,N/A,N/A,N/A,N/A,N/A,NOT FOUND
C1-13VB,C1,13,1189,THPL,318,15.4,15.4,N/A,N/A,N/A,N/A,D,N/A,N/A,N/A,N/A,N/A,N/A,N/A,N/A,N/A,NOT FOUND
C1-13VB,C1,13,1190,TSHE,321,5.8,5.1,N/A,N/A,N/A,N/A,D,N/A,N/A,N/A,N/A,N/A,N/A,N/A,N/A,N/A,HARVESTED STUMP
C1-13VB,C1,13,1191,TSHE,322,9.2,8.2,N/A,N/A,N/A,N/A,D,N/A,N/A,N/A,N/A,N/A,N/A,N/A,N/A,N/A,NOT FOUND
C1-13VB,C1,13,1192,TSHE,327,15.2,13.3,N/A,N/A,N/A,N/A,D,N/A,N/A,N/A,N/A,N/A,N/A,N/A,N/A,N/A,NOT FOUND
C1-13VB,C1,13,1193,THPL,331,20.0,17.0,N/A,N/A,N/A,N/A,D,N/A,N/A,N/A,N/A,N/A,N/A,N/A,N/A,N/A,HARVESTED STUMP
C1-13VB,C1,13,1194,TSHE,335,3.7,3.3,N/A,N/A,N/A,N/A,D,N/A,N/A,N/A,N/A,N/A,N/A,N/A,N/A,N/A,HARVESTED STUMP
C1-13VB,C1,13,1195,TSHE,345,12.3,10.5,N/A,N/A,N/A,N/A,D,N/A,N/A,N/A,N/A,N/A,N/A,N/A,N/A,N/A,BLOWN OVER
C1-13VB,C1,13,1196,THPL,346,7.4,6.3,N/A,N/A,N/A,N/A,D,N/A,N/A,N/A,N/A,N/A,N/A,N/A,N/A,N/A,HARVESTED STUMP
C1-13VB,C1,13,1197,THPL,353,19.0,15.5,N/A,N/A,N/A,N/A,D,N/A,N/A,N/A,N/A,N/A,N/A,N/A,N/A,N/A,NOT FOUND
C1-13VB,C1,13,1198,TSHE,359,12.6,10.6,N/A,N/A,N/A,N/A,D,N/A,N/A,N/A,N/A,N/A,N/A,N/A,N/A,N/A,HARVESTED STUMP
C1-14VB,C1,14,194,TSHE,12,5.1,4.9,N/A,N/A,N/A,N/A,D,N/A,N/A,N/A,N/A,N/A,N/A,N/A,N/A,N/A,HARVESTED
C1-14VB,C1,14,195,THPL,13,12.6,11.8,N/A,N/A,N/A,N/A,D,N/A,N/A,N/A,N/A,N/A,N/A,N/A,N/A,N/A,HARVESTED
C1-14VB,C1,14,198,THPL,24,3,2.9,N/A,N/A,N/A,N/A,D,N/A,N/A,N/A,N/A,N/A,N/A,N/A,N/A,N/A,HARVESTED
C1-14VB,C1,14,199,TSHE,41,11.6,10.4,N/A,N/A,N/A,N/A,D,N/A,N/A,N/A,N/A,N/A,N/A,N/A,N/A,N/A,HARVESTED
C1-14VB,C1,14,200,TSHE,47,14.8,13,N/A,N/A,N/A,N/A,D,N/A,N/A,N/A,N/A,N/A,N/A,N/A,N/A,N/A,WINDBLOWN
C1-14VB,C1,14,201,TSHE,50,16.6,14.6,N/A,N/A,N/A,N/A,D,N/A,N/A,N/A,N/A,N/A,N/A,N/A,N/A,N/A,WINDBLOWN
C1-14VB,C1,14,202,TSHE,54,20.2,17.7,N/A,N/A,N/A,N/A,D,N/A,N/A,N/A,N/A,N/A,N/A,N/A,N/A,N/A,HARVESTED
C1-14VB,C1,14,203,TSHE,55,10.6,9.2,N/A,N/A,N/A,N/A,D,N/A,N/A,N/A,N/A,N/A,N/A,N/A,N/A,N/A,HARVESTED
C1-14VB,C1,14,204,THPL,59,6.7,5.9,N/A,N/A,N/A,N/A,D,N/A,N/A,N/A,N/A,N/A,N/A,N/A,N/A,N/A,HARVESTED
C1-14VB,C1,14,207,TSHE,78,14.6,12.7,N/A,N/A,N/A,N/A,D,N/A,N/A,N/A,N/A,N/A,N/A,N/A,N/A,N/A,HARVESTED
C1-14VB,C1,14,209,TSHE,87,13.6,11.9,N/A,N/A,N/A,N/A,D,N/A,N/A,N/A,N/A,N/A,N/A,N/A,N/A,N/A,HARVESTED
C1-14VB,C1,14,210,TSHE,92,6.9,6.2,N/A,N/A,N/A,N/A,D,N/A,N/A,N/A,N/A,N/A,N/A,N/A,N/A,N/A,HARVESTED
C1-14VB,C1,14,211,THPL,101,12.9,11.8,N/A,N/A,N/A,N/A,D,N/A,N/A,N/A,N/A,N/A,N/A,N/A,N/A,N/A,HARVESTED
C1-14VB,C1,14,212,TSHE,112,10.7,10.2,N/A,N/A,N/A,N/A,D,N/A,N/A,N/A,N/A,N/A,N/A,N/A,N/A,N/A,HARVESTED
C1-14VB,C1,14,216,TSHE,126,8.9,8.7,N/A,N/A,N/A,N/A,D,N/A,N/A,N/A,N/A,N/A,N/A,N/A,N/A,N/A,HARVESTED
C1-14VB,C1,14,217,TSHE,129,14.9,14.8,N/A,N/A,N/A,N/A,D,N/A,N/A,N/A,N/A,N/A,N/A,N/A,N/A,N/A,HARVESTED
C1-14VB,C1,14,218,THPL,133,10.1,9.9,N/A,N/A,N/A,N/A,D,N/A,N/A,N/A,N/A,N/A,N/A,N/A,N/A,N/A,HARVESTED
C1-14VB,C1,14,219,THPL,144,7.9,7.9,N/A,N/A,N/A,N/A,D,N/A,N/A,N/A,N/A,N/A,N/A,N/A,N/A,N/A,HARVESTED
C1-14VB,C1,14,221,THPL,156,13.2,13,N/A,N/A,N/A,N/A,D,N/A,N/A,N/A,N/A,N/A,N/A,N/A,N/A,N/A,HARVESTED
C1-14VB,C1,14,222,THPL,156,4.6,4.5,N/A,N/A,N/A,N/A,D,N/A,N/A,N/A,N/A,N/A,N/A,N/A,N/A,N/A,HARVESTED
C1-14VB,C1,14,223,THPL,163,7.2,7,N/A,N/A,N/A,N/A,D,N/A,N/A,N/A,N/A,N/A,N/A,N/A,N/A,N/A,HARVESTED
C1-14VB,C1,14,224,THPL,168,13.8,13.3,N/A,N/A,N/A,N/A,D,N/A,N/A,N/A,N/A,N/A,N/A,N/A,N/A,N/A,HARVESTED
C1-14VB,C1,14,225,TSHE,168,17.2,16.7,N/A,N/A,N/A,N/A,D,N/A,N/A,N/A,N/A,N/A,N/A,N/A,N/A,N/A,HARVESTED
C1-14VB,C1,14,226,THPL,173,9.2,8.7,N/A,N/A,N/A,N/A,D,N/A,N/A,N/A,N/A,N/A,N/A,N/A,N/A,N/A,HARVESTED
C1-14VB,C1,14,229,TSHE,179,17.5,16.4,N/A,N/A,N/A,N/A,D,N/A,N/A,N/A,N/A,N/A,N/A,N/A,N/A,N/A,HARVESTED
C1-14VB,C1,14,230,THPL,188,10,9,N/A,N/A,N/A,N/A,D,N/A,N/A,N/A,N/A,N/A,N/A,N/A,N/A,N/A,HARVESTED
C1-14VB,C1,14,231,THPL,192,6.2,5.3,N/A,N/A,N/A,N/A,D,N/A,N/A,N/A,N/A,N/A,N/A,N/A,N/A,N/A,HARVESTED
C1-14VB,C1,14,232,THPL,192,16.3,14.9,N/A,N/A,N/A,N/A,D,N/A,N/A,N/A,N/A,N/A,N/A,N/A,N/A,N/A,HARVESTED
C1-14VB,C1,14,233,TSHE,208,16.1,14,N/A,N/A,N/A,N/A,D,N/A,N/A,N/A,N/A,N/A,N/A,N/A,N/A,N/A,BLOWN OVER
C1-14VB,C1,14,236,TSHE,223,17.7,14.9,N/A,N/A,N/A,N/A,D,N/A,N/A,N/A,N/A,N/A,N/A,N/A,N/A,N/A,HARVESTED
C1-14VB,C1,14,237,TSHE,224,19.6,16.7,N/A,N/A,N/A,N/A,D,N/A,N/A,N/A,N/A,N/A,N/A,N/A,N/A,N/A,HARVESTED
C1-14VB,C1,14,239,THPL,236,12.2,10.1,N/A,N/A,N/A,N/A,D,N/A,N/A,N/A,N/A,N/A,N/A,N/A,N/A,N/A,HARVESTED
C1-14VB,C1,14,241,TSHE,248,17.5,15.3,N/A,N/A,N/A,N/A,D,N/A,N/A,N/A,N/A,N/A,N/A,N/A,N/A,N/A,BLOWN OVER
C1-14VB,C1,14,242,THPL,255,10.9,9.3,N/A,N/A,N/A,N/A,D,N/A,N/A,N/A,N/A,N/A,N/A,N/A,N/A,N/A,NOT FOUND
C1-14VB,C1,14,243,THPL,259,14.8,12.8,N/A,N/A,N/A,N/A,D,N/A,N/A,N/A,N/A,N/A,N/A,N/A,N/A,N/A,NOT FOUND
C1-14VB,C1,14,244,TSHE,263,18.1,16.1,N/A,N/A,N/A,N/A,D,N/A,N/A,N/A,N/A,N/A,N/A,N/A,N/A,N/A,HARVESTED
C1-14VB,C1,14,245,THPL,274,14.7,13.2,N/A,N/A,N/A,N/A,D,N/A,N/A,N/A,N/A,N/A,N/A,N/A,N/A,N/A,HARVESTED
C1-14VB,C1,14,247,THPL,279,5.1,4.5,N/A,N/A,N/A,N/A,D,N/A,N/A,N/A,N/A,N/A,N/A,N/A,N/A,N/A,HARVESTED
C1-14VB,C1,14,249,THPL,288,18,16.8,N/A,N/A,N/A,N/A,D,N/A,N/A,N/A,N/A,N/A,N/A,N/A,N/A,N/A,HARVESTED
C1-14VB,C1,14,250,TSHE,295,12.5,11.7,N/A,N/A,N/A,N/A,D,N/A,N/A,N/A,N/A,N/A,N/A,N/A,N/A,N/A,NOT FOUND
C1-14VB,C1,14,252,TSHE,302,13.2,12.6,N/A,N/A,N/A,N/A,D,N/A,N/A,N/A,N/A,N/A,N/A,N/A,N/A,N/A,WINDBLOWN
C1-14VB,C1,14,253,THPL,303,17.9,17.2,N/A,N/A,N/A,N/A,D,N/A,N/A,N/A,N/A,N/A,N/A,N/A,N/A,N/A,HARVESTED
C1-14VB,C1,14,254,THPL,308,15.5,15.2,N/A,N/A,N/A,N/A,D,N/A,N/A,N/A,N/A,N/A,N/A,N/A,N/A,N/A,"NOT FOUND, PRESUMED CWD"
C1-14VB,C1,14,256,TSHE,322,13.6,13.3,N/A,N/A,N/A,N/A,D,N/A,N/A,N/A,N/A,N/A,N/A,N/A,N/A,N/A,HARVESTED
C1-14VB,C1,14,257,THPL,325,11.6,11.5,N/A,N/A,N/A,N/A,D,N/A,N/A,N/A,N/A,N/A,N/A,N/A,N/A,N/A,HARVESTED
C1-14VB,C1,14,258,THPL,327,15.3,15.2,N/A,N/A,N/A,N/A,D,N/A,N/A,N/A,N/A,N/A,N/A,N/A,N/A,N/A,HARVESTED
C1-14VB,C1,14,259,THPL,332,6.8,6.7,N/A,N/A,N/A,N/A,D,N/A,N/A,N/A,N/A,N/A,N/A,N/A,N/A,N/A,HARVESTED
C1-14VB,C1,14,261,THPL,340,2.4,2.4,N/A,N/A,N/A,N/A,D,N/A,N/A,N/A,N/A,N/A,N/A,N/A,N/A,N/A,HARVESTED
C1-14VB,C1,14,263,THPL,349,4.9,4.9,N/A,N/A,N/A,N/A,D,N/A,N/A,N/A,N/A,N/A,N/A,N/A,N/A,N/A,HARVESTED
C1-17V,C1,17,674,TSHE,2,8.6,8.3,N/A,N/A,N/A,N/A,D,N/A,N/A,N/A,N/A,N/A,N/A,N/A,N/A,N/A,HARVESTED STUMP
C1-17V,C1,17,677,TSHE,10,13,12.1,N/A,N/A,N/A,N/A,D,N/A,N/A,N/A,N/A,N/A,N/A,N/A,N/A,N/A,HARVESTED STUMP
C1-17V,C1,17,678,TSHE,12,19.5,17.7,N/A,N/A,N/A,N/A,D,N/A,N/A,N/A,N/A,N/A,N/A,N/A,N/A,N/A,CWD
C1-17V,C1,17,680,TSHE,22,17.9,16.7,N/A,N/A,N/A,N/A,D,N/A,N/A,N/A,N/A,N/A,N/A,N/A,N/A,N/A,HARVESTED STUMP
C1-17V,C1,17,681,TSHE,25,5.1,5,N/A,N/A,N/A,N/A,D,N/A,N/A,N/A,N/A,N/A,N/A,N/A,N/A,N/A,HARVESTED STUMP
C1-17V,C1,17,682,TSHE,32,14.7,13.8,N/A,N/A,N/A,N/A,D,N/A,N/A,N/A,N/A,N/A,N/A,N/A,N/A,N/A,CWD
C1-17V,C1,17,683,TSHE,32,14.5,13.6,N/A,N/A,N/A,N/A,D,N/A,N/A,N/A,N/A,N/A,N/A,N/A,N/A,N/A,HARVESTED STUMP
C1-17V,C1,17,684,TSHE,34,8.4,8,N/A,N/A,N/A,N/A,D,N/A,N/A,N/A,N/A,N/A,N/A,N/A,N/A,N/A,HARVESTED STUMP
C1-17V,C1,17,687,TSHE,46,14.1,13.2,N/A,N/A,N/A,N/A,D,N/A,N/A,N/A,N/A,N/A,N/A,N/A,N/A,N/A,HARVESTED STUMP
C1-17V,C1,17,693,TSHE,75,17.3,15.3,N/A,N/A,N/A,N/A,D,N/A,N/A,N/A,N/A,N/A,N/A,N/A,N/A,N/A,HARVESTED STUMP
C1-17V,C1,17,695,TSHE,92,8.4,7.3,N/A,N/A,N/A,N/A,D,N/A,N/A,N/A,N/A,N/A,N/A,N/A,N/A,N/A,HARVESTED STUMP
C1-17V,C1,17,696,THPL,93,13.8,12.2,N/A,N/A,N/A,N/A,D,N/A,N/A,N/A,N/A,N/A,N/A,N/A,N/A,N/A,HARVESTED STUMP
C1-17V,C1,17,698,TSHE,118,19.1,16.4,N/A,N/A,N/A,N/A,D,N/A,N/A,N/A,N/A,N/A,N/A,N/A,N/A,N/A,HARVESTED STUMP
C1-17V,C1,17,703,THPL,162,3.3,3.3,N/A,N/A,N/A,N/A,D,N/A,N/A,N/A,N/A,N/A,N/A,N/A,N/A,N/A,HARVESTED STUMP
C1-17V,C1,17,704,TSHE,163,14.8,14.3,N/A,N/A,N/A,N/A,D,N/A,N/A,N/A,N/A,N/A,N/A,N/A,N/A,N/A,HARVESTED STUMP
C1-17V,C1,17,706,THPL,177,11.6,11.5,N/A,N/A,N/A,N/A,D,N/A,N/A,N/A,N/A,N/A,N/A,N/A,N/A,N/A,CWD
C1-17V,C1,17,708,TSHE,185,13.7,13.7,N/A,N/A,N/A,N/A,D,N/A,N/A,N/A,N/A,N/A,N/A,N/A,N/A,N/A,HARVESTED STUMP
C1-17V,C1,17,710,TSHE,194,16.1,16,N/A,N/A,N/A,N/A,D,N/A,N/A,N/A,N/A,N/A,N/A,N/A,N/A,N/A,HARVESTED STUMP
C1-17V,C1,17,712,TSHE,212,13.9,13.7,N/A,N/A,N/A,N/A,D,N/A,N/A,N/A,N/A,N/A,N/A,N/A,N/A,N/A,HARVESTED STUMP
C1-17V,C1,17,714,THPL,217,6.8,6.6,N/A,N/A,N/A,N/A,D,N/A,N/A,N/A,N/A,N/A,N/A,N/A,N/A,N/A,HARVESTED STUMP
C1-17V,C1,17,717,TSHE,228,15.4,14.7,N/A,N/A,N/A,N/A,D,N/A,N/A,N/A,N/A,N/A,N/A,N/A,N/A,N/A,HARVESTED STUMP
C1-17V,C1,17,718,TSHE,239,7.1,6.6,N/A,N/A,N/A,N/A,D,N/A,N/A,N/A,N/A,N/A,N/A,N/A,N/A,N/A,HARVESTED STUMP
C1-17V,C1,17,721,TSHE,246,11.5,10.8,N/A,N/A,N/A,N/A,D,N/A,N/A,N/A,N/A,N/A,N/A,N/A,N/A,N/A,HARVESTED STUMP
C1-17V,C1,17,722,TSHE,249,16.7,15.6,N/A,N/A,N/A,N/A,D,N/A,N/A,N/A,N/A,N/A,N/A,N/A,N/A,N/A,HARVESTED STUMP
C1-17V,C1,17,723,TSHE,251,9.3,8.8,N/A,N/A,N/A,N/A,D,N/A,N/A,N/A,N/A,N/A,N/A,N/A,N/A,N/A,HARVESTED STUMP
C1-17V,C1,17,728,TSHE,269,8.9,8.6,N/A,N/A,N/A,N/A,D,N/A,N/A,N/A,N/A,N/A,N/A,N/A,N/A,N/A,HARVESTED STUMP
C1-17V,C1,17,729,TSHE,275,14.7,14.3,N/A,N/A,N/A,N/A,D,N/A,N/A,N/A,N/A,N/A,N/A,N/A,N/A,N/A,HARVESTED STUMP
C1-17V,C1,17,733,TSHE,289,15.2,15.2,N/A,N/A,N/A,N/A,D,N/A,N/A,N/A,N/A,N/A,N/A,N/A,N/A,N/A,HARVESTED STUMP
C1-17V,C1,17,734,TSHE,292,8.3,8.2,N/A,N/A,N/A,N/A,D,N/A,N/A,N/A,N/A,N/A,N/A,N/A,N/A,N/A,HARVESTED STUMP
C1-17V,C1,17,736,TSHE,300,12.8,12.8,N/A,N/A,N/A,N/A,D,N/A,N/A,N/A,N/A,N/A,N/A,N/A,N/A,N/A,HARVESTED STUMP
C1-17V,C1,17,737,TSHE,305,16.2,16.1,N/A,N/A,N/A,N/A,D,N/A,N/A,N/A,N/A,N/A,N/A,N/A,N/A,N/A,HARVESTED STUMP
C1-17V,C1,17,739,TSHE,320,6.6,6.6,N/A,N/A,N/A,N/A,D,N/A,N/A,N/A,N/A,N/A,N/A,N/A,N/A,N/A,HARVESTED STUMP
C1-17V,C1,17,741,TSHE,328,17.5,16.9,N/A,N/A,N/A,N/A,D,N/A,N/A,N/A,N/A,N/A,N/A,N/A,N/A,N/A,HARVESTED STUMP
C1-17V,C1,17,742,TSHE,328,5.8,5.8,N/A,N/A,N/A,N/A,D,N/A,N/A,N/A,N/A,N/A,N/A,N/A,N/A,N/A,HARVESTED STUMP
C1-17V,C1,17,747,TSHE,351,11.9,11.3,N/A,N/A,N/A,N/A,D,N/A,N/A,N/A,N/A,N/A,N/A,N/A,N/A,N/A,HARVESTED STUMP
C1-18V,C1,18,921,ALRU2,104,14.9,14.1,N/A,N/A,N/A,N/A,D,N/A,N/A,N/A,N/A,N/A,N/A,N/A,N/A,N/A,CWD
C1-18V,C1,18,924,TSHE,136,6.1,6.0,N/A,N/A,N/A,N/A,D,N/A,N/A,N/A,N/A,N/A,N/A,N/A,N/A,N/A,HARVESTED STUMP
C1-24VB,C1,24,139,TSHE,3,18.4,17.4,N/A,N/A,N/A,N/A,D,N/A,N/A,N/A,N/A,N/A,N/A,N/A,N/A,N/A,HARVESTED STUMP
C1-24VB,C1,24,143,THPL,15,5.3,5.1,N/A,N/A,N/A,N/A,D,N/A,N/A,N/A,N/A,N/A,N/A,N/A,N/A,N/A,HARVESTED STUMP
C1-24VB,C1,24,144,THPL,15,8.5,8.3,N/A,N/A,N/A,N/A,D,N/A,N/A,N/A,N/A,N/A,N/A,N/A,N/A,N/A,HARVESTED STUMP
C1-24VB,C1,24,146,THPL,41,7.3,7.3,N/A,N/A,N/A,N/A,D,N/A,N/A,N/A,N/A,N/A,N/A,N/A,N/A,N/A,HARVESTED STUMP
C1-24VB,C1,24,149,TSHE,53,11,11,N/A,N/A,N/A,N/A,D,N/A,N/A,N/A,N/A,N/A,N/A,N/A,N/A,N/A,HARVESTED STUMP
C1-24VB,C1,24,150,THPL,53,9.4,9.3,N/A,N/A,N/A,N/A,D,N/A,N/A,N/A,N/A,N/A,N/A,N/A,N/A,N/A,HARVESTED STUMP
C1-24VB,C1,24,151,THPL,62,13.9,13.6,N/A,N/A,N/A,N/A,D,N/A,N/A,N/A,N/A,N/A,N/A,N/A,N/A,N/A,HARVESTED STUMP
C1-24VB,C1,24,153,TSHE,74,18.4,17.4,N/A,N/A,N/A,N/A,D,N/A,N/A,N/A,N/A,N/A,N/A,N/A,N/A,N/A,HARVESTED STUMP
C1-24VB,C1,24,154,TSHE,75,11.4,10.8,N/A,N/A,N/A,N/A,D,N/A,N/A,N/A,N/A,N/A,N/A,N/A,N/A,N/A,HARVESTED STUMP
C1-24VB,C1,24,155,THPL,82,19,17.7,N/A,N/A,N/A,N/A,D,N/A,N/A,N/A,N/A,N/A,N/A,N/A,N/A,N/A,HARVESTED STUMP
C1-24VB,C1,24,157,TSHE,87,11.3,10.5,N/A,N/A,N/A,N/A,D,N/A,N/A,N/A,N/A,N/A,N/A,N/A,N/A,N/A,HARVESTED STUMP
C1-24VB,C1,24,160,TSHE,109,15.3,13.8,N/A,N/A,N/A,N/A,D,N/A,N/A,N/A,N/A,N/A,N/A,N/A,N/A,N/A,HARVESTED STUMP
C1-24VB,C1,24,163,TSHE,156,15.6,14.6,N/A,N/A,N/A,N/A,D,N/A,N/A,N/A,N/A,N/A,N/A,N/A,N/A,N/A,HARVESTED STUMP
C1-24VB,C1,24,167,THPL,190,11.2,11.2,N/A,N/A,N/A,N/A,D,N/A,N/A,N/A,N/A,N/A,N/A,N/A,N/A,N/A,HARVESTED STUMP
C1-24VB,C1,24,168,TSHE,200,12.6,12.6,N/A,N/A,N/A,N/A,D,N/A,N/A,N/A,N/A,N/A,N/A,N/A,N/A,N/A,HARVESTED STUMP
C1-24VB,C1,24,170,THPL,215,11.7,11.6,N/A,N/A,N/A,N/A,D,N/A,N/A,N/A,N/A,N/A,N/A,N/A,N/A,N/A,HARVESTED STUMP
C1-24VB,C1,24,172,TSHE,223,9.7,9.5,N/A,N/A,N/A,N/A,D,N/A,N/A,N/A,N/A,N/A,N/A,N/A,N/A,N/A,HARVESTED STUMP
C1-24VB,C1,24,173,TSHE,225,7,6.8,N/A,N/A,N/A,N/A,D,N/A,N/A,N/A,N/A,N/A,N/A,N/A,N/A,N/A,HARVESTED STUMP
C1-24VB,C1,24,175,THPL,246,12.7,11.8,N/A,N/A,N/A,N/A,D,N/A,N/A,N/A,N/A,N/A,N/A,N/A,N/A,N/A,HARVESTED STUMP
C1-24VB,C1,24,176,THPL,252,17.4,16,N/A,N/A,N/A,N/A,D,N/A,N/A,N/A,N/A,N/A,N/A,N/A,N/A,N/A,NOT FOUND
C1-24VB,C1,24,181,TSHE,290,19.3,16.9,N/A,N/A,N/A,N/A,D,N/A,N/A,N/A,N/A,N/A,N/A,N/A,N/A,N/A,NOT FOUND
C1-24VB,C1,24,182,THPL,290,11.9,10.3,N/A,N/A,N/A,N/A,D,N/A,N/A,N/A,N/A,N/A,N/A,N/A,N/A,N/A,NOT FOUND
C1-24VB,C1,24,183,THPL,295,11.9,10.3,N/A,N/A,N/A,N/A,D,N/A,N/A,N/A,N/A,N/A,N/A,N/A,N/A,N/A,NOT FOUND
C1-24VB,C1,24,185,THPL,301,9.2,7.7,N/A,N/A,N/A,N/A,D,N/A,N/A,N/A,N/A,N/A,N/A,N/A,N/A,N/A,NOT FOUND
C1-24VB,C1,24,186,THPL,304,12.2,10.7,N/A,N/A,N/A,N/A,D,N/A,N/A,N/A,N/A,N/A,N/A,N/A,N/A,N/A,NOT FOUND
C1-24VB,C1,24,187,THPL,305,15.8,13.6,N/A,N/A,N/A,N/A,D,N/A,N/A,N/A,N/A,N/A,N/A,N/A,N/A,N/A,NOT FOUND
C1-24VB,C1,24,189,THPL,339,8.5,7.5,N/A,N/A,N/A,N/A,D,N/A,N/A,N/A,N/A,N/A,N/A,N/A,N/A,N/A,HARVESTED STUMP
C1-25VB,C1,25,502,PSME,6,20.3,15,N/A,N/A,N/A,N/A,D,N/A,N/A,N/A,N/A,N/A,N/A,N/A,N/A,N/A,CWD
C1-25VB,C1,25,508,TSHE,26,1.6,1.6,N/A,N/A,N/A,N/A,D,N/A,N/A,N/A,N/A,N/A,N/A,N/A,N/A,N/A,CWD BLOWN OVER
C1-25VB,C1,25,521,PSME,76,6.7,6.5,N/A,N/A,N/A,N/A,D,N/A,N/A,N/A,N/A,N/A,N/A,N/A,N/A,N/A,CWD WINDBLOWN
C1-25VB,C1,25,525,TSHE,83,13,12.4,N/A,N/A,N/A,N/A,D,N/A,N/A,N/A,N/A,N/A,N/A,N/A,N/A,N/A,"CWD, NOT FOUND"
C1-25VB,C1,25,531,TSHE,116,3.7,3.6,N/A,N/A,N/A,N/A,D,N/A,N/A,N/A,N/A,N/A,N/A,N/A,N/A,N/A,CWD
C1-25VB,C1,25,544,PSME,168,19.7,17.3,N/A,N/A,N/A,N/A,D,N/A,N/A,N/A,N/A,N/A,N/A,N/A,N/A,N/A,CWD
C1-25VB,C1,25,571,TSHE,273,15.4,15.2,N/A,N/A,N/A,N/A,D,N/A,N/A,N/A,N/A,N/A,N/A,N/A,N/A,N/A,CWD
C1-25VB,C1,25,579,TSHE,326,14.9,12.5,N/A,N/A,N/A,N/A,D,N/A,N/A,N/A,N/A,N/A,N/A,N/A,N/A,N/A,CWD
C1-25VB,C1,25,581,TSHE,334,2.5,2.1,N/A,N/A,N/A,N/A,D,N/A,N/A,N/A,N/A,N/A,N/A,N/A,N/A,N/A,CWD WINDBLOWN
C1-25VB,C1,25,582,TSHE,335,12.9,10.5,N/A,N/A,N/A,N/A,D,N/A,N/A,N/A,N/A,N/A,N/A,N/A,N/A,N/A,CWD
C1-28VB,C1,28,120,TSHE,103,6.2,6.2,N/A,N/A,N/A,N/A,D,N/A,N/A,N/A,N/A,N/A,N/A,N/A,N/A,N/A,NOT FOUND
C2-5VB,C2,5,16,TSHE,75,6.7,6.7,N/A,N/A,N/A,N/A,D,N/A,N/A,N/A,N/A,N/A,N/A,N/A,N/A,N/A,NOW CWD
C2-5VB,C2,5,30,PSME,129,15.1,15,N/A,N/A,N/A,N/A,D,N/A,N/A,N/A,N/A,N/A,N/A,N/A,N/A,N/A,NOW CWD
C2-5VB,C2,5,37,TSHE,155,0.8,0.8,N/A,N/A,N/A,N/A,D,N/A,N/A,N/A,N/A,N/A,N/A,N/A,N/A,N/A,CWD - UPROOTED
C2-12VB,C2,12,1258,TSHE,187,0.8,0.8,N/A,N/A,N/A,N/A,D,N/A,N/A,N/A,N/A,N/A,N/A,N/A,N/A,N/A,CWD - SNAPPED OFF AT BASE
C2-13V,C2,13,1039,TSHE,3,14.5,13.7,N/A,N/A,N/A,N/A,D,N/A,N/A,N/A,N/A,N/A,N/A,N/A,N/A,N/A,CWD
C2-13V,C2,13,1042,THPL,41,12.8,12.8,N/A,N/A,N/A,N/A,D,N/A,N/A,N/A,N/A,N/A,N/A,N/A,N/A,N/A,"CWD, SNAPPED BELOW DBH"
C2-13V,C2,13,1049,THPL,64,17.9,16.9,N/A,N/A,N/A,N/A,D,N/A,N/A,N/A,N/A,N/A,N/A,N/A,N/A,N/A,CWD
C2-13V,C2,13,1054,TSHE,81,6.6,6.3,N/A,N/A,N/A,N/A,D,N/A,N/A,N/A,N/A,N/A,N/A,N/A,N/A,N/A,CWD
C2-13V,C2,13,1072,TSHE,214,8.5,8.5,N/A,N/A,N/A,N/A,D,N/A,N/A,N/A,N/A,N/A,N/A,N/A,N/A,N/A,CWD
C2-13V,C2,13,1079,TSHE,296,8.0,7.3,N/A,N/A,N/A,N/A,D,N/A,N/A,N/A,N/A,N/A,N/A,N/A,N/A,N/A,NOT FOUND
C2-13V,C2,13,1082,TSHE,331,17.8,16.6,N/A,N/A,N/A,N/A,D,N/A,N/A,N/A,N/A,N/A,N/A,N/A,N/A,N/A,CWD
C2-13V,C2,13,1084,TSHE,351,9.8,9.1,N/A,N/A,N/A,N/A,D,N/A,N/A,N/A,N/A,N/A,N/A,N/A,N/A,N/A,CWD
C2-15VB,C2,15,1411,TSHE,79,15.6,14.0,N/A,N/A,N/A,N/A,D,N/A,N/A,N/A,N/A,N/A,N/A,N/A,N/A,N/A,CWD
C2-15VB,C2,15,1412,ALRU2,81,16.4,14.7,N/A,N/A,N/A,N/A,D,N/A,N/A,N/A,N/A,N/A,N/A,N/A,N/A,N/A,CWD
C2-15VB,C2,15,1415,TSHE,83,10.6,7.7,N/A,N/A,N/A,N/A,D,N/A,N/A,N/A,N/A,N/A,N/A,N/A,N/A,N/A,STUMP NOT HARVESTED
C2-15VB,C2,15,1418,TSHE,103,7.6,4.8,N/A,N/A,N/A,N/A,D,N/A,N/A,N/A,N/A,N/A,N/A,N/A,N/A,N/A,CWD
C2-15VB,C2,15,1419,TSHE,104,7.6,4.7,N/A,N/A,N/A,N/A,D,N/A,N/A,N/A,N/A,N/A,N/A,N/A,N/A,N/A,CWD
C2-15VB,C2,15,1420,TSHE,105,7.5,5.3,N/A,N/A,N/A,N/A,D,N/A,N/A,N/A,N/A,N/A,N/A,N/A,N/A,N/A,CWD
C2-15VB,C2,15,1443,TSHE,110,20.9,13.9,N/A,N/A,N/A,N/A,D,N/A,N/A,N/A,N/A,N/A,N/A,N/A,N/A,N/A,CWD
C2-15VB,C2,15,1437,TSHE,212,11.0,10.8,N/A,N/A,N/A,N/A,D,N/A,N/A,N/A,N/A,N/A,N/A,N/A,N/A,N/A,STUMP
C2-15VB,C2,15,1464,PISI,275,19.1,16.6,N/A,N/A,N/A,N/A,D,N/A,N/A,N/A,N/A,N/A,N/A,N/A,N/A,N/A,STUMP
C2-17VB,C2,17,982,PSME,3,16.9,14.1,N/A,N/A,N/A,N/A,D,N/A,N/A,N/A,N/A,N/A,N/A,N/A,N/A,N/A,CWD
C2-17VB,C2,17,848,TSHE,249,15.6,15.4,N/A,N/A,N/A,N/A,D,N/A,N/A,N/A,N/A,N/A,N/A,N/A,N/A,N/A,CWD
C2-17VB,C2,17,849,ALRU2,274,12.0,11.6,N/A,N/A,N/A,N/A,D,N/A,N/A,N/A,N/A,N/A,N/A,N/A,N/A,N/A,CWD
C2-17VB,C2,17,850,TSHE,286,16.5,15.3,N/A,N/A,N/A,N/A,D,N/A,N/A,N/A,N/A,N/A,N/A,N/A,N/A,N/A,CWD
C2-20VB,C2,20,1305,TSHE,59,12.1,10.4,N/A,N/A,N/A,N/A,D,N/A,N/A,N/A,N/A,N/A,N/A,N/A,N/A,N/A,"NOT FOUND, PRESUMED CWD"
C2-20VB,C2,20,1308,THPL,80,14.4,13.1,N/A,N/A,N/A,N/A,D,N/A,N/A,N/A,N/A,N/A,N/A,N/A,N/A,N/A,CWD
C2-20VB,C2,20,1357,PSME,298,4.6,4.6,N/A,N/A,N/A,N/A,D,N/A,N/A,N/A,N/A,N/A,N/A,N/A,N/A,N/A,"NOT FOUND, PRESUMED CWD"
C2-25VB,C2,25,537,TSHE,335,20.5,17.6,N/A,N/A,N/A,N/A,D,N/A,N/A,N/A,N/A,N/A,N/A,N/A,N/A,N/A,NOW CWD
C2-26V,C2,26,1090,TSHE,22,16.4,15.6,N/A,N/A,N/A,N/A,D,N/A,N/A,N/A,N/A,N/A,N/A,N/A,N/A,N/A,HARVESTED STUMP
C2-26V,C2,26,1091,TSHE,22,14.8,14.0,N/A,N/A,N/A,N/A,D,N/A,N/A,N/A,N/A,N/A,N/A,N/A,N/A,N/A,HARVESTED STUMP
C2-26V,C2,26,1092,THPL,26,16.4,15.6,N/A,N/A,N/A,N/A,D,N/A,N/A,N/A,N/A,N/A,N/A,N/A,N/A,N/A,HARVESTED STUMP
C2-26V,C2,26,1093,TSHE,32,14.5,13.6,N/A,N/A,N/A,N/A,D,N/A,N/A,N/A,N/A,N/A,N/A,N/A,N/A,N/A,HARVESTED STUMP
C2-26V,C2,26,1094,THPL,35,15.7,14.8,N/A,N/A,N/A,N/A,D,N/A,N/A,N/A,N/A,N/A,N/A,N/A,N/A,N/A,HARVESTED STUMP
C2-26V,C2,26,1095,THPL,35,11.8,11.1,N/A,N/A,N/A,N/A,D,N/A,N/A,N/A,N/A,N/A,N/A,N/A,N/A,N/A,HARVESTED STUMP
C2-26V,C2,26,1098,TSHE,38,10.7,10.1,N/A,N/A,N/A,N/A,D,N/A,N/A,N/A,N/A,N/A,N/A,N/A,N/A,N/A,HARVESTED STUMP
C2-26V,C2,26,1100,TSHE,50,8.0,7.5,N/A,N/A,N/A,N/A,D,N/A,N/A,N/A,N/A,N/A,N/A,N/A,N/A,N/A,HARVESTED STUMP
C2-26V,C2,26,1101,THPL,51,9.0,8.4,N/A,N/A,N/A,N/A,D,N/A,N/A,N/A,N/A,N/A,N/A,N/A,N/A,N/A,HARVESTED STUMP
C2-26V,C2,26,1104,TSHE,63,11.2,10.1,N/A,N/A,N/A,N/A,D,N/A,N/A,N/A,N/A,N/A,N/A,N/A,N/A,N/A,NOT FOUND
C2-26V,C2,26,1109,TSHE,67,18.7,17.4,N/A,N/A,N/A,N/A,D,N/A,N/A,N/A,N/A,N/A,N/A,N/A,N/A,N/A,WINDTHROWN STUMP
C2-26V,C2,26,1110,THPL,69,18.8,17.5,N/A,N/A,N/A,N/A,D,N/A,N/A,N/A,N/A,N/A,N/A,N/A,N/A,N/A,NOT FOUND - PRESUMED HARVESTED OR CWD
C2-26V,C2,26,1105,THPL,74,5.8,5.6,N/A,N/A,N/A,N/A,D,N/A,N/A,N/A,N/A,N/A,N/A,N/A,N/A,N/A,NOT FOUND
C2-26V,C2,26,1107,TSHE,77,9.1,8.6,N/A,N/A,N/A,N/A,D,N/A,N/A,N/A,N/A,N/A,N/A,N/A,N/A,N/A,HARVESTED
C2-26V,C2,26,1111,TSHE,77,18.3,17.1,N/A,N/A,N/A,N/A,D,N/A,N/A,N/A,N/A,N/A,N/A,N/A,N/A,N/A,HARVESTED
C2-26V,C2,26,1106,THPL,78,7.5,7.1,N/A,N/A,N/A,N/A,D,N/A,N/A,N/A,N/A,N/A,N/A,N/A,N/A,N/A,NOT FOUND
C2-26V,C2,26,1112,TSHE,88,13.5,13.0,N/A,N/A,N/A,N/A,D,N/A,N/A,N/A,N/A,N/A,N/A,N/A,N/A,N/A,HARVESTED
C2-26V,C2,26,1114,TSHE,91,10.9,10.3,N/A,N/A,N/A,N/A,D,N/A,N/A,N/A,N/A,N/A,N/A,N/A,N/A,N/A,HARVESTED
C2-26V,C2,26,1115,THPL,97,15.8,15.6,N/A,N/A,N/A,N/A,D,N/A,N/A,N/A,N/A,N/A,N/A,N/A,N/A,N/A,HARVESTED
C2-26V,C2,26,1116,TSHE,105,9.3,9.2,N/A,N/A,N/A,N/A,D,N/A,N/A,N/A,N/A,N/A,N/A,N/A,N/A,N/A,NOT FOUND - MAY BE THE SNAG NOW TAGGED 2070
C2-26V,C2,26,1117,TSHE,117,16.4,16.3,N/A,N/A,N/A,N/A,D,N/A,N/A,N/A,N/A,N/A,N/A,N/A,N/A,N/A,NOT FOUND
C2-26V,C2,26,1119,TSHE,121,8.6,8.6,N/A,N/A,N/A,N/A,D,N/A,N/A,N/A,N/A,N/A,N/A,N/A,N/A,N/A,HARVESTED
C2-26V,C2,26,1120,THPL,127,16.4,16.4,N/A,N/A,N/A,N/A,D,N/A,N/A,N/A,N/A,N/A,N/A,N/A,N/A,N/A,HARVESTED
C2-26V,C2,26,1121,TSHE,130,13.2,13.1,N/A,N/A,N/A,N/A,D,N/A,N/A,N/A,N/A,N/A,N/A,N/A,N/A,N/A,HARVESTED
C2-26V,C2,26,1123,TSHE,134,14.6,14.5,N/A,N/A,N/A,N/A,D,N/A,N/A,N/A,N/A,N/A,N/A,N/A,N/A,N/A,HARVESTED
C2-26V,C2,26,1124,THPL,134,13.9,13.8,N/A,N/A,N/A,N/A,D,N/A,N/A,N/A,N/A,N/A,N/A,N/A,N/A,N/A,HARVESTED
C2-26V,C2,26,1126,THPL,149,13.7,13.0,N/A,N/A,N/A,N/A,D,N/A,N/A,N/A,N/A,N/A,N/A,N/A,N/A,N/A,HARVESTED
C2-26V,C2,26,1127,TSHE,150,16.8,15.8,N/A,N/A,N/A,N/A,D,N/A,N/A,N/A,N/A,N/A,N/A,N/A,N/A,N/A,HARVESTED
C2-26V,C2,26,1128,TSHE,152,17.6,16.5,N/A,N/A,N/A,N/A,D,N/A,N/A,N/A,N/A,N/A,N/A,N/A,N/A,N/A,HARVESTED
C2-26V,C2,26,1129,TSHE,156,15.9,14.8,N/A,N/A,N/A,N/A,D,N/A,N/A,N/A,N/A,N/A,N/A,N/A,N/A,N/A,"TAG FOUND ON GROUND, PRESUMED HARVESTED"
C2-26V,C2,26,1130,TSHE,156,17.7,16.6,N/A,N/A,N/A,N/A,D,N/A,N/A,N/A,N/A,N/A,N/A,N/A,N/A,N/A,HARVESTED
C2-26V,C2,26,1131,TSHE,160,16.5,15.4,N/A,N/A,N/A,N/A,D,N/A,N/A,N/A,N/A,N/A,N/A,N/A,N/A,N/A,HARVESTED
C2-26V,C2,26,1132,THPL,162,6.0,5.8,N/A,N/A,N/A,N/A,D,N/A,N/A,N/A,N/A,N/A,N/A,N/A,N/A,N/A,HARVESTED
C2-26V,C2,26,1133,THPL,165,11.3,10.5,N/A,N/A,N/A,N/A,D,N/A,N/A,N/A,N/A,N/A,N/A,N/A,N/A,N/A,HARVESTED
C2-26V,C2,26,1134,TSHE,165,18.5,17.0,N/A,N/A,N/A,N/A,D,N/A,N/A,N/A,N/A,N/A,N/A,N/A,N/A,N/A,HARVESTED
C2-26V,C2,26,1135,TSHE,165,18.4,16.9,N/A,N/A,N/A,N/A,D,N/A,N/A,N/A,N/A,N/A,N/A,N/A,N/A,N/A,HARVESTED
C2-26V,C2,26,1136,TSHE,167,19.2,17.5,N/A,N/A,N/A,N/A,D,N/A,N/A,N/A,N/A,N/A,N/A,N/A,N/A,N/A,HARVESTED
C2-26V,C2,26,1137,THPL,171,13.0,11.8,N/A,N/A,N/A,N/A,D,N/A,N/A,N/A,N/A,N/A,N/A,N/A,N/A,N/A,HARVESTED
C2-26V,C2,26,1139,THPL,182,16.6,14.9,N/A,N/A,N/A,N/A,D,N/A,N/A,N/A,N/A,N/A,N/A,N/A,N/A,N/A,HARVESTED
C2-26V,C2,26,1141,TSHE,187,11.3,10.4,N/A,N/A,N/A,N/A,D,N/A,N/A,N/A,N/A,N/A,N/A,N/A,N/A,N/A,"TAG FOUND ON GROUND, PRESUMED HARVESTED"
C2-26V,C2,26,1142,THPL,192,15.4,13.8,N/A,N/A,N/A,N/A,D,N/A,N/A,N/A,N/A,N/A,N/A,N/A,N/A,N/A,HARVESTED
C2-26V,C2,26,1143,THPL,195,13.7,12.3,N/A,N/A,N/A,N/A,D,N/A,N/A,N/A,N/A,N/A,N/A,N/A,N/A,N/A,HARVESTED
C2-26V,C2,26,1144,TSHE,196,17.6,15.6,N/A,N/A,N/A,N/A,D,N/A,N/A,N/A,N/A,N/A,N/A,N/A,N/A,N/A,HARVESTED
C2-26V,C2,26,1145,TSHE,197,13.6,12.3,N/A,N/A,N/A,N/A,D,N/A,N/A,N/A,N/A,N/A,N/A,N/A,N/A,N/A,HARVESTED
C2-26V,C2,26,1146,TSHE,197,19.5,17.3,N/A,N/A,N/A,N/A,D,N/A,N/A,N/A,N/A,N/A,N/A,N/A,N/A,N/A,HARVESTED
C2-26V,C2,26,1147,TSHE,201,18.4,16.4,N/A,N/A,N/A,N/A,D,N/A,N/A,N/A,N/A,N/A,N/A,N/A,N/A,N/A,HARVESTED
C2-26V,C2,26,1148,TSHE,206,8.9,8.0,N/A,N/A,N/A,N/A,D,N/A,N/A,N/A,N/A,N/A,N/A,N/A,N/A,N/A,HARVESTED
C2-26V,C2,26,1149,THPL,206,14.3,13.0,N/A,N/A,N/A,N/A,D,N/A,N/A,N/A,N/A,N/A,N/A,N/A,N/A,N/A,HARVESTED
C2-26V,C2,26,1150,THPL,207,16.0,14.4,N/A,N/A,N/A,N/A,D,N/A,N/A,N/A,N/A,N/A,N/A,N/A,N/A,N/A,HARVESTED
C2-26V,C2,26,1151,TSHE,211,13.8,12.8,N/A,N/A,N/A,N/A,D,N/A,N/A,N/A,N/A,N/A,N/A,N/A,N/A,N/A,HARVESTED
C2-26V,C2,26,1152,TSHE,213,19.0,17.0,N/A,N/A,N/A,N/A,D,N/A,N/A,N/A,N/A,N/A,N/A,N/A,N/A,N/A,HARVESTED
C2-26V,C2,26,1153,THPL,220,17.3,15.6,N/A,N/A,N/A,N/A,D,N/A,N/A,N/A,N/A,N/A,N/A,N/A,N/A,N/A,HARVESTED
C2-26V,C2,26,1154,TSHE,220,11.4,10.5,N/A,N/A,N/A,N/A,D,N/A,N/A,N/A,N/A,N/A,N/A,N/A,N/A,N/A,HARVESTED
C2-26V,C2,26,1155,TSHE,225,19.1,17.4,N/A,N/A,N/A,N/A,D,N/A,N/A,N/A,N/A,N/A,N/A,N/A,N/A,N/A,HARVESTED
C2-26V,C2,26,1156,THPL,226,17.6,16.0,N/A,N/A,N/A,N/A,D,N/A,N/A,N/A,N/A,N/A,N/A,N/A,N/A,N/A,HARVESTED
C2-26V,C2,26,1157,TSHE,235,12.3,11.6,N/A,N/A,N/A,N/A,D,N/A,N/A,N/A,N/A,N/A,N/A,N/A,N/A,N/A,HARVESTED
C2-26V,C2,26,1158,THPL,236,5.2,5.0,N/A,N/A,N/A,N/A,D,N/A,N/A,N/A,N/A,N/A,N/A,N/A,N/A,N/A,HARVESTED
C2-26V,C2,26,1159,TSHE,241,12.9,12.2,N/A,N/A,N/A,N/A,D,N/A,N/A,N/A,N/A,N/A,N/A,N/A,N/A,N/A,HARVESTED
C2-26V,C2,26,1160,THPL,242,17.0,16.1,N/A,N/A,N/A,N/A,D,N/A,N/A,N/A,N/A,N/A,N/A,N/A,N/A,N/A,HARVESTED
C2-26V,C2,26,1161,THPL,243,15.9,14.9,N/A,N/A,N/A,N/A,D,N/A,N/A,N/A,N/A,N/A,N/A,N/A,N/A,N/A,HARVESTED
C2-26V,C2,26,1163,THPL,246,4.9,4.7,N/A,N/A,N/A,N/A,D,N/A,N/A,N/A,N/A,N/A,N/A,N/A,N/A,N/A,HARVESTED
C2-26V,C2,26,1164,TSHE,246,7.1,6.8,N/A,N/A,N/A,N/A,D,N/A,N/A,N/A,N/A,N/A,N/A,N/A,N/A,N/A,HARVESTED
C2-26V,C2,26,1165,TSHE,250,16.9,16.1,N/A,N/A,N/A,N/A,D,N/A,N/A,N/A,N/A,N/A,N/A,N/A,N/A,N/A,HARVESTED
C2-26V,C2,26,1166,THPL,252,4.4,4.3,N/A,N/A,N/A,N/A,D,N/A,N/A,N/A,N/A,N/A,N/A,N/A,N/A,N/A,HARVESTED
C2-26V,C2,26,1167,TSHE,252,13.1,12.6,N/A,N/A,N/A,N/A,D,N/A,N/A,N/A,N/A,N/A,N/A,N/A,N/A,N/A,HARVESTED
C2-26V,C2,26,1168,TSHE,253,12.6,12.1,N/A,N/A,N/A,N/A,D,N/A,N/A,N/A,N/A,N/A,N/A,N/A,N/A,N/A,HARVESTED
C2-26V,C2,26,1169,THPL,260,16.4,15.8,N/A,N/A,N/A,N/A,D,N/A,N/A,N/A,N/A,N/A,N/A,N/A,N/A,N/A,HARVESTED
C2-26V,C2,26,1170,TSHE,264,9.7,9.5,N/A,N/A,N/A,N/A,D,N/A,N/A,N/A,N/A,N/A,N/A,N/A,N/A,N/A,HARVESTED
C2-26V,C2,26,1171,TSHE,269,12.8,12.6,N/A,N/A,N/A,N/A,D,N/A,N/A,N/A,N/A,N/A,N/A,N/A,N/A,N/A,HARVESTED
C2-26V,C2,26,1172,TSHE,269,10.2,9.9,N/A,N/A,N/A,N/A,D,N/A,N/A,N/A,N/A,N/A,N/A,N/A,N/A,N/A,HARVESTED
C2-26V,C2,26,1173,THPL,271,13.4,13.2,N/A,N/A,N/A,N/A,D,N/A,N/A,N/A,N/A,N/A,N/A,N/A,N/A,N/A,HARVESTED
C2-26V,C2,26,1174,THPL,271,16.1,15.9,N/A,N/A,N/A,N/A,D,N/A,N/A,N/A,N/A,N/A,N/A,N/A,N/A,N/A,HARVESTED
C2-26V,C2,26,1176,TSHE,290,13.3,13.2,N/A,N/A,N/A,N/A,D,N/A,N/A,N/A,N/A,N/A,N/A,N/A,N/A,N/A,HARVESTED
C2-26V,C2,26,1177,TSHE,291,15.8,15.7,N/A,N/A,N/A,N/A,D,N/A,N/A,N/A,N/A,N/A,N/A,N/A,N/A,N/A,HARVESTED
C2-26V,C2,26,1179,TSHE,293,11.4,11.4,N/A,N/A,N/A,N/A,D,N/A,N/A,N/A,N/A,N/A,N/A,N/A,N/A,N/A,FELL OVER
C2-26V,C2,26,1183,TSHE,300,12.1,12.1,N/A,N/A,N/A,N/A,D,N/A,N/A,N/A,N/A,N/A,N/A,N/A,N/A,N/A,HARVESTED
C2-26V,C2,26,1184,TSHE,302,17.5,17.5,N/A,N/A,N/A,N/A,D,N/A,N/A,N/A,N/A,N/A,N/A,N/A,N/A,N/A,HARVESTED
C2-26V,C2,26,1187,TSHE,319,12.4,12.3,N/A,N/A,N/A,N/A,D,N/A,N/A,N/A,N/A,N/A,N/A,N/A,N/A,N/A,HARVESTED
N1-2V,N1,2,965,PSME,2,13.8,13.8,N/A,N/A,N/A,N/A,D,N/A,N/A,N/A,N/A,N/A,N/A,N/A,N/A,N/A,HARVESTED STUMP
N1-2V,N1,2,966,PSME,3,17.2,17.2,N/A,N/A,N/A,N/A,D,N/A,N/A,N/A,N/A,N/A,N/A,N/A,N/A,N/A,HARVESTED STUMP
N1-2V,N1,2,968,TSHE,6,10.9,10.9,N/A,N/A,N/A,N/A,D,N/A,N/A,N/A,N/A,N/A,N/A,N/A,N/A,N/A,HARVESTED STUMP
N1-2V,N1,2,969,TSHE,11,16.6,16.6,N/A,N/A,N/A,N/A,D,N/A,N/A,N/A,N/A,N/A,N/A,N/A,N/A,N/A,HARVESTED STUMP
N1-2V,N1,2,970,TSHE,13,10.6,10.5,N/A,N/A,N/A,N/A,D,N/A,N/A,N/A,N/A,N/A,N/A,N/A,N/A,N/A,HARVESTED STUMP
N1-2V,N1,2,971,TSHE,17,12.2,12.2,N/A,N/A,N/A,N/A,D,N/A,N/A,N/A,N/A,N/A,N/A,N/A,N/A,N/A,HARVESTED STUMP
N1-2V,N1,2,972,PSME,17,4.9,4.8,N/A,N/A,N/A,N/A,D,N/A,N/A,N/A,N/A,N/A,N/A,N/A,N/A,N/A,HARVESTED STUMP
N1-2V,N1,2,973,TSHE,25,11.9,11.7,N/A,N/A,N/A,N/A,D,N/A,N/A,N/A,N/A,N/A,N/A,N/A,N/A,N/A,HARVESTED STUMP
N1-2V,N1,2,974,PSME,26,7.9,7.7,N/A,N/A,N/A,N/A,D,N/A,N/A,N/A,N/A,N/A,N/A,N/A,N/A,N/A,HARVESTED STUMP
N1-2V,N1,2,975,PSME,27,8.1,7.9,N/A,N/A,N/A,N/A,D,N/A,N/A,N/A,N/A,N/A,N/A,N/A,N/A,N/A,HARVESTED STUMP
N1-2V,N1,2,976,TSHE,30,16.5,16.2,N/A,N/A,N/A,N/A,D,N/A,N/A,N/A,N/A,N/A,N/A,N/A,N/A,N/A,HARVESTED STUMP
N1-2V,N1,2,981,TSHE,63,8.6,8.0,N/A,N/A,N/A,N/A,D,N/A,N/A,N/A,N/A,N/A,N/A,N/A,N/A,N/A,HARVESTED STUMP
N1-2V,N1,2,982,TSHE,66,15.8,14.6,N/A,N/A,N/A,N/A,D,N/A,N/A,N/A,N/A,N/A,N/A,N/A,N/A,N/A,HARVESTED STUMP
N1-2V,N1,2,983,TSHE,68,10.5,9.6,N/A,N/A,N/A,N/A,D,N/A,N/A,N/A,N/A,N/A,N/A,N/A,N/A,N/A,HARVESTED STUMP
N1-2V,N1,2,986,TSHE,76,14.8,13.6,N/A,N/A,N/A,N/A,D,N/A,N/A,N/A,N/A,N/A,N/A,N/A,N/A,N/A,HARVESTED STUMP
N1-2V,N1,2,987,TSHE,78,12.2,11.2,N/A,N/A,N/A,N/A,D,N/A,N/A,N/A,N/A,N/A,N/A,N/A,N/A,N/A,HARVESTED STUMP
N1-2V,N1,2,989,TSHE,87,15.9,14.5,N/A,N/A,N/A,N/A,D,N/A,N/A,N/A,N/A,N/A,N/A,N/A,N/A,N/A,HARVESTED STUMP
N1-2V,N1,2,990,TSHE,88,6.3,5.6,N/A,N/A,N/A,N/A,D,N/A,N/A,N/A,N/A,N/A,N/A,N/A,N/A,N/A,HARVESTED STUMP
N1-2V,N1,2,991,TSHE,92,14.2,12.9,N/A,N/A,N/A,N/A,D,N/A,N/A,N/A,N/A,N/A,N/A,N/A,N/A,N/A,HARVESTED STUMP
N1-2V,N1,2,993,TSHE,107,17.3,16.5,N/A,N/A,N/A,N/A,D,N/A,N/A,N/A,N/A,N/A,N/A,N/A,N/A,N/A,HARVESTED STUMP
N1-2V,N1,2,994,PSME,116,12.0,11.2,N/A,N/A,N/A,N/A,D,N/A,N/A,N/A,N/A,N/A,N/A,N/A,N/A,N/A,HARVESTED STUMP
N1-2V,N1,2,997,TSHE,125,13.5,13.0,N/A,N/A,N/A,N/A,D,N/A,N/A,N/A,N/A,N/A,N/A,N/A,N/A,N/A,HARVESTED STUMP
N1-2V,N1,2,999,PSME,135,17.6,17.1,N/A,N/A,N/A,N/A,D,N/A,N/A,N/A,N/A,N/A,N/A,N/A,N/A,N/A,HARVESTED STUMP
N1-2V,N1,2,1000,TSHE,136,3.4,3.4,N/A,N/A,N/A,N/A,D,N/A,N/A,N/A,N/A,N/A,N/A,N/A,N/A,N/A,HARVESTED STUMP
N1-2V,N1,2,1957,THPL,162,10.0,10.0,N/A,N/A,N/A,N/A,D,N/A,N/A,N/A,N/A,N/A,N/A,N/A,N/A,N/A,HARVESTED STUMP
N1-2V,N1,2,1958,PSME,168,14.8,14.8,N/A,N/A,N/A,N/A,D,N/A,N/A,N/A,N/A,N/A,N/A,N/A,N/A,N/A,HARVESTED STUMP
N1-2V,N1,2,1959,PSME,169,14.8,14.8,N/A,N/A,N/A,N/A,D,N/A,N/A,N/A,N/A,N/A,N/A,N/A,N/A,N/A,HARVESTED STUMP
N1-2V,N1,2,1960,TSHE,170,8.9,8.9,N/A,N/A,N/A,N/A,D,N/A,N/A,N/A,N/A,N/A,N/A,N/A,N/A,N/A,HARVESTED STUMP
N1-2V,N1,2,1963,TSHE,182,15.4,15.4,N/A,N/A,N/A,N/A,D,N/A,N/A,N/A,N/A,N/A,N/A,N/A,N/A,N/A,HARVESTED STUMP
N1-2V,N1,2,1966,TSHE,195,14.9,14.8,N/A,N/A,N/A,N/A,D,N/A,N/A,N/A,N/A,N/A,N/A,N/A,N/A,N/A,HARVESTED STUMP
N1-2V,N1,2,1968,TSHE,200,15.8,15.6,N/A,N/A,N/A,N/A,D,N/A,N/A,N/A,N/A,N/A,N/A,N/A,N/A,N/A,HARVESTED STUMP
N1-2V,N1,2,1969,TSHE,201,15.0,14.8,N/A,N/A,N/A,N/A,D,N/A,N/A,N/A,N/A,N/A,N/A,N/A,N/A,N/A,HARVESTED STUMP
N1-2V,N1,2,1970,TSHE,203,10.5,10.3,N/A,N/A,N/A,N/A,D,N/A,N/A,N/A,N/A,N/A,N/A,N/A,N/A,N/A,HARVESTED STUMP
N1-2V,N1,2,1971,PSME,204,7.9,7.7,N/A,N/A,N/A,N/A,D,N/A,N/A,N/A,N/A,N/A,N/A,N/A,N/A,N/A,HARVESTED STUMP
N1-2V,N1,2,1974,TSHE,228,15.3,14.1,N/A,N/A,N/A,N/A,D,N/A,N/A,N/A,N/A,N/A,N/A,N/A,N/A,N/A,HARVESTED STUMP
N1-2V,N1,2,1975,TSHE,230,9.1,8.3,N/A,N/A,N/A,N/A,D,N/A,N/A,N/A,N/A,N/A,N/A,N/A,N/A,N/A,HARVESTED STUMP
N1-2V,N1,2,1978,TSHE,232,17.3,16.5,N/A,N/A,N/A,N/A,D,N/A,N/A,N/A,N/A,N/A,N/A,N/A,N/A,N/A,HARVESTED STUMP
N1-2V,N1,2,1979,TSHE,235,9.5,8.6,N/A,N/A,N/A,N/A,D,N/A,N/A,N/A,N/A,N/A,N/A,N/A,N/A,N/A,HARVESTED STUMP
N1-2V,N1,2,1981,TSHE,242,8.8,7.8,N/A,N/A,N/A,N/A,D,N/A,N/A,N/A,N/A,N/A,N/A,N/A,N/A,N/A,HARVESTED STUMP
N1-2V,N1,2,1985,TSHE,264,13.8,12.4,N/A,N/A,N/A,N/A,D,N/A,N/A,N/A,N/A,N/A,N/A,N/A,N/A,N/A,HARVESTED STUMP
N1-2V,N1,2,1987,PSME,268,16.9,15.2,N/A,N/A,N/A,N/A,D,N/A,N/A,N/A,N/A,N/A,N/A,N/A,N/A,N/A,HARVESTED STUMP
N1-2V,N1,2,1992,TSHE,287,15.8,14.5,N/A,N/A,N/A,N/A,D,N/A,N/A,N/A,N/A,N/A,N/A,N/A,N/A,N/A,HARVESTED STUMP
N1-2V,N1,2,1994,PSME,296,13.3,12.4,N/A,N/A,N/A,N/A,D,N/A,N/A,N/A,N/A,N/A,N/A,N/A,N/A,N/A,HARVESTED STUMP
N1-2V,N1,2,1995,PSME,302,11.0,10.0,N/A,N/A,N/A,N/A,D,N/A,N/A,N/A,N/A,N/A,N/A,N/A,N/A,N/A,HARVESTED STUMP
N1-2V,N1,2,1998,TSHE,314,12.9,12.2,N/A,N/A,N/A,N/A,D,N/A,N/A,N/A,N/A,N/A,N/A,N/A,N/A,N/A,HARVESTED STUMP
N1-2V,N1,2,1999,PSME,316,15.4,14.8,N/A,N/A,N/A,N/A,D,N/A,N/A,N/A,N/A,N/A,N/A,N/A,N/A,N/A,HARVESTED STUMP
N1-2V,N1,2,2000,TSHE,320,4.3,4.0,N/A,N/A,N/A,N/A,D,N/A,N/A,N/A,N/A,N/A,N/A,N/A,N/A,N/A,HARVESTED STUMP
N1-2V,N1,2,1530,TSHE,339,15.3,15.1,N/A,N/A,N/A,N/A,D,N/A,N/A,N/A,N/A,N/A,N/A,N/A,N/A,N/A,HARVESTED STUMP
N1-2V,N1,2,1531,TSHE,340,13.8,13.8,N/A,N/A,N/A,N/A,D,N/A,N/A,N/A,N/A,N/A,N/A,N/A,N/A,N/A,HARVESTED STUMP
N1-2V,N1,2,1533,TSHE,348,14.8,14.7,N/A,N/A,N/A,N/A,D,N/A,N/A,N/A,N/A,N/A,N/A,N/A,N/A,N/A,HARVESTED STUMP
N1-7VB,N1,7,568,TSHE,221,9.3,9.2,N/A,N/A,N/A,N/A,D,N/A,N/A,N/A,N/A,N/A,N/A,N/A,N/A,N/A,NOT FOUND
N1-7VB,N1,7,576,ALRU2,302,7.5,6.1,N/A,N/A,N/A,N/A,D,N/A,N/A,N/A,N/A,N/A,N/A,N/A,N/A,N/A,NOT FOUND
N1-7VB,N1,7,580,ALRU2,310,21.2,16.1,N/A,N/A,N/A,N/A,D,N/A,N/A,N/A,N/A,N/A,N/A,N/A,N/A,N/A,NOT FOUND
N1-7VB,N1,7,584,TSHE,351,15.2,14.4,N/A,N/A,N/A,N/A,D,N/A,N/A,N/A,N/A,N/A,N/A,N/A,N/A,N/A,UPROOTED AND BROKEN
N1-8VB,N1,8,396,PISI,4,11.0,10.9,N/A,N/A,N/A,N/A,D,N/A,N/A,N/A,N/A,N/A,N/A,N/A,N/A,N/A,"DEAD AND DOWN, NOW CWD"
N1-8VB,N1,8,434,THPL,164,10.0,9.5,N/A,N/A,N/A,N/A,D,N/A,N/A,N/A,N/A,N/A,N/A,N/A,N/A,N/A,NOW CWD
N1-8VB,N1,8,438,TSHE,184,10.5,10.4,N/A,N/A,N/A,N/A,D,N/A,N/A,N/A,N/A,N/A,N/A,N/A,N/A,N/A,NOW CWD
N1-8VB,N1,8,463,TSHE,285,13.2,10.1,N/A,N/A,N/A,N/A,D,N/A,N/A,N/A,N/A,N/A,N/A,N/A,N/A,N/A,NOW CWD
N1-8VB,N1,8,475,TSHE,334,18.0,17.4,N/A,N/A,N/A,N/A,D,N/A,N/A,N/A,N/A,N/A,N/A,N/A,N/A,N/A,SNAG NOT FOUND; ASSUMED TO BE CWD
N1-12VB,N1,12,157,TSHE,153,15.8,14.2,N/A,N/A,N/A,N/A,D,N/A,N/A,N/A,N/A,N/A,N/A,N/A,N/A,N/A,CWD - WINDBLOWN
N1-12VB,N1,12,159,TSHE,172,6.3,6,N/A,N/A,N/A,N/A,D,N/A,N/A,N/A,N/A,N/A,N/A,N/A,N/A,N/A,CWD
N1-12VB,N1,12,171,TSHE,220,2.8,2.6,N/A,N/A,N/A,N/A,D,N/A,N/A,N/A,N/A,N/A,N/A,N/A,N/A,N/A,CWD
N1-12VB,N1,12,172,TSHE,223,14.1,13.9,N/A,N/A,N/A,N/A,D,N/A,N/A,N/A,N/A,N/A,N/A,N/A,N/A,N/A,CWD
N1-12VB,N1,12,173,TSHE,223,12.6,12.4,N/A,N/A,N/A,N/A,D,N/A,N/A,N/A,N/A,N/A,N/A,N/A,N/A,N/A,CWD
N1-12VB,N1,12,181,TSHE,255,15.3,13.9,N/A,N/A,N/A,N/A,D,N/A,N/A,N/A,N/A,N/A,N/A,N/A,N/A,N/A,CWD
N1-12VB,N1,12,187,TSHE,282,8.8,7.5,N/A,N/A,N/A,N/A,D,N/A,N/A,N/A,N/A,N/A,N/A,N/A,N/A,N/A,STUMP
N1-12VB,N1,12,193,TSHE,301,17.3,15,N/A,N/A,N/A,N/A,D,N/A,N/A,N/A,N/A,N/A,N/A,N/A,N/A,N/A,WINDBLOWN STUMP
N1-13V,N1,13,1708,TSHE,76,21.8,17.7,N/A,N/A,N/A,N/A,D,N/A,N/A,N/A,N/A,N/A,N/A,N/A,N/A,N/A,CWD
N1-13V,N1,13,1722,TSHE,162,5.5,4.4,N/A,N/A,N/A,N/A,D,N/A,N/A,N/A,N/A,N/A,N/A,N/A,N/A,N/A,STUMP
N1-13V,N1,13,1724,TSHE,180,7.2,6.6,N/A,N/A,N/A,N/A,D,N/A,N/A,N/A,N/A,N/A,N/A,N/A,N/A,N/A,STUMP
N1-13V,N1,13,1728,TSHE,192,3.8,3.6,N/A,N/A,N/A,N/A,D,N/A,N/A,N/A,N/A,N/A,N/A,N/A,N/A,N/A,CWD
N1-13V,N1,13,1731,TSHE,223,14.4,13.5,N/A,N/A,N/A,N/A,D,N/A,N/A,N/A,N/A,N/A,N/A,N/A,N/A,N/A,STUMP
N1-13V,N1,13,1743,TSHE,340,18.0,17.0,N/A,N/A,N/A,N/A,D,N/A,N/A,N/A,N/A,N/A,N/A,N/A,N/A,N/A,NOT FOUND
N1-14VB,N1,14,921,PSME,44,18.0,15.8,N/A,N/A,N/A,N/A,D,N/A,N/A,N/A,N/A,N/A,N/A,N/A,N/A,N/A,NOT FOUND 
N1-14VB,N1,14,928,PSME,118,14.6,14.4,N/A,N/A,N/A,N/A,D,N/A,N/A,N/A,N/A,N/A,N/A,N/A,N/A,N/A,NOT FOUND
N1-14VB,N1,14,930,PSME,129,12.8,12.6,N/A,N/A,N/A,N/A,D,N/A,N/A,N/A,N/A,N/A,N/A,N/A,N/A,N/A,NOT FOUND
N1-14VB,N1,14,932,PSME,137,17.1,16.4,N/A,N/A,N/A,N/A,D,N/A,N/A,N/A,N/A,N/A,N/A,N/A,N/A,N/A,NOT FOUND
N1-14VB,N1,14,933,PSME,155,18.7,17.0,N/A,N/A,N/A,N/A,D,N/A,N/A,N/A,N/A,N/A,N/A,N/A,N/A,N/A,NOT FOUND
N1-14VB,N1,14,947,PSME,227,9.6,8.4,N/A,N/A,N/A,N/A,D,N/A,N/A,N/A,N/A,N/A,N/A,N/A,N/A,N/A,NOW CWD
N1-14VB,N1,14,955,PSME,275,17.5,17.5,N/A,N/A,N/A,N/A,D,N/A,N/A,N/A,N/A,N/A,N/A,N/A,N/A,N/A,NOT FOUND
N1-14VB,N1,14,961,PSME,333,15.0,12.7,N/A,N/A,N/A,N/A,D,N/A,N/A,N/A,N/A,N/A,N/A,N/A,N/A,N/A,NOT FOUND
N1-14VB,N1,14,962,PSME,345,12.2,10.3,N/A,N/A,N/A,N/A,D,N/A,N/A,N/A,N/A,N/A,N/A,N/A,N/A,N/A,NOT FOUND
N1-16V,N1,16,285,TSHE,58,15.4,14.4,N/A,N/A,N/A,N/A,D,N/A,N/A,N/A,N/A,N/A,N/A,N/A,N/A,N/A,NOW CWD
N1-16V,N1,16,302,THPL,151,4.2,4.2,N/A,N/A,N/A,N/A,D,N/A,N/A,N/A,N/A,N/A,N/A,N/A,N/A,N/A,HAVE DBH BUT MISSING REST OF DATA
N1-16V,N1,16,305,TSHE,159,3.3,3.3,N/A,N/A,N/A,N/A,D,N/A,N/A,N/A,N/A,N/A,N/A,N/A,N/A,N/A,MISSING - PRESUMED CWD
N1-16V,N1,16,331,TSHE,286,9.6,8.6,N/A,N/A,N/A,N/A,D,N/A,N/A,N/A,N/A,N/A,N/A,N/A,N/A,N/A,STUMP (WINDBLOWN)
N1-16V,N1,16,338,TSHE,318,0.7,0.7,N/A,N/A,N/A,N/A,D,N/A,N/A,N/A,N/A,N/A,N/A,N/A,N/A,N/A,NOT FOUND - ASSUMED CWD
N1-18VB,N1,18,601,TSHE,46,11.4,11.4,N/A,N/A,N/A,N/A,D,N/A,N/A,N/A,N/A,N/A,N/A,N/A,N/A,N/A,STUMP 
N1-18VB,N1,18,609,TSHE,75,18.6,17.4,N/A,N/A,N/A,N/A,D,N/A,N/A,N/A,N/A,N/A,N/A,N/A,N/A,N/A,STUMP
N1-18VB,N1,18,619,THPL,115,5.8,5.5,N/A,N/A,N/A,N/A,D,N/A,N/A,N/A,N/A,N/A,N/A,N/A,N/A,N/A,CWD
N1-18VB,N1,18,630,TSHE,185,17.1,17,N/A,N/A,N/A,N/A,D,N/A,N/A,N/A,N/A,N/A,N/A,N/A,N/A,N/A,STUMP
N1-18VB,N1,18,642,TSHE,243,17,16.1,N/A,N/A,N/A,N/A,D,N/A,N/A,N/A,N/A,N/A,N/A,N/A,N/A,N/A,STUMP
N1-18VB,N1,18,645,TSHE,244,13.1,12.4,N/A,N/A,N/A,N/A,D,N/A,N/A,N/A,N/A,N/A,N/A,N/A,N/A,N/A,CWD
N1-18VB,N1,18,656,TSHE,285,13.7,12.5,N/A,N/A,N/A,N/A,D,N/A,N/A,N/A,N/A,N/A,N/A,N/A,N/A,N/A,STUMP
N1-18VB,N1,18,669,TSHE,317,18.1,16.7,N/A,N/A,N/A,N/A,D,N/A,N/A,N/A,N/A,N/A,N/A,N/A,N/A,N/A,STUMP
N1-18VB,N1,18,671,TSHE,326,4.8,4.2,N/A,N/A,N/A,N/A,D,N/A,N/A,N/A,N/A,N/A,N/A,N/A,N/A,N/A,STUMP
N1-19V,N1,19,359,TSHE,108,20,15.8,N/A,N/A,N/A,N/A,D,N/A,N/A,N/A,N/A,N/A,N/A,N/A,N/A,N/A,CWD
N1-19V,N1,19,365,TSHE,128,8.8,7.3,N/A,N/A,N/A,N/A,D,N/A,N/A,N/A,N/A,N/A,N/A,N/A,N/A,N/A,STUMP
N1-19V,N1,19,366,TSHE,133,8.2,6.8,N/A,N/A,N/A,N/A,D,N/A,N/A,N/A,N/A,N/A,N/A,N/A,N/A,N/A,STUMP
N1-19V,N1,19,380,TSHE,272,17.3,13.5,N/A,N/A,N/A,N/A,D,N/A,N/A,N/A,N/A,N/A,N/A,N/A,N/A,N/A,STUMP
N1-19V,N1,19,388,TSHE,317,12,9.6,N/A,N/A,N/A,N/A,D,N/A,N/A,N/A,N/A,N/A,N/A,N/A,N/A,N/A,CWD
N1-20V,N1,20,211,TSHE,7,7.9,7.6,N/A,N/A,N/A,N/A,D,N/A,N/A,N/A,N/A,N/A,N/A,N/A,N/A,N/A,BLOWN OVER
N1-20V,N1,20,219,TSHE,34,17.4,17.4,N/A,N/A,N/A,N/A,D,N/A,N/A,N/A,N/A,N/A,N/A,N/A,N/A,N/A,CWD - FOUND ON GROUND
N1-20V,N1,20,242,TSHE,157,18.1,14.6,N/A,N/A,N/A,N/A,D,N/A,N/A,N/A,N/A,N/A,N/A,N/A,N/A,N/A,BLOWN OVER - CWD
N1-20V,N1,20,254,PSME,226,13.3,13.3,N/A,N/A,N/A,N/A,D,N/A,N/A,N/A,N/A,N/A,N/A,N/A,N/A,N/A,NOT FOUND. MAY BE RE-TAGGED AS NEW TREE
N1-21VB,N1,21,57,TSHE,21,12.1,11.5,N/A,N/A,N/A,N/A,D,N/A,N/A,N/A,N/A,N/A,N/A,N/A,N/A,N/A,CWD
N1-21VB,N1,21,95,TSHE,194,17.3,17.1,N/A,N/A,N/A,N/A,D,N/A,N/A,N/A,N/A,N/A,N/A,N/A,N/A,N/A,STUMP
N1-21VB,N1,21,104,TSHE,226,3.6,3.2,N/A,N/A,N/A,N/A,D,N/A,N/A,N/A,N/A,N/A,N/A,N/A,N/A,N/A,STUMP
N1-22V,N1,22,35,TSHE,289,6.1,5.8,N/A,N/A,N/A,N/A,D,N/A,N/A,N/A,N/A,N/A,N/A,N/A,N/A,N/A,CWD
N1-25VB,N1,25,852,TSHE,48,17.6,16.9,N/A,N/A,N/A,N/A,D,N/A,N/A,N/A,N/A,N/A,N/A,N/A,N/A,N/A,CWD
N1-25VB,N1,25,860,TSHE,104,8.4,8.0,N/A,N/A,N/A,N/A,D,N/A,N/A,N/A,N/A,N/A,N/A,N/A,N/A,N/A,CWD
N1-25VB,N1,25,866,TSHE,158,13.0,10.7,N/A,N/A,N/A,N/A,D,N/A,N/A,N/A,N/A,N/A,N/A,N/A,N/A,N/A,CWD
N1-25VB,N1,25,871,TSHE,194,14.6,12.4,N/A,N/A,N/A,N/A,D,N/A,N/A,N/A,N/A,N/A,N/A,N/A,N/A,N/A,CWD
N1-25VB,N1,25,893,TSHE,294,11.3,10.4,N/A,N/A,N/A,N/A,D,N/A,N/A,N/A,N/A,N/A,N/A,N/A,N/A,N/A,CWD
N1-25VB,N1,25,907,TSHE,352,13.7,13.1,N/A,N/A,N/A,N/A,D,N/A,N/A,N/A,N/A,N/A,N/A,N/A,N/A,N/A,CWD
N1-26V,N1,26,702,THPL,138,11.7,11.6,N/A,N/A,N/A,N/A,D,N/A,N/A,N/A,N/A,N/A,N/A,N/A,N/A,N/A,NOW CWD
N1-26V,N1,26,707,THPL,160,8.9,8.7,N/A,N/A,N/A,N/A,D,N/A,N/A,N/A,N/A,N/A,N/A,N/A,N/A,N/A,NOW CWD
N1-26V,N1,26,711,PISI,184,16.7,15.7,N/A,N/A,N/A,N/A,D,N/A,N/A,N/A,N/A,N/A,N/A,N/A,N/A,N/A,NOW CWD
N1-26V,N1,26,716,THPL,214,4.7,4.1,N/A,N/A,N/A,N/A,D,N/A,N/A,N/A,N/A,N/A,N/A,N/A,N/A,N/A,"NOT FOUND, LIKELY CWD"
N1-26V,N1,26,722,ALRU2,246,14.7,12.4,N/A,N/A,N/A,N/A,D,N/A,N/A,N/A,N/A,N/A,N/A,N/A,N/A,N/A,CWD - CONFIRMED 8/4
N1-26V,N1,26,725,PISI,261,8.4,7.4,N/A,N/A,N/A,N/A,D,N/A,N/A,N/A,N/A,N/A,N/A,N/A,N/A,N/A,"NOT FOUND, PRESUMED CWD (CONFIRMED NOT FOUND ON 8/4)"
N1-26V,N1,26,728,THPL,264,15.9,14.3,N/A,N/A,N/A,N/A,D,N/A,N/A,N/A,N/A,N/A,N/A,N/A,N/A,N/A,NOW CWD
N1-26V,N1,26,737,TSHE,299,9.7,9.5,N/A,N/A,N/A,N/A,D,N/A,N/A,N/A,N/A,N/A,N/A,N/A,N/A,N/A,UPROOTED - CWD 
N1-27V,N1,27,1552,TSHE,93,17.8,17.6,N/A,N/A,N/A,N/A,D,N/A,N/A,N/A,N/A,N/A,N/A,N/A,N/A,N/A,WINDBLOWN CWD
N1-27V,N1,27,1553,ALRU2,103,9.5,9.4,N/A,N/A,N/A,N/A,D,N/A,N/A,N/A,N/A,N/A,N/A,N/A,N/A,N/A,"NOT FOUND, PRESSUMED CWD"
N2-1VB,N2,1,760,THPL,27,21.5,16.7,N/A,N/A,N/A,N/A,D,N/A,N/A,N/A,N/A,N/A,N/A,N/A,N/A,N/A,NOW CWD
N2-1VB,N2,1,763,THPL,44,1.9,1.3,N/A,N/A,N/A,N/A,D,N/A,N/A,N/A,N/A,N/A,N/A,N/A,N/A,N/A,HARVESTED STUMP
N2-1VB,N2,1,770,TSHE,86,8.1,8.0,N/A,N/A,N/A,N/A,D,N/A,N/A,N/A,N/A,N/A,N/A,N/A,N/A,N/A,HARVESTED STUMP
N2-1VB,N2,1,771,TSHE,89,15.1,15.1,N/A,N/A,N/A,N/A,D,N/A,N/A,N/A,N/A,N/A,N/A,N/A,N/A,N/A,HARVESTED STUMP
N2-1VB,N2,1,772,THPL,95,14.4,14.3,N/A,N/A,N/A,N/A,D,N/A,N/A,N/A,N/A,N/A,N/A,N/A,N/A,N/A,HARVESTED STUMP
N2-1VB,N2,1,774,THPL,107,9.2,9.0,N/A,N/A,N/A,N/A,D,N/A,N/A,N/A,N/A,N/A,N/A,N/A,N/A,N/A,HARVESTED STUMP
N2-1VB,N2,1,776,THPL,114,17.5,16.9,N/A,N/A,N/A,N/A,D,N/A,N/A,N/A,N/A,N/A,N/A,N/A,N/A,N/A,HARVESTED STUMP
N2-1VB,N2,1,777,TSHE,120,17.0,15.7,N/A,N/A,N/A,N/A,D,N/A,N/A,N/A,N/A,N/A,N/A,N/A,N/A,N/A,HARVESTED STUMP
N2-1VB,N2,1,778,TSHE,121,19.1,17.5,N/A,N/A,N/A,N/A,D,N/A,N/A,N/A,N/A,N/A,N/A,N/A,N/A,N/A,HARVESTED STUMP
N2-1VB,N2,1,786,TSHE,184,6.8,5.7,N/A,N/A,N/A,N/A,D,N/A,N/A,N/A,N/A,N/A,N/A,N/A,N/A,N/A,"NO TAG FOUND, BUT LIKELY HARVESTED STUMP AT LOCATION"
N2-1VB,N2,1,801,TSHE,267,16.7,16.7,N/A,N/A,N/A,N/A,D,N/A,N/A,N/A,N/A,N/A,N/A,N/A,N/A,N/A,CWD
N2-1VB,N2,1,802,TSHE,268,16.5,16.5,N/A,N/A,N/A,N/A,D,N/A,N/A,N/A,N/A,N/A,N/A,N/A,N/A,N/A,CWD
N2-1VB,N2,1,806,TSHE,297,16.5,15.2,N/A,N/A,N/A,N/A,D,N/A,N/A,N/A,N/A,N/A,N/A,N/A,N/A,N/A,CWD
N2-1VB,N2,1,807,TSHE,298,17.2,15.4,N/A,N/A,N/A,N/A,D,N/A,N/A,N/A,N/A,N/A,N/A,N/A,N/A,N/A,"NOT FOUND, LIKELY HARVESTED STUMP"
N2-1VB,N2,1,808,THPL,307,19.2,16.9,N/A,N/A,N/A,N/A,D,N/A,N/A,N/A,N/A,N/A,N/A,N/A,N/A,N/A,HARVESTED STUMP
N2-1VB,N2,1,810,TSHE,311,8.1,7.3,N/A,N/A,N/A,N/A,D,N/A,N/A,N/A,N/A,N/A,N/A,N/A,N/A,N/A,HARVESTED STUMP
N2-1VB,N2,1,813,TSHE,318,20.5,17.0,N/A,N/A,N/A,N/A,D,N/A,N/A,N/A,N/A,N/A,N/A,N/A,N/A,N/A,HARVESTED STUMP
N2-1VB,N2,1,814,TSHE,333,9.4,7.1,N/A,N/A,N/A,N/A,D,N/A,N/A,N/A,N/A,N/A,N/A,N/A,N/A,N/A,HARVESTED STUMP
N2-1VB,N2,1,817,TSHE,335,20.5,15.9,N/A,N/A,N/A,N/A,D,N/A,N/A,N/A,N/A,N/A,N/A,N/A,N/A,N/A,HARVESTED STUMP
N2-2VB,N2,2,859,PSME,69,6.7,6.7,N/A,N/A,N/A,N/A,D,N/A,N/A,N/A,N/A,N/A,N/A,N/A,N/A,N/A,CWD
N2-2VB,N2,2,862,PSME,92,7.5,7.3,N/A,N/A,N/A,N/A,D,N/A,N/A,N/A,N/A,N/A,N/A,N/A,N/A,N/A,HARVESTED STUMP
N2-2VB,N2,2,863,PSME,156,11.3,10.4,N/A,N/A,N/A,N/A,D,N/A,N/A,N/A,N/A,N/A,N/A,N/A,N/A,N/A,HARVESTED STUMP
N2-2VB,N2,2,865,PSME,196,9.9,9.6,N/A,N/A,N/A,N/A,D,N/A,N/A,N/A,N/A,N/A,N/A,N/A,N/A,N/A,HARVESTED STUMP
N2-2VB,N2,2,866,PSME,266,17.2,17.0,N/A,N/A,N/A,N/A,D,N/A,N/A,N/A,N/A,N/A,N/A,N/A,N/A,N/A,HARVESTED STUMP
N2-2VB,N2,2,867,PSME,275,16.5,15.7,N/A,N/A,N/A,N/A,D,N/A,N/A,N/A,N/A,N/A,N/A,N/A,N/A,N/A,HARVESTED STUMP
N2-2VB,N2,2,869,TSHE,302,8.8,8.3,N/A,N/A,N/A,N/A,D,N/A,N/A,N/A,N/A,N/A,N/A,N/A,N/A,N/A,HARVESTED STUMP
N2-2VB,N2,2,857,PSME,353,8.3,8.2,N/A,N/A,N/A,N/A,D,N/A,N/A,N/A,N/A,N/A,N/A,N/A,N/A,N/A,"CWD, NOT FOUN"
N2-5V,N2,5,839,PSME,22,15.9,13.3,N/A,N/A,N/A,N/A,D,N/A,N/A,N/A,N/A,N/A,N/A,N/A,N/A,N/A,CWD
N2-5V,N2,5,841,PSME,67,7.9,6.8,N/A,N/A,N/A,N/A,D,N/A,N/A,N/A,N/A,N/A,N/A,N/A,N/A,N/A,HARVESTED STUMP
N2-5V,N2,5,843,PSME,152,7.3,6.9,N/A,N/A,N/A,N/A,D,N/A,N/A,N/A,N/A,N/A,N/A,N/A,N/A,N/A,HARVESTED STUMP
N2-5V,N2,5,849,PSME,268,14.0,13.7,N/A,N/A,N/A,N/A,D,N/A,N/A,N/A,N/A,N/A,N/A,N/A,N/A,N/A,"ASSUMED CWD, NEVER FOUND"
N2-5V,N2,5,856,PSME,272,18.0,17.3,N/A,N/A,N/A,N/A,D,N/A,N/A,N/A,N/A,N/A,N/A,N/A,N/A,N/A,"ASSUMED CWD, NEVER FOUND"
N2-5V,N2,5,850,PSME,291,16.6,16.3,N/A,N/A,N/A,N/A,D,N/A,N/A,N/A,N/A,N/A,N/A,N/A,N/A,N/A,"ASSUMED CWD, NEVER FOUND"
N2-5V,N2,5,853,PSME,329,6.7,6.6,N/A,N/A,N/A,N/A,D,N/A,N/A,N/A,N/A,N/A,N/A,N/A,N/A,N/A,HARVESTED STUMP
N2-5V,N2,5,854,PSME,352,15.3,12.5,N/A,N/A,N/A,N/A,D,N/A,N/A,N/A,N/A,N/A,N/A,N/A,N/A,N/A,"ASSUMED CWD, NEVER FOUND"
N2-5V,N2,5,855,PSME,354,18.6,16.5,N/A,N/A,N/A,N/A,D,N/A,N/A,N/A,N/A,N/A,N/A,N/A,N/A,N/A,"ASSUMED CWD, NEVER FOUND"
N2-7VB,N2,7,881,TSHE,67,11.2,11.2,N/A,N/A,N/A,N/A,D,N/A,N/A,N/A,N/A,N/A,N/A,N/A,N/A,N/A,NOW CWD
N2-7VB,N2,7,892,TSHE,116,12.0,9.7,N/A,N/A,N/A,N/A,D,N/A,N/A,N/A,N/A,N/A,N/A,N/A,N/A,N/A,NOT FOUND
N2-7VB,N2,7,894,TSHE,136,20.7,15.8,N/A,N/A,N/A,N/A,D,N/A,N/A,N/A,N/A,N/A,N/A,N/A,N/A,N/A,NOW CWD
N2-7VB,N2,7,906,THPL,190,16.7,13.7,N/A,N/A,N/A,N/A,D,N/A,N/A,N/A,N/A,N/A,N/A,N/A,N/A,N/A,NOT FOUND - PRESUMED CWD
N2-7VB,N2,7,908,THPL,202,16.7,14.8,N/A,N/A,N/A,N/A,D,N/A,N/A,N/A,N/A,N/A,N/A,N/A,N/A,N/A,NOW CWD
N2-7VB,N2,7,910,TSHE,212,10.0,9.2,N/A,N/A,N/A,N/A,D,N/A,N/A,N/A,N/A,N/A,N/A,N/A,N/A,N/A,NOW CWD
N2-7VB,N2,7,911,TSHE,214,7.8,7.3,N/A,N/A,N/A,N/A,D,N/A,N/A,N/A,N/A,N/A,N/A,N/A,N/A,N/A,NOT FOUND - PRESUMED CWD
N2-7VB,N2,7,912,TSHE,215,10.6,10.0,N/A,N/A,N/A,N/A,D,N/A,N/A,N/A,N/A,N/A,N/A,N/A,N/A,N/A,NOT FOUND - PRESUMED CWD
N2-7VB,N2,7,913,PISI,219,16.7,15.9,N/A,N/A,N/A,N/A,D,N/A,N/A,N/A,N/A,N/A,N/A,N/A,N/A,N/A,NOT FOUND - PRESUMED CWD
N2-7VB,N2,7,917,TSHE,304,17.7,17.3,N/A,N/A,N/A,N/A,D,N/A,N/A,N/A,N/A,N/A,N/A,N/A,N/A,N/A,DEAD AND DOWN - SNAPPED AT BASE
N2-7VB,N2,7,918,TSHE,327,15.7,13.5,N/A,N/A,N/A,N/A,D,N/A,N/A,N/A,N/A,N/A,N/A,N/A,N/A,N/A,"NOT FOUND, LIKELY CWD"
N2-10VB,N2,10,595,TSHE,98,13.7,12.6,N/A,N/A,N/A,N/A,D,N/A,N/A,N/A,N/A,N/A,N/A,N/A,N/A,N/A,HARVESTED STUMP
N2-10VB,N2,10,598,TREEC,111,14.2,11.6,N/A,N/A,N/A,N/A,D,N/A,N/A,N/A,N/A,N/A,N/A,N/A,N/A,N/A,HARVESTED STUMP
N2-10VB,N2,10,597,PSME,183,14,13.6,N/A,N/A,N/A,N/A,D,N/A,N/A,N/A,N/A,N/A,N/A,N/A,N/A,N/A,HARVESTED STUMP
N2-10VB,N2,10,599,PSME,218,17.8,14,N/A,N/A,N/A,N/A,D,N/A,N/A,N/A,N/A,N/A,N/A,N/A,N/A,N/A,COULD NOT LOCATE
N2-10VB,N2,10,600,PSME,243,20.8,16.5,N/A,N/A,N/A,N/A,D,N/A,N/A,N/A,N/A,N/A,N/A,N/A,N/A,N/A,COULD NOT LOCATE
N2-10VB,N2,10,602,PSME,268,11.4,7.8,N/A,N/A,N/A,N/A,D,N/A,N/A,N/A,N/A,N/A,N/A,N/A,N/A,N/A,COULD NOT LOCATE
N2-12V,N2,12,1042,TSHE,8,17.8,17.7,N/A,N/A,N/A,N/A,D,N/A,N/A,N/A,N/A,N/A,N/A,N/A,N/A,N/A,CWD
N2-12V,N2,12,1043,THPL,46,16.8,15.7,N/A,N/A,N/A,N/A,D,N/A,N/A,N/A,N/A,N/A,N/A,N/A,N/A,N/A,CWD
N2-12V,N2,12,1044,PISI,57,10.9,9.7,N/A,N/A,N/A,N/A,D,N/A,N/A,N/A,N/A,N/A,N/A,N/A,N/A,N/A,CWD
N2-12V,N2,12,1045,THPL,82,11.8,11.6,N/A,N/A,N/A,N/A,D,N/A,N/A,N/A,N/A,N/A,N/A,N/A,N/A,N/A,CWD
N2-12V,N2,12,1050,TSHE,175,14.4,14.4,N/A,N/A,N/A,N/A,D,N/A,N/A,N/A,N/A,N/A,N/A,N/A,N/A,N/A,CWD
N2-12V,N2,12,1057,TSHE,223,16.4,13.7,N/A,N/A,N/A,N/A,D,N/A,N/A,N/A,N/A,N/A,N/A,N/A,N/A,N/A,CWD
N2-12V,N2,12,1061,TSHE,233,18.2,14.4,N/A,N/A,N/A,N/A,D,N/A,N/A,N/A,N/A,N/A,N/A,N/A,N/A,N/A,CWD
N2-12V,N2,12,1062,TSHE,240,11.9,9.0,N/A,N/A,N/A,N/A,D,N/A,N/A,N/A,N/A,N/A,N/A,N/A,N/A,N/A,CWD
N2-12V,N2,12,1066,TSHE,260,19.8,17.2,N/A,N/A,N/A,N/A,D,N/A,N/A,N/A,N/A,N/A,N/A,N/A,N/A,N/A,HARVESTED STUMP
N2-12V,N2,12,1067,TSHE,260,20.5,16.9,N/A,N/A,N/A,N/A,D,N/A,N/A,N/A,N/A,N/A,N/A,N/A,N/A,N/A,HARVESTED STUMP
N2-12V,N2,12,1068,TSHE,261,12.8,9.5,N/A,N/A,N/A,N/A,D,N/A,N/A,N/A,N/A,N/A,N/A,N/A,N/A,N/A,HARVESTED STUMP
N2-12V,N2,12,1070,TSHE,285,20.2,16.8,N/A,N/A,N/A,N/A,D,N/A,N/A,N/A,N/A,N/A,N/A,N/A,N/A,N/A,HARVESTED STUMP
N2-12V,N2,12,1073,TSHE,286,19.7,17.1,N/A,N/A,N/A,N/A,D,N/A,N/A,N/A,N/A,N/A,N/A,N/A,N/A,N/A,CWD
N2-12V,N2,12,1075,TSHE,308,10.9,8.1,N/A,N/A,N/A,N/A,D,N/A,N/A,N/A,N/A,N/A,N/A,N/A,N/A,N/A,CWD
N2-12V,N2,12,1077,THPL,332,14.7,13.2,N/A,N/A,N/A,N/A,D,N/A,N/A,N/A,N/A,N/A,N/A,N/A,N/A,N/A,CWD
N2-12V,N2,12,1078,TSHE,339,6.0,5.0,N/A,N/A,N/A,N/A,D,N/A,N/A,N/A,N/A,N/A,N/A,N/A,N/A,N/A,CWD
N2-12V,N2,12,1079,TSHE,342,14.9,14.1,N/A,N/A,N/A,N/A,D,N/A,N/A,N/A,N/A,N/A,N/A,N/A,N/A,N/A,CWD
N2-12V,N2,12,1082,TSHE,345,13.7,13.0,N/A,N/A,N/A,N/A,D,N/A,N/A,N/A,N/A,N/A,N/A,N/A,N/A,N/A,CWD
N2-13VB,N2,13,5,TSHE,30,16.6,16,N/A,N/A,N/A,N/A,D,N/A,N/A,N/A,N/A,N/A,N/A,N/A,N/A,N/A,NOW CWD
N2-13VB,N2,13,6,TSHE,43,11.4,10.9,N/A,N/A,N/A,N/A,D,N/A,N/A,N/A,N/A,N/A,N/A,N/A,N/A,N/A,NOW CWD
N2-13VB,N2,13,8,TSHE,50,14.9,14.2,N/A,N/A,N/A,N/A,D,N/A,N/A,N/A,N/A,N/A,N/A,N/A,N/A,N/A,NOT FOUND
N2-13VB,N2,13,9,TSHE,56,11.2,10.8,N/A,N/A,N/A,N/A,D,N/A,N/A,N/A,N/A,N/A,N/A,N/A,N/A,N/A,NOT FOUND
N2-13VB,N2,13,10,TSHE,59,17.4,16.8,N/A,N/A,N/A,N/A,D,N/A,N/A,N/A,N/A,N/A,N/A,N/A,N/A,N/A,NOT FOUND
N2-13VB,N2,13,11,TSHE,61,13.8,13.3,N/A,N/A,N/A,N/A,D,N/A,N/A,N/A,N/A,N/A,N/A,N/A,N/A,N/A,NOT FOUND
N2-13VB,N2,13,12,TSHE,84,11.2,11,N/A,N/A,N/A,N/A,D,N/A,N/A,N/A,N/A,N/A,N/A,N/A,N/A,N/A,NOT FOUND
N2-13VB,N2,13,13,TSHE,89,12.4,12.2,N/A,N/A,N/A,N/A,D,N/A,N/A,N/A,N/A,N/A,N/A,N/A,N/A,N/A,NOT FOUND
N2-13VB,N2,13,15,TSHE,93,13.9,13.7,N/A,N/A,N/A,N/A,D,N/A,N/A,N/A,N/A,N/A,N/A,N/A,N/A,N/A,NOT FOUND
N2-13VB,N2,13,16,TSHE,101,11.4,11.3,N/A,N/A,N/A,N/A,D,N/A,N/A,N/A,N/A,N/A,N/A,N/A,N/A,N/A,NOW CWD - BLOWN OVER
N2-13VB,N2,13,17,TSHE,102,15.7,15.5,N/A,N/A,N/A,N/A,D,N/A,N/A,N/A,N/A,N/A,N/A,N/A,N/A,N/A,NOT FOUND
N2-13VB,N2,13,18,TSHE,107,10.6,10.6,N/A,N/A,N/A,N/A,D,N/A,N/A,N/A,N/A,N/A,N/A,N/A,N/A,N/A,NOW A STUMP - HARVESTED
N2-13VB,N2,13,19,TSHE,130,16.5,16.5,N/A,N/A,N/A,N/A,D,N/A,N/A,N/A,N/A,N/A,N/A,N/A,N/A,N/A,NOT FOUND
N2-13VB,N2,13,20,TSHE,133,15.9,15.9,N/A,N/A,N/A,N/A,D,N/A,N/A,N/A,N/A,N/A,N/A,N/A,N/A,N/A,NOT FOUND
N2-13VB,N2,13,21,TSHE,133,16.6,16.6,N/A,N/A,N/A,N/A,D,N/A,N/A,N/A,N/A,N/A,N/A,N/A,N/A,N/A,NOT FOUND
N2-13VB,N2,13,22,TSHE,141,5.2,5.1,N/A,N/A,N/A,N/A,D,N/A,N/A,N/A,N/A,N/A,N/A,N/A,N/A,N/A,NOT FOUND
N2-13VB,N2,13,23,TSHE,152,16.6,16.4,N/A,N/A,N/A,N/A,D,N/A,N/A,N/A,N/A,N/A,N/A,N/A,N/A,N/A,NOT FOUND
N2-13VB,N2,13,27,TSHE,155,15,14.7,N/A,N/A,N/A,N/A,D,N/A,N/A,N/A,N/A,N/A,N/A,N/A,N/A,N/A,NOW CWD - BLOWN OVER
N2-13VB,N2,13,28,TSHE,160,15.4,15,N/A,N/A,N/A,N/A,D,N/A,N/A,N/A,N/A,N/A,N/A,N/A,N/A,N/A,NOW CWD - BLOWN OVER
N2-13VB,N2,13,29,TSHE,164,17,16.4,N/A,N/A,N/A,N/A,D,N/A,N/A,N/A,N/A,N/A,N/A,N/A,N/A,N/A,NOW CWD - BLOWN OVER
N2-13VB,N2,13,33,TSHE,176,11.7,10.9,N/A,N/A,N/A,N/A,D,N/A,N/A,N/A,N/A,N/A,N/A,N/A,N/A,N/A,NOW STUMP - NATURAL FORMATION
N2-13VB,N2,13,36,TSHE,176,11.2,10.4,N/A,N/A,N/A,N/A,D,N/A,N/A,N/A,N/A,N/A,N/A,N/A,N/A,N/A,NOW CWD
N2-13VB,N2,13,35,TSHE,177,13.8,12.8,N/A,N/A,N/A,N/A,D,N/A,N/A,N/A,N/A,N/A,N/A,N/A,N/A,N/A,NOW CWD
N2-13VB,N2,13,37,TSHE,184,6,5.4,N/A,N/A,N/A,N/A,D,N/A,N/A,N/A,N/A,N/A,N/A,N/A,N/A,N/A,BIG HANGING WIDOWMAKER 
N2-13VB,N2,13,38,TSHE,188,9.5,8.3,N/A,N/A,N/A,N/A,D,N/A,N/A,N/A,N/A,N/A,N/A,N/A,N/A,N/A,NOW CWD -  UPROOTED
N2-13VB,N2,13,39,TSHE,190,18,16.8,N/A,N/A,N/A,N/A,D,N/A,N/A,N/A,N/A,N/A,N/A,N/A,N/A,N/A,NOT FOUND 
N2-13VB,N2,13,40,TSHE,190,16,14.6,N/A,N/A,N/A,N/A,D,N/A,N/A,N/A,N/A,N/A,N/A,N/A,N/A,N/A,NOW STUMP 
N2-13VB,N2,13,41,TSHE,191,7.8,7.1,N/A,N/A,N/A,N/A,D,N/A,N/A,N/A,N/A,N/A,N/A,N/A,N/A,N/A,NOW CWD - TAG FOUND
N2-13VB,N2,13,43,TSHE,200,17.6,16.4,N/A,N/A,N/A,N/A,D,N/A,N/A,N/A,N/A,N/A,N/A,N/A,N/A,N/A,NOW CWD - UPROOTED
N2-13VB,N2,13,45,TSHE,204,14.8,13.8,N/A,N/A,N/A,N/A,D,N/A,N/A,N/A,N/A,N/A,N/A,N/A,N/A,N/A,STUMP - HARVESTED
N2-13VB,N2,13,50,TSHE,216,13.1,12.8,N/A,N/A,N/A,N/A,D,N/A,N/A,N/A,N/A,N/A,N/A,N/A,N/A,N/A,HARVESTED STUMP
N2-13VB,N2,13,54,TSHE,239,12.4,12.3,N/A,N/A,N/A,N/A,D,N/A,N/A,N/A,N/A,N/A,N/A,N/A,N/A,N/A,NOW HARVESTED STUMP
N2-13VB,N2,13,55,TSHE,241,10.8,10.7,N/A,N/A,N/A,N/A,D,N/A,N/A,N/A,N/A,N/A,N/A,N/A,N/A,N/A,NOW HARVESTED STUMP
N2-13VB,N2,13,57,TSHE,243,10.3,10.3,N/A,N/A,N/A,N/A,D,N/A,N/A,N/A,N/A,N/A,N/A,N/A,N/A,N/A,HARVESTED STUMP
N2-13VB,N2,13,58,TSHE,258,4.8,4.7,N/A,N/A,N/A,N/A,D,N/A,N/A,N/A,N/A,N/A,N/A,N/A,N/A,N/A,"BLOWN OVER, SPLIT BELOW DBH, CWD"
N2-13VB,N2,13,60,TSHE,261,14.2,14.2,N/A,N/A,N/A,N/A,D,N/A,N/A,N/A,N/A,N/A,N/A,N/A,N/A,N/A,HARVESTED STUMP
N2-13VB,N2,13,63,TSHE,264,6.8,6.8,N/A,N/A,N/A,N/A,D,N/A,N/A,N/A,N/A,N/A,N/A,N/A,N/A,N/A,NOT FOUND
N2-13VB,N2,13,65,TSHE,270,9.5,9.4,N/A,N/A,N/A,N/A,D,N/A,N/A,N/A,N/A,N/A,N/A,N/A,N/A,N/A,HARVESTED STUMP
N2-13VB,N2,13,66,TSHE,276,11.7,11.4,N/A,N/A,N/A,N/A,D,N/A,N/A,N/A,N/A,N/A,N/A,N/A,N/A,N/A,HARVESTED STUMP
N2-13VB,N2,13,67,TSHE,280,4.2,4.2,N/A,N/A,N/A,N/A,D,N/A,N/A,N/A,N/A,N/A,N/A,N/A,N/A,N/A,"STUMP, SNAPPED NEAR BASE"
N2-13VB,N2,13,70,TSHE,299,11.2,10.8,N/A,N/A,N/A,N/A,D,N/A,N/A,N/A,N/A,N/A,N/A,N/A,N/A,N/A,NOT FOUND
N2-13VB,N2,13,71,TSHE,301,6.9,6.8,N/A,N/A,N/A,N/A,D,N/A,N/A,N/A,N/A,N/A,N/A,N/A,N/A,N/A,NOT FOUND
N2-13VB,N2,13,72,TSHE,302,19.3,17.7,N/A,N/A,N/A,N/A,D,N/A,N/A,N/A,N/A,N/A,N/A,N/A,N/A,N/A,NOT FOUND
N2-13VB,N2,13,73,TSHE,309,3.8,3.8,N/A,N/A,N/A,N/A,D,N/A,N/A,N/A,N/A,N/A,N/A,N/A,N/A,N/A,NOW STUMP - SNAPPED NEAR BASE
N2-13VB,N2,13,75,TSHE,315,15.8,14.7,N/A,N/A,N/A,N/A,D,N/A,N/A,N/A,N/A,N/A,N/A,N/A,N/A,N/A,NOT FOUND
N2-13VB,N2,13,76,TSHE,317,17.3,16.4,N/A,N/A,N/A,N/A,D,N/A,N/A,N/A,N/A,N/A,N/A,N/A,N/A,N/A,HARVESTED STUMP
N2-13VB,N2,13,79,TSHE,325,10.4,10.1,N/A,N/A,N/A,N/A,D,N/A,N/A,N/A,N/A,N/A,N/A,N/A,N/A,N/A,NOW CWD
N2-13VB,N2,13,81,TSHE,326,12.5,11.9,N/A,N/A,N/A,N/A,D,N/A,N/A,N/A,N/A,N/A,N/A,N/A,N/A,N/A,"NOW STUMP, KNOCKED OVER"
N2-13VB,N2,13,82,TSHE,328,13.3,12.6,N/A,N/A,N/A,N/A,D,N/A,N/A,N/A,N/A,N/A,N/A,N/A,N/A,N/A,HARVESTED STUMP
N2-15VB,N2,15,607,TSHE,7,17.5,17.4,N/A,N/A,N/A,N/A,D,N/A,N/A,N/A,N/A,N/A,N/A,N/A,N/A,N/A,CWD
N2-15VB,N2,15,610,TSHE,27,9,8.9,N/A,N/A,N/A,N/A,D,N/A,N/A,N/A,N/A,N/A,N/A,N/A,N/A,N/A,HARVESTED STUMP
N2-15VB,N2,15,612,TSHE,34,7.7,7.6,N/A,N/A,N/A,N/A,D,N/A,N/A,N/A,N/A,N/A,N/A,N/A,N/A,N/A,HARVESTED STUMP
N2-15VB,N2,15,613,TSHE,35,10.7,10.5,N/A,N/A,N/A,N/A,D,N/A,N/A,N/A,N/A,N/A,N/A,N/A,N/A,N/A,HARVESTED STUMP
N2-15VB,N2,15,614,TSHE,37,16.4,16.3,N/A,N/A,N/A,N/A,D,N/A,N/A,N/A,N/A,N/A,N/A,N/A,N/A,N/A,HARVESTED STUMP
N2-15VB,N2,15,615,TSHE,40,14.1,13.9,N/A,N/A,N/A,N/A,D,N/A,N/A,N/A,N/A,N/A,N/A,N/A,N/A,N/A,HARVESTED STUMP
N2-15VB,N2,15,616,TSHE,45,7.4,7.2,N/A,N/A,N/A,N/A,D,N/A,N/A,N/A,N/A,N/A,N/A,N/A,N/A,N/A,HARVESTED STUMP
N2-15VB,N2,15,618,TSHE,52,10.5,10.2,N/A,N/A,N/A,N/A,D,N/A,N/A,N/A,N/A,N/A,N/A,N/A,N/A,N/A,HARVESTED STUMP
N2-15VB,N2,15,619,TSHE,55,10.1,9.8,N/A,N/A,N/A,N/A,D,N/A,N/A,N/A,N/A,N/A,N/A,N/A,N/A,N/A,HARVESTED STUMP
N2-15VB,N2,15,621,TSHE,56,14.7,14.3,N/A,N/A,N/A,N/A,D,N/A,N/A,N/A,N/A,N/A,N/A,N/A,N/A,N/A,HARVESTED STUMP
N2-15VB,N2,15,622,TSHE,58,17,16.5,N/A,N/A,N/A,N/A,D,N/A,N/A,N/A,N/A,N/A,N/A,N/A,N/A,N/A,HARVESTED STUMP
N2-15VB,N2,15,623,TSHE,72,11.4,10.9,N/A,N/A,N/A,N/A,D,N/A,N/A,N/A,N/A,N/A,N/A,N/A,N/A,N/A,HARVESTED STUMP
N2-15VB,N2,15,626,TSHE,82,14.7,14.1,N/A,N/A,N/A,N/A,D,N/A,N/A,N/A,N/A,N/A,N/A,N/A,N/A,N/A,HARVESTED STUMP
N2-15VB,N2,15,627,TSHE,87,9.9,9.5,N/A,N/A,N/A,N/A,D,N/A,N/A,N/A,N/A,N/A,N/A,N/A,N/A,N/A,HARVESTED STUMP
N2-15VB,N2,15,628,TSHE,94,12.4,11.9,N/A,N/A,N/A,N/A,D,N/A,N/A,N/A,N/A,N/A,N/A,N/A,N/A,N/A,HARVESTED STUMP
N2-15VB,N2,15,629,TSHE,95,11.5,10.9,N/A,N/A,N/A,N/A,D,N/A,N/A,N/A,N/A,N/A,N/A,N/A,N/A,N/A,HARVESTED STUMP
N2-15VB,N2,15,631,TSHE,103,12,11.5,N/A,N/A,N/A,N/A,D,N/A,N/A,N/A,N/A,N/A,N/A,N/A,N/A,N/A,HARVESTED STUMP
N2-15VB,N2,15,632,TSHE,107,18,16.7,N/A,N/A,N/A,N/A,D,N/A,N/A,N/A,N/A,N/A,N/A,N/A,N/A,N/A,CWD
N2-15VB,N2,15,636,TSHE,125,10.6,10.2,N/A,N/A,N/A,N/A,D,N/A,N/A,N/A,N/A,N/A,N/A,N/A,N/A,N/A,HARVESTED STUMP
N2-15VB,N2,15,637,TSHE,132,10.5,10.1,N/A,N/A,N/A,N/A,D,N/A,N/A,N/A,N/A,N/A,N/A,N/A,N/A,N/A,HARVESTED STUMP
N2-15VB,N2,15,638,TSHE,136,3.5,3.5,N/A,N/A,N/A,N/A,D,N/A,N/A,N/A,N/A,N/A,N/A,N/A,N/A,N/A,HARVESTED STUMP
N2-15VB,N2,15,642,TSHE,147,12.9,12.4,N/A,N/A,N/A,N/A,D,N/A,N/A,N/A,N/A,N/A,N/A,N/A,N/A,N/A,CWD
N2-15VB,N2,15,643,TSHE,155,11.2,11,N/A,N/A,N/A,N/A,D,N/A,N/A,N/A,N/A,N/A,N/A,N/A,N/A,N/A,CWD
N2-15VB,N2,15,647,TSHE,183,15.1,15.1,N/A,N/A,N/A,N/A,D,N/A,N/A,N/A,N/A,N/A,N/A,N/A,N/A,N/A,HARVESTED STUMP
N2-15VB,N2,15,649,TSHE,186,10.2,10.2,N/A,N/A,N/A,N/A,D,N/A,N/A,N/A,N/A,N/A,N/A,N/A,N/A,N/A,HARVESTED STUMP
N2-15VB,N2,15,650,TSHE,186,5.7,5.7,N/A,N/A,N/A,N/A,D,N/A,N/A,N/A,N/A,N/A,N/A,N/A,N/A,N/A,HARVESTED STUMP
N2-15VB,N2,15,651,TSHE,188,15.5,15.5,N/A,N/A,N/A,N/A,D,N/A,N/A,N/A,N/A,N/A,N/A,N/A,N/A,N/A,HARVESTED STUMP
N2-15VB,N2,15,652,TSHE,193,17.2,17.2,N/A,N/A,N/A,N/A,D,N/A,N/A,N/A,N/A,N/A,N/A,N/A,N/A,N/A,HARVESTED STUMP
N2-15VB,N2,15,658,TSHE,224,15.4,14.9,N/A,N/A,N/A,N/A,D,N/A,N/A,N/A,N/A,N/A,N/A,N/A,N/A,N/A,HARVESTED STUMP
N2-15VB,N2,15,659,TSHE,226,17.7,17.2,N/A,N/A,N/A,N/A,D,N/A,N/A,N/A,N/A,N/A,N/A,N/A,N/A,N/A,HARVESTED STUMP
N2-15VB,N2,15,661,TSHE,256,12,11.3,N/A,N/A,N/A,N/A,D,N/A,N/A,N/A,N/A,N/A,N/A,N/A,N/A,N/A,HARVESTED STUMP
N2-15VB,N2,15,663,TSHE,269,5.6,5.4,N/A,N/A,N/A,N/A,D,N/A,N/A,N/A,N/A,N/A,N/A,N/A,N/A,N/A,HARVESTED STUMP
N2-15VB,N2,15,664,TSHE,279,18.2,17.6,N/A,N/A,N/A,N/A,D,N/A,N/A,N/A,N/A,N/A,N/A,N/A,N/A,N/A,HARVESTED STUMP
N2-15VB,N2,15,666,TSHE,289,15,14.5,N/A,N/A,N/A,N/A,D,N/A,N/A,N/A,N/A,N/A,N/A,N/A,N/A,N/A,HARVESTED STUMP
N2-15VB,N2,15,668,TSHE,293,9.3,9.1,N/A,N/A,N/A,N/A,D,N/A,N/A,N/A,N/A,N/A,N/A,N/A,N/A,N/A,HARVESTED STUMP
N2-15VB,N2,15,670,TSHE,306,4.3,4.3,N/A,N/A,N/A,N/A,D,N/A,N/A,N/A,N/A,N/A,N/A,N/A,N/A,N/A,HARVESTED STUMP
N2-15VB,N2,15,671,TSHE,327,4.6,4.6,N/A,N/A,N/A,N/A,D,N/A,N/A,N/A,N/A,N/A,N/A,N/A,N/A,N/A,HARVESTED STUMP
N2-15VB,N2,15,673,TSHE,331,10.3,10.3,N/A,N/A,N/A,N/A,D,N/A,N/A,N/A,N/A,N/A,N/A,N/A,N/A,N/A,HARVESTED STUMP
N2-15VB,N2,15,676,TSHE,339,17.6,17.6,N/A,N/A,N/A,N/A,D,N/A,N/A,N/A,N/A,N/A,N/A,N/A,N/A,N/A,HARVESTED STUMP
N2-15VB,N2,15,680,TSHE,358,6.8,6.8,N/A,N/A,N/A,N/A,D,N/A,N/A,N/A,N/A,N/A,N/A,N/A,N/A,N/A,HARVESTED STUMP
N2-18VB,N2,18,419,THPL,53,12.4,11.2,N/A,N/A,N/A,N/A,D,N/A,N/A,N/A,N/A,N/A,N/A,N/A,N/A,N/A,CWD - FALLEN/KNOCKED OVER DURING HARVEST
N2-18VB,N2,18,424,TSHE,88,7.3,6.9,N/A,N/A,N/A,N/A,D,N/A,N/A,N/A,N/A,N/A,N/A,N/A,N/A,N/A,HARVESTED STUMP
N2-18VB,N2,18,428,TSHE,129,16.7,16.2,N/A,N/A,N/A,N/A,D,N/A,N/A,N/A,N/A,N/A,N/A,N/A,N/A,N/A,HARVESTED STUMP
N2-18VB,N2,18,429,TSHE,132,16.6,16.2,N/A,N/A,N/A,N/A,D,N/A,N/A,N/A,N/A,N/A,N/A,N/A,N/A,N/A,HARVESTED STUMP
N2-18VB,N2,18,430,THPL,132,11.0,10.8,N/A,N/A,N/A,N/A,D,N/A,N/A,N/A,N/A,N/A,N/A,N/A,N/A,N/A,NOT FOUND - LIKELY CWD
N2-18VB,N2,18,431,TSHE,133,9.3,9.2,N/A,N/A,N/A,N/A,D,N/A,N/A,N/A,N/A,N/A,N/A,N/A,N/A,N/A,HARVESTED STUMP
N2-18VB,N2,18,434,TSHE,186,11.7,11.5,N/A,N/A,N/A,N/A,D,N/A,N/A,N/A,N/A,N/A,N/A,N/A,N/A,N/A,NOT FOUND - LIKELY DECAYED (WAS DC3 SNAG)
N2-18VB,N2,18,438,THPL,197,2.4,2.2,N/A,N/A,N/A,N/A,D,N/A,N/A,N/A,N/A,N/A,N/A,N/A,N/A,N/A,NOT FOUND
N2-18VB,N2,18,439,TSHE,202,5.6,5.2,N/A,N/A,N/A,N/A,D,N/A,N/A,N/A,N/A,N/A,N/A,N/A,N/A,N/A,HARVESTED STUMP
N2-18VB,N2,18,440,TSHE,208,10.1,9.0,N/A,N/A,N/A,N/A,D,N/A,N/A,N/A,N/A,N/A,N/A,N/A,N/A,N/A,HARVESTED STUMP
N2-18VB,N2,18,441,TSHE,211,10.7,9.6,N/A,N/A,N/A,N/A,D,N/A,N/A,N/A,N/A,N/A,N/A,N/A,N/A,N/A,HARVESTED STUMP
N2-18VB,N2,18,442,TSHE,222,11.3,10.3,N/A,N/A,N/A,N/A,D,N/A,N/A,N/A,N/A,N/A,N/A,N/A,N/A,N/A,HARVESTED STUMP
N2-18VB,N2,18,444,TSHE,232,8.4,7.5,N/A,N/A,N/A,N/A,D,N/A,N/A,N/A,N/A,N/A,N/A,N/A,N/A,N/A,HARVESTED STUMP
N2-18VB,N2,18,447,TSHE,254,17.2,15.9,N/A,N/A,N/A,N/A,D,N/A,N/A,N/A,N/A,N/A,N/A,N/A,N/A,N/A,HARVESTED STUMP
N2-18VB,N2,18,448,TSHE,263,12.1,11.1,N/A,N/A,N/A,N/A,D,N/A,N/A,N/A,N/A,N/A,N/A,N/A,N/A,N/A,HARVESTED STUMP
N2-18VB,N2,18,453,TSHE,290,10.7,10.1,N/A,N/A,N/A,N/A,D,N/A,N/A,N/A,N/A,N/A,N/A,N/A,N/A,N/A,HARVESTED STUMP
N2-18VB,N2,18,454,TSHE,310,14.6,14.2,N/A,N/A,N/A,N/A,D,N/A,N/A,N/A,N/A,N/A,N/A,N/A,N/A,N/A,HARVESTED STUMP
N2-19V,N2,19,135,TSHE,6,2.6,2.6,N/A,N/A,N/A,N/A,D,N/A,N/A,N/A,N/A,N/A,N/A,N/A,N/A,N/A,NOT FOUND
N2-19V,N2,19,136,TSHE,10,12.8,12.5,N/A,N/A,N/A,N/A,D,N/A,N/A,N/A,N/A,N/A,N/A,N/A,N/A,N/A,NOT FOUND
N2-19V,N2,19,138,TSHE,11,17.1,16.8,N/A,N/A,N/A,N/A,D,N/A,N/A,N/A,N/A,N/A,N/A,N/A,N/A,N/A,STUMP HARVESTED
N2-19V,N2,19,139,TSHE,11,15.1,14.8,N/A,N/A,N/A,N/A,D,N/A,N/A,N/A,N/A,N/A,N/A,N/A,N/A,N/A,STUMP HARVESTED
N2-19V,N2,19,140,TSHE,16,3.4,3.4,N/A,N/A,N/A,N/A,D,N/A,N/A,N/A,N/A,N/A,N/A,N/A,N/A,N/A,NOT FOUND
N2-19V,N2,19,141,TSHE,17,9.5,9.3,N/A,N/A,N/A,N/A,D,N/A,N/A,N/A,N/A,N/A,N/A,N/A,N/A,N/A,NOT FOUND
N2-19V,N2,19,143,TSHE,23,12.6,12.3,N/A,N/A,N/A,N/A,D,N/A,N/A,N/A,N/A,N/A,N/A,N/A,N/A,N/A,STUMP HARVESTED
N2-19V,N2,19,144,TSHE,23,16.9,16.4,N/A,N/A,N/A,N/A,D,N/A,N/A,N/A,N/A,N/A,N/A,N/A,N/A,N/A,STUMP HARVESTED
N2-19V,N2,19,145,TSHE,23,11.1,10.6,N/A,N/A,N/A,N/A,D,N/A,N/A,N/A,N/A,N/A,N/A,N/A,N/A,N/A,STUMP HARVESTED
N2-19V,N2,19,146,TSHE,25,17.6,16.6,N/A,N/A,N/A,N/A,D,N/A,N/A,N/A,N/A,N/A,N/A,N/A,N/A,N/A,STUMP HARVESTED
N2-19V,N2,19,147,TSHE,25,18.4,17.4,N/A,N/A,N/A,N/A,D,N/A,N/A,N/A,N/A,N/A,N/A,N/A,N/A,N/A,STUMP HARVESTED
N2-19V,N2,19,148,TSHE,26,7.1,6.9,N/A,N/A,N/A,N/A,D,N/A,N/A,N/A,N/A,N/A,N/A,N/A,N/A,N/A,STUMP HARVESTED
N2-19V,N2,19,149,TSHE,37,10.4,9.8,N/A,N/A,N/A,N/A,D,N/A,N/A,N/A,N/A,N/A,N/A,N/A,N/A,N/A,NOT FOUND
N2-19V,N2,19,150,TSHE,41,10.1,9.3,N/A,N/A,N/A,N/A,D,N/A,N/A,N/A,N/A,N/A,N/A,N/A,N/A,N/A,CWD
N2-19V,N2,19,151,TSHE,41,4.1,4,N/A,N/A,N/A,N/A,D,N/A,N/A,N/A,N/A,N/A,N/A,N/A,N/A,N/A,STUMP HARVESTED
N2-19V,N2,19,154,TSHE,41,15.8,14.8,N/A,N/A,N/A,N/A,D,N/A,N/A,N/A,N/A,N/A,N/A,N/A,N/A,N/A,STUMP HARVESTED
N2-19V,N2,19,152,TSHE,47,8.6,7.9,N/A,N/A,N/A,N/A,D,N/A,N/A,N/A,N/A,N/A,N/A,N/A,N/A,N/A,STUMP HARVESTED
N2-19V,N2,19,156,TSHE,55,17.7,16,N/A,N/A,N/A,N/A,D,N/A,N/A,N/A,N/A,N/A,N/A,N/A,N/A,N/A,CWD
N2-19V,N2,19,155,TSHE,57,11.2,10.4,N/A,N/A,N/A,N/A,D,N/A,N/A,N/A,N/A,N/A,N/A,N/A,N/A,N/A,CWD
N2-19V,N2,19,157,TSHE,65,12.6,11.7,N/A,N/A,N/A,N/A,D,N/A,N/A,N/A,N/A,N/A,N/A,N/A,N/A,N/A,STUMP HARVESTED
N2-19V,N2,19,160,TSHE,73,17.3,15.7,N/A,N/A,N/A,N/A,D,N/A,N/A,N/A,N/A,N/A,N/A,N/A,N/A,N/A,STUMP HARVESTED
N2-19V,N2,19,161,TSHE,76,14.1,12.5,N/A,N/A,N/A,N/A,D,N/A,N/A,N/A,N/A,N/A,N/A,N/A,N/A,N/A,NOT FOUND
N2-19V,N2,19,162,TSHE,79,11.2,10.2,N/A,N/A,N/A,N/A,D,N/A,N/A,N/A,N/A,N/A,N/A,N/A,N/A,N/A,NOT FOUND
N2-19V,N2,19,164,TSHE,91,12,11.1,N/A,N/A,N/A,N/A,D,N/A,N/A,N/A,N/A,N/A,N/A,N/A,N/A,N/A,STUMP HARVESTED
N2-19V,N2,19,165,TSHE,96,19.8,17.8,N/A,N/A,N/A,N/A,D,N/A,N/A,N/A,N/A,N/A,N/A,N/A,N/A,N/A,NOT FOUND
N2-19V,N2,19,166,TSHE,98,6.9,6.4,N/A,N/A,N/A,N/A,D,N/A,N/A,N/A,N/A,N/A,N/A,N/A,N/A,N/A,NOT FOUND
N2-19V,N2,19,168,TSHE,99,16.2,14.9,N/A,N/A,N/A,N/A,D,N/A,N/A,N/A,N/A,N/A,N/A,N/A,N/A,N/A,STUMP HARVESTED
N2-19V,N2,19,169,TREEC,100,17.2,16.2,N/A,N/A,N/A,N/A,D,N/A,N/A,N/A,N/A,N/A,N/A,N/A,N/A,N/A,NOT FOUND
N2-19V,N2,19,171,TSHE,107,7.7,7.3,N/A,N/A,N/A,N/A,D,N/A,N/A,N/A,N/A,N/A,N/A,N/A,N/A,N/A,STUMP HARVESTED
N2-19V,N2,19,173,TSHE,116,11.3,10.7,N/A,N/A,N/A,N/A,D,N/A,N/A,N/A,N/A,N/A,N/A,N/A,N/A,N/A,NOT FOUND
N2-19V,N2,19,172,TSHE,125,18.3,17.1,N/A,N/A,N/A,N/A,D,N/A,N/A,N/A,N/A,N/A,N/A,N/A,N/A,N/A,STUMP HARVESTED
N2-19V,N2,19,176,TSHE,133,5.7,5.7,N/A,N/A,N/A,N/A,D,N/A,N/A,N/A,N/A,N/A,N/A,N/A,N/A,N/A,CWD
N2-19V,N2,19,177,TSHE,141,15.7,15.7,N/A,N/A,N/A,N/A,D,N/A,N/A,N/A,N/A,N/A,N/A,N/A,N/A,N/A,CWD
N2-19V,N2,19,178,TSHE,143,16.9,16.9,N/A,N/A,N/A,N/A,D,N/A,N/A,N/A,N/A,N/A,N/A,N/A,N/A,N/A,CWD
N2-19V,N2,19,179,TSHE,143,11.9,11.9,N/A,N/A,N/A,N/A,D,N/A,N/A,N/A,N/A,N/A,N/A,N/A,N/A,N/A,STUMP HARVESTED
N2-19V,N2,19,180,TSHE,156,14.4,14.4,N/A,N/A,N/A,N/A,D,N/A,N/A,N/A,N/A,N/A,N/A,N/A,N/A,N/A,STUMP HARVESTED
N2-19V,N2,19,184,TSHE,185,7.6,7.4,N/A,N/A,N/A,N/A,D,N/A,N/A,N/A,N/A,N/A,N/A,N/A,N/A,N/A,STUMP HARVESTED
N2-19V,N2,19,185,TSHE,215,10,9.1,N/A,N/A,N/A,N/A,D,N/A,N/A,N/A,N/A,N/A,N/A,N/A,N/A,N/A,STUMP HARVESTED
N2-19V,N2,19,187,TSHE,223,3.6,3,N/A,N/A,N/A,N/A,D,N/A,N/A,N/A,N/A,N/A,N/A,N/A,N/A,N/A,STUMP HARVESTED
N2-19V,N2,19,190,TSHE,237,8.4,7.3,N/A,N/A,N/A,N/A,D,N/A,N/A,N/A,N/A,N/A,N/A,N/A,N/A,N/A,STUMP HARVESTED
N2-19V,N2,19,191,TSHE,241,14.7,12.7,N/A,N/A,N/A,N/A,D,N/A,N/A,N/A,N/A,N/A,N/A,N/A,N/A,N/A,STUMP HARVESTED
N2-19V,N2,19,192,TSHE,249,15.4,13.4,N/A,N/A,N/A,N/A,D,N/A,N/A,N/A,N/A,N/A,N/A,N/A,N/A,N/A,STUMP HARVESTED
N2-19V,N2,19,196,TSHE,255,9.3,8.1,N/A,N/A,N/A,N/A,D,N/A,N/A,N/A,N/A,N/A,N/A,N/A,N/A,N/A,STUMP HARVESTED
N2-19V,N2,19,197,TSHE,262,16.7,14.7,N/A,N/A,N/A,N/A,D,N/A,N/A,N/A,N/A,N/A,N/A,N/A,N/A,N/A,STUMP HARVESTED
N2-19V,N2,19,199,TSHE,270,8.3,7,N/A,N/A,N/A,N/A,D,N/A,N/A,N/A,N/A,N/A,N/A,N/A,N/A,N/A,STUMP HARVESTED
N2-19V,N2,19,201,TSHE,275,5.2,4.4,N/A,N/A,N/A,N/A,D,N/A,N/A,N/A,N/A,N/A,N/A,N/A,N/A,N/A,STUMP HARVESTED
N2-19V,N2,19,198,TSHE,277,11.4,9.9,N/A,N/A,N/A,N/A,D,N/A,N/A,N/A,N/A,N/A,N/A,N/A,N/A,N/A,STUMP HARVESTED
N2-19V,N2,19,202,TSHE,286,13.8,12.3,N/A,N/A,N/A,N/A,D,N/A,N/A,N/A,N/A,N/A,N/A,N/A,N/A,N/A,STUMP HARVESTED
N2-19V,N2,19,203,TSHE,287,13.9,12.4,N/A,N/A,N/A,N/A,D,N/A,N/A,N/A,N/A,N/A,N/A,N/A,N/A,N/A,STUMP HARVESTED
N2-19V,N2,19,204,TSHE,292,11.3,10.2,N/A,N/A,N/A,N/A,D,N/A,N/A,N/A,N/A,N/A,N/A,N/A,N/A,N/A,STUMP HARVESTED
N2-19V,N2,19,208,TSHE,297,16.5,15.6,N/A,N/A,N/A,N/A,D,N/A,N/A,N/A,N/A,N/A,N/A,N/A,N/A,N/A,STUMP - WINDBLOWN
N2-19V,N2,19,211,TSHE,312,9.9,9.3,N/A,N/A,N/A,N/A,D,N/A,N/A,N/A,N/A,N/A,N/A,N/A,N/A,N/A,NOT FOUND
N2-19V,N2,19,214,TSHE,323,9.6,9.1,N/A,N/A,N/A,N/A,D,N/A,N/A,N/A,N/A,N/A,N/A,N/A,N/A,N/A,CWD
N2-19V,N2,19,215,TSHE,327,9.4,8.9,N/A,N/A,N/A,N/A,D,N/A,N/A,N/A,N/A,N/A,N/A,N/A,N/A,N/A,STUMP - HARVESTED
N2-19V,N2,19,218,TSHE,335,12.7,12.5,N/A,N/A,N/A,N/A,D,N/A,N/A,N/A,N/A,N/A,N/A,N/A,N/A,N/A,STUMP - HARVESTED
N2-19V,N2,19,219,TSHE,339,6.6,6.3,N/A,N/A,N/A,N/A,D,N/A,N/A,N/A,N/A,N/A,N/A,N/A,N/A,N/A,STUMP - HARVESTED
N2-19V,N2,19,226,TSHE,354,11.8,11.8,N/A,N/A,N/A,N/A,D,N/A,N/A,N/A,N/A,N/A,N/A,N/A,N/A,N/A,STUMP - WINDBLOWN
N2-19V,N2,19,227,TSHE,356,13.4,13.4,N/A,N/A,N/A,N/A,D,N/A,N/A,N/A,N/A,N/A,N/A,N/A,N/A,N/A,STUMP - HARVESTED
N2-20V,N2,20,241,TSHE,112,14.5,14.3,N/A,N/A,N/A,N/A,D,N/A,N/A,N/A,N/A,N/A,N/A,N/A,N/A,N/A,HARVESTED STUMP
N2-20V,N2,20,244,PSME,248,11.5,11.5,N/A,N/A,N/A,N/A,D,N/A,N/A,N/A,N/A,N/A,N/A,N/A,N/A,N/A,HARVESTED STUMP
N2-21V,N2,21,604,PSME,21,10,9.7,N/A,N/A,N/A,N/A,D,N/A,N/A,N/A,N/A,N/A,N/A,N/A,N/A,N/A,HARVESTED STUMP
N2-21V,N2,21,605,PSME,109,5.5,5.5,N/A,N/A,N/A,N/A,D,N/A,N/A,N/A,N/A,N/A,N/A,N/A,N/A,N/A,HARVESTED STUMP
N2-26VB,N2,26,251,TSHE,44,16.9,16.6,N/A,N/A,N/A,N/A,D,N/A,N/A,N/A,N/A,N/A,N/A,N/A,N/A,N/A,LIKELY REMOVED IN THINNING; TREE/TAG NOT FOUND 
N2-26VB,N2,26,256,TSHE,56,16.7,16.7,N/A,N/A,N/A,N/A,D,N/A,N/A,N/A,N/A,N/A,N/A,N/A,N/A,N/A,HARVESTED STUMP 
N2-26VB,N2,26,259,TSHE,84,3.3,3.3,N/A,N/A,N/A,N/A,D,N/A,N/A,N/A,N/A,N/A,N/A,N/A,N/A,N/A,HARVESTED STUMP 
N2-26VB,N2,26,262,TSHE,122,11.7,11.2,N/A,N/A,N/A,N/A,D,N/A,N/A,N/A,N/A,N/A,N/A,N/A,N/A,N/A,"NOT FOUND, LIKELY HARVESTED"
N2-26VB,N2,26,263,TSHE,125,13,12.3,N/A,N/A,N/A,N/A,D,N/A,N/A,N/A,N/A,N/A,N/A,N/A,N/A,N/A,NOT FOUND - ASSUMED TO BE CWD 
N2-26VB,N2,26,265,TSHE,230,13,13,N/A,N/A,N/A,N/A,D,N/A,N/A,N/A,N/A,N/A,N/A,N/A,N/A,N/A,HARVESTED STUMP
N2-26VB,N2,26,273,TSHE,294,9.4,9.2,N/A,N/A,N/A,N/A,D,N/A,N/A,N/A,N/A,N/A,N/A,N/A,N/A,N/A,HARVESTED STUMP
N2-26VB,N2,26,274,TSHE,301,17.1,16.7,N/A,N/A,N/A,N/A,D,N/A,N/A,N/A,N/A,N/A,N/A,N/A,N/A,N/A,HARVESTED STUMP
N2-26VB,N2,26,278,TSHE,341,15.3,15.2,N/A,N/A,N/A,N/A,D,N/A,N/A,N/A,N/A,N/A,N/A,N/A,N/A,N/A,HARVESTED STUMP
N2-26VB,N2,26,281,TSHE,348,6.3,6.3,N/A,N/A,N/A,N/A,D,N/A,N/A,N/A,N/A,N/A,N/A,N/A,N/A,N/A,HARVESTED STUMP
N2-26VB,N2,26,282,TSHE,351,6.3,6.3,N/A,N/A,N/A,N/A,D,N/A,N/A,N/A,N/A,N/A,N/A,N/A,N/A,N/A,BLOWN OVER 
