SITE_ID,BASIN,PLOT,TRANS,SPP,DIAM,DECAY,REMARKS,,,,,,,,,,,,,,,,,,TreeSpecies
C1-3V,C1,3,N-E,TREE,32,4,,,,,,,,,,,,,,,,,,,
C1-3V,C1,3,N-E,TREE,25,4,,,,,,,,,,,,,,,,,,,
C1-3V,C1,3,N-W,,,,NONE,,,,,,,,,,,,,,,,,,
C1-3V,C1,3,S-E,TREE,29,2,,,,,,,,,,,,,,,,,,,
C1-3V,C1,3,S-W,TREE,39,3,,,,,,,,,,,,,,,,,,,
C1-3V,C1,3,S-W,TREE,41,4,,,,,,,,,,,,,,,,,,,
C1-3V,C1,3,S-W,TREE,32,3,,,,,,,,,,,,,,,,,,,
C1-4V,C1,4,N-E,TREE,28,5,,,,,,,,,,,,,,,,,,,
C1-4V,C1,4,N-W,TREE,27,3,,,,,,,,,,,,,,,,,,,
C1-4V,C1,4,N-W,TREE,50,4,,,,,,,,,,,,,,,,,,,
C1-4V,C1,4,N-W,TREE,40,4,,,,,,,,,,,,,,,,,,,
C1-4V,C1,4,N-W,TREE,43,4,,,,,,,,,,,,,,,,,,,
C1-4V,C1,4,N-W,TREE,46,3,,,,,,,,,,,,,,,,,,,
C1-4V,C1,4,N-W,TREE,62,4,,,,,,,,,,,,,,,,,,,
C1-4V,C1,4,N-W,TREE,47,3,,,,,,,,,,,,,,,,,,,
C1-4V,C1,4,N-W,TREE,52,3,,,,,,,,,,,,,,,,,,,
C1-4V,C1,4,S-E,,,,NONE,,,,,,,,,,,,,,,,,,
C1-4V,C1,4,S-W,TREE,47,2,,,,,,,,,,,,,,,,,,,
C1-4V,C1,4,S-W,TREE,35,5,,,,,,,,,,,,,,,,,,,
C1-4V,C1,4,S-W,TREE,47,2,,,,,,,,,,,,,,,,,,,
C1-4V,C1,4,S-W,TREE,35,5,,,,,,,,,,,,,,,,,,,
C1-5V,C1,5,N-E,TREE,26,3,,,,,,,,,,,,,,,,,,,
C1-5V,C1,5,N-E,TREE,37,2,,,,,,,,,,,,,,,,,,,
C1-5V,C1,5,N-W,,,,NONE,,,,,,,,,,,,,,,,,,
C1-5V,C1,5,S-E,,,,NONE,,,,,,,,,,,,,,,,,,
C1-5V,C1,5,S-W,TREE,31,2,,,,,,,,,,,,,,,,,,,
C1-7VB,C1,7,N-E,TREE,33,3,,,,,,,,,,,,,,,,,,,
C1-7VB,C1,7,N-W,TSHE,41,1,,,,,,,,,,,,,,,,,,,
C1-7VB,C1,7,N-W,TREE,36,5,,,,,,,,,,,,,,,,,,,
C1-7VB,C1,7,N-W,TREE,33,2,,,,,,,,,,,,,,,,,,,
C1-7VB,C1,7,S-E,,,,NONE,,,,,,,,,,,,,,,,,,
C1-7VB,C1,7,S-W,TSHE,36,1,,,,,,,,,,,,,,,,,,,
C1-7VB,C1,7,S-W,TREE,28,4,,,,,,,,,,,,,,,,,,,
C1-8VB,C1,8,N-E,TSHE,32,1,,,,,,,,,,,,,,,,,,,
C1-8VB,C1,8,N-E,TSHE,38,1,,,,,,,,,,,,,,,,,,,
C1-8VB,C1,8,N-E,TSHE,26,1,,,,,,,,,,,,,,,,,,,
C1-8VB,C1,8,N-E,TREE,28,2,,,,,,,,,,,,,,,,,,,
C1-8VB,C1,8,N-W,TREE,101,3,,,,,,,,,,,,,,,,,,,
C1-8VB,C1,8,N-W,TREE,68,4,,,,,,,,,,,,,,,,,,,
C1-8VB,C1,8,S-E,TREE,28,3,,,,,,,,,,,,,,,,,,,
C1-8VB,C1,8,S-E,TREE,96,4,,,,,,,,,,,,,,,,,,,
C1-8VB,C1,8,S-W,TREE,45,1,,,,,,,,,,,,,,,,,,,
C1-8VB,C1,8,S-W,TREE,74,3,,,,,,,,,,,,,,,,,,,
C1-8VB,C1,8,S-W,TREE,25,3,,,,,,,,,,,,,,,,,,,
C1-8VB,C1,8,S-W,TREE,34,5,,,,,,,,,,,,,,,,,,,
C1-13VB,C1,13,N-E,TSHE,28,1,,,,,,,,,,,,,,,,,,,
C1-13VB,C1,13,N-E,TREE,74,4,,,,,,,,,,,,,,,,,,,
C1-13VB,C1,13,N-W,THPL,26,1,,,,,,,,,,,,,,,,,,,
C1-13VB,C1,13,N-W,TREE,39,3,,,,,,,,,,,,,,,,,,,
C1-13VB,C1,13,S-E,TSHE,46,2,,,,,,,,,,,,,,,,,,,
C1-13VB,C1,13,S-W,TSHE,36,1,,,,,,,,,,,,,,,,,,,
C1-13VB,C1,13,S-W,TSHE,28,1,,,,,,,,,,,,,,,,,,,
C1-14VB,C1,14,N-E,TREE,35,4,,,,,,,,,,,,,,,,,,,
C1-14VB,C1,14,N-W,TREE,60,3,,,,,,,,,,,,,,,,,,,
C1-14VB,C1,14,S-E,,,,NONE,,,,,,,,,,,,,,,,,,
C1-14VB,C1,14,S-W,THPL,26,1,,,,,,,,,,,,,,,,,,,
C1-14VB,C1,14,S-W,TREE,36,4,,,,,,,,,,,,,,,,,,,
C1-14VB,C1,14,S-W,TREE,46,4,,,,,,,,,,,,,,,,,,,
C1-17V,C1,17,N-E,,,,NONE,,,,,,,,,,,,,,,,,,
C1-17V,C1,17,N-W,TREE,27,3,,,,,,,,,,,,,,,,,,,
C1-17V,C1,17,N-W,TREE,32,3,,,,,,,,,,,,,,,,,,,
C1-17V,C1,17,S-E,TREE,34,3,,,,,,,,,,,,,,,,,,,
C1-17V,C1,17,S-W,TREE,38,3,,,,,,,,,,,,,,,,,,,
C1-18V,C1,18,N-E,,,,NONE,,,,,,,,,,,,,,,,,,
C1-18V,C1,18,N-W,TREE,66,3,,,,,,,,,,,,,,,,,,,
C1-18V,C1,18,S-E,THPL,73,2,,,,,,,,,,,,,,,,,,,
C1-18V,C1,18,S-E,TREE,45,2,,,,,,,,,,,,,,,,,,,
C1-18V,C1,18,S-E,TREE,35,3,,,,,,,,,,,,,,,,,,,
C1-18V,C1,18,S-W,TREE,48,3,,,,,,,,,,,,,,,,,,,
C1-18V,C1,18,S-W,TREE,36,3,,,,,,,,,,,,,,,,,,,
C1-18V,C1,18,S-W,TREE,49,3,,,,,,,,,,,,,,,,,,,
C1-18V,C1,18,S-W,TREE,28,3,,,,,,,,,,,,,,,,,,,
C1-18V,C1,18,S-W,TREE,34,4,,,,,,,,,,,,,,,,,,,
C1-20VB,C1,20,N-E,TREE,38,3,,,,,,,,,,,,,,,,,,,
C1-20VB,C1,20,N-W,TREE,41,3,,,,,,,,,,,,,,,,,,,
C1-20VB,C1,20,N-W,TREE,27,4,,,,,,,,,,,,,,,,,,,
C1-20VB,C1,20,S-E,TREE,25,5,,,,,,,,,,,,,,,,,,,
C1-20VB,C1,20,S-E,TREE,28,4,,,,,,,,,,,,,,,,,,,
C1-20VB,C1,20,S-W,TREE,42,3,,,,,,,,,,,,,,,,,,,
C1-24VB,C1,24,N-E,THPL,105,3,,,,,,,,,,,,,,,,,,,
C1-24VB,C1,24,N-E,TSHE,33,2,,,,,,,,,,,,,,,,,,,
C1-24VB,C1,24,N-E,TSHE,27,1,,,,,,,,,,,,,,,,,,,
C1-24VB,C1,24,N-W,THPL,37,1,,,,,,,,,,,,,,,,,,,
C1-24VB,C1,24,N-W,TREE,28,2,,,,,,,,,,,,,,,,,,,
C1-24VB,C1,24,N-W,TREE,27,2,,,,,,,,,,,,,,,,,,,
C1-24VB,C1,24,N-W,TREE,55,3,,,,,,,,,,,,,,,,,,,
C1-24VB,C1,24,S-E,THPL,138,3,,,,,,,,,,,,,,,,,,,
C1-24VB,C1,24,S-E,TREE,30,4,,,,,,,,,,,,,,,,,,,
C1-24VB,C1,24,S-E,TREE,42,4,,,,,,,,,,,,,,,,,,,
C1-24VB,C1,24,S-E,TREE,37,2,,,,,,,,,,,,,,,,,,,
C1-24VB,C1,24,S-E,TREE,50,3,,,,,,,,,,,,,,,,,,,
C1-24VB,C1,24,S-W,THPL,81,3,,,,,,,,,,,,,,,,,,,
C1-24VB,C1,24,S-W,TSHE,26,2,,,,,,,,,,,,,,,,,,,
C1-24VB,C1,24,S-W,TREE,42,3,,,,,,,,,,,,,,,,,,,
C1-24VB,C1,24,S-W,TREE,42,5,,,,,,,,,,,,,,,,,,,
C1-25VB,C1,25,N-E,TREE,69,5,,,,,,,,,,,,,,,,,,,
C1-25VB,C1,25,N-W,TREE,30,3,,,,,,,,,,,,,,,,,,,
C1-25VB,C1,25,N-W,TREE,25,4,,,,,,,,,,,,,,,,,,,
C1-25VB,C1,25,S-E,TREE,34,3,,,,,,,,,,,,,,,,,,,
C1-25VB,C1,25,S-W,TSHE,26,2,,,,,,,,,,,,,,,,,,,
C1-25VB,C1,25,S-W,TREE,35,3,,,,,,,,,,,,,,,,,,,
C1-26V,C1,26,N-E,,,,NONE,,,,,,,,,,,,,,,,,,
C1-26V,C1,26,N-W,TREE,57,5,,,,,,,,,,,,,,,,,,,
C1-26V,C1,26,S-E,TREE,32,3,,,,,,,,,,,,,,,,,,,
C1-26V,C1,26,S-W,TREE,37,3,,,,,,,,,,,,,,,,,,,
C1-26V,C1,26,S-W,TREE,42,3,,,,,,,,,,,,,,,,,,,
C1-28VB,C1,28,N-E,TREE,25,3,,,,,,,,,,,,,,,,,,,
C1-28VB,C1,28,N-E,TREE,57,4,,,,,,,,,,,,,,,,,,,
C1-28VB,C1,28,N-E,TREE,58,4,,,,,,,,,,,,,,,,,,,
C1-28VB,C1,28,N-W,TREE,46,5,,,,,,,,,,,,,,,,,,,
C1-28VB,C1,28,N-W,TREE,40,5,,,,,,,,,,,,,,,,,,,
C1-28VB,C1,28,N-W,TREE,48,5,,,,,,,,,,,,,,,,,,,
C1-28VB,C1,28,S-W,TREE,67,5,,,,,,,,,,,,,,,,,,,
C1-28VB,C1,28,S-W,TREE,58,5,,,,,,,,,,,,,,,,,,,
C2-4V,C2,4,N-E,TSHE,36,2,,,,,,,,,,,,,,,,,,,
C2-4V,C2,4,N-W,TREE,30,4,,,,,,,,,,,,,,,,,,,
C2-4V,C2,4,S-E,TREE,48,4,,,,,,,,,,,,,,,,,,,
C2-4V,C2,4,S-E,TREE,28,4,,,,,,,,,,,,,,,,,,,
C2-4V,C2,4,S-W,TREE,26,5,,,,,,,,,,,,,,,,,,,
C2-5VB,C2,5,N-E,TREE,42,5,,,,,,,,,,,,,,,,,,,
C2-5VB,C2,5,N-E,TSHE,44,1,,,,,,,,,,,,,,,,,,,
C2-5VB,C2,5,N-W,,,,NONE,,,,,,,,,,,,,,,,,,
C2-5VB,C2,5,S-E,TREE,35,5,INCLUDES PART OF ROOT BALL. BURNED,,,,,,,,,,,,,,,,,,
C2-5VB,C2,5,S-W,TREE,99,3,BURNED,,,,,,,,,,,,,,,,,,
C2-5VB,C2,5,S-W,TREE,33,4,BURNED,,,,,,,,,,,,,,,,,,
C2-5VB,C2,5,S-W,TREE,27,3,BURNED,,,,,,,,,,,,,,,,,,
C2-5VB,C2,5,S-W,TREE,38,4,INCLUDES PART OF ROOT BALL. BURNED,,,,,,,,,,,,,,,,,,
C2-11VB,C2,11,N-E,TSHE,45,1,,,,,,,,,,,,,,,,,,,
C2-11VB,C2,11,N-E,TREE,31,1,,,,,,,,,,,,,,,,,,,
C2-11VB,C2,11,N-E,TREE,42,5,,,,,,,,,,,,,,,,,,,
C2-11VB,C2,11,N-E,TREE,48,3,,,,,,,,,,,,,,,,,,,
C2-11VB,C2,11,N-W,TREE,25,3,,,,,,,,,,,,,,,,,,,
C2-11VB,C2,11,N-W,TREE,34,4,,,,,,,,,,,,,,,,,,,
C2-11VB,C2,11,N-W,TREE,35,4,,,,,,,,,,,,,,,,,,,
C2-11VB,C2,11,N-W,TREE,31,4,,,,,,,,,,,,,,,,,,,
C2-11VB,C2,11,S-E,,,,NONE,,,,,,,,,,,,,,,,,,
C2-11VB,C2,11,S-W,TREE,25,3,,,,,,,,,,,,,,,,,,,
C2-11VB,C2,11,S-W,TREE,36,5,,,,,,,,,,,,,,,,,,,
C2-12VB,C2,12,N-E,TSHE,36,1,,,,,,,,,,,,,,,,,,,
C2-12VB,C2,12,N-W,THPL,49,3,,,,,,,,,,,,,,,,,,,
C2-12VB,C2,12,S-E,TREE,26,4,,,,,,,,,,,,,,,,,,,
C2-12VB,C2,12,S-E,TREE,27,4,,,,,,,,,,,,,,,,,,,
C2-12VB,C2,12,S-E,TSHE,126,4,INCLUDES PART OF ROOT BALL ,,,,,,,,,,,,,,,,,,
C2-12VB,C2,12,S-W,TREE,35,5,,,,,,,,,,,,,,,,,,,
C2-12VB,C2,12,S-W,TREE,56,4,,,,,,,,,,,,,,,,,,,
C2-13V,C2,13,N-E,TREE,25,3,,,,,,,,,,,,,,,,,,,
C2-13V,C2,13,N-E,TREE,37,5,,,,,,,,,,,,,,,,,,,
C2-13V,C2,13,N-W,THPL,57,4,,,,,,,,,,,,,,,,,,,
C2-13V,C2,13,N-W,THPL,57,3,,,,,,,,,,,,,,,,,,,
C2-13V,C2,13,N-W,THPL,186,4,,,,,,,,,,,,,,,,,,,
C2-13V,C2,13,N-W,TREE,47,4,,,,,,,,,,,,,,,,,,,
C2-13V,C2,13,N-W,TREE,44,5,,,,,,,,,,,,,,,,,,,
C2-13V,C2,13,N-W,TREE,62,4,,,,,,,,,,,,,,,,,,,
C2-13V,C2,13,S-E,THPL,175,3,,,,,,,,,,,,,,,,,,,
C2-13V,C2,13,S-E,THPL,110,3,,,,,,,,,,,,,,,,,,,
C2-13V,C2,13,S-E,THPL,129,3,,,,,,,,,,,,,,,,,,,
C2-13V,C2,13,S-E,THPL,33,4,,,,,,,,,,,,,,,,,,,
C2-13V,C2,13,S-E,TREE,35,5,,,,,,,,,,,,,,,,,,,
C2-13V,C2,13,S-W,THPL,101,4,,,,,,,,,,,,,,,,,,,
C2-13V,C2,13,S-W,THPL,117,3,,,,,,,,,,,,,,,,,,,
C2-13V,C2,13,S-W,THPL,67,3,,,,,,,,,,,,,,,,,,,
C2-13V,C2,13,S-W,TREE,29,3,,,,,,,,,,,,,,,,,,,
C2-13V,C2,13,S-W,TREE,29,4,,,,,,,,,,,,,,,,,,,
C2-15VB,C2,15,N-E,TREE,60,4,,,,,,,,,,,,,,,,,,,
C2-15VB,C2,15,N-W,ALRU2,27,2,,,,,,,,,,,,,,,,,,,
C2-15VB,C2,15,N-W,TREE,49,3,,,,,,,,,,,,,,,,,,,
C2-15VB,C2,15,S-E,TSHE,32,1,,,,,,,,,,,,,,,,,,,
C2-15VB,C2,15,S-E,TSHE,31,1,,,,,,,,,,,,,,,,,,,
C2-15VB,C2,15,S-E,TSHE,29,1,,,,,,,,,,,,,,,,,,,
C2-15VB,C2,15,S-E,TSHE,37,1,,,,,,,,,,,,,,,,,,,
C2-15VB,C2,15,S-W,TREE,50,3,,,,,,,,,,,,,,,,,,,
C2-17VB,C2,17,N-E,TSHE,26,3,,,,,,,,,,,,,,,,,,,
C2-17VB,C2,17,N-E,TSHE,29,4,,,,,,,,,,,,,,,,,,,
C2-17VB,C2,17,N-W,TSHE,26,4,,,,,,,,,,,,,,,,,,,
C2-17VB,C2,17,N-W,TSHE,46,4,,,,,,,,,,,,,,,,,,,
C2-17VB,C2,17,S-E,TSHE,30,4,,,,,,,,,,,,,,,,,,,
C2-17VB,C2,17,S-E,TREE,34,4,,,,,,,,,,,,,,,,,,,
C2-17VB,C2,17,S-W,,,,NONE,,,,,,,,,,,,,,,,,,
C2-18VB,C2,18,N-E,TREE,30,3,NONE OBSERVED,,,,,,,,,,,,,,,,,,
C2-18VB,C2,18,N-W,TREE,30,3,,,,,,,,,,,,,,,,,,,
C2-18VB,C2,18,N-W,TREE,41,4,,,,,,,,,,,,,,,,,,,
C2-18VB,C2,18,S-E,TREE,51,4,,,,,,,,,,,,,,,,,,,
C2-18VB,C2,18,S-E,TREE,58,3,,,,,,,,,,,,,,,,,,,
C2-18VB,C2,18,S-W,TREE,33,3,,,,,,,,,,,,,,,,,,,
C2-18VB,C2,18,S-W,TREE,55,3,,,,,,,,,,,,,,,,,,,
C2-18VB,C2,18,S-W,TREE,64,4,,,,,,,,,,,,,,,,,,,
C2-18VB,C2,18,S-W,TREE,36,4,,,,,,,,,,,,,,,,,,,
C2-20VB,C2,20,N-E,THPL,66,2,,,,,,,,,,,,,,,,,,,
C2-20VB,C2,20,N-E,THPL,102,4,,,,,,,,,,,,,,,,,,,
C2-20VB,C2,20,N-E,TREE,36,2,,,,,,,,,,,,,,,,,,,
C2-20VB,C2,20,N-E,TREE,95,5,,,,,,,,,,,,,,,,,,,
C2-20VB,C2,20,N-W,,,,NONE,,,,,,,,,,,,,,,,,,
C2-20VB,C2,20,S-E,THPL,58,3,CHARRED,,,,,,,,,,,,,,,,,,
C2-20VB,C2,20,S-E,THPL,52,3,ROOT BALL,,,,,,,,,,,,,,,,,,
C2-20VB,C2,20,S-E,THPL,40,3,CHARRED,,,,,,,,,,,,,,,,,,
C2-20VB,C2,20,S-E,TREE,56,4,,,,,,,,,,,,,,,,,,,
C2-20VB,C2,20,S-W,THPL,44,4,CHARRED,,,,,,,,,,,,,,,,,,
C2-23VB,C2,23,N-E,THPL,57,4,,,,,,,,,,,,,,,,,,,
C2-23VB,C2,23,N-E,THPL,26,4,,,,,,,,,,,,,,,,,,,
C2-23VB,C2,23,N-E,TREE,50,5,,,,,,,,,,,,,,,,,,,
C2-23VB,C2,23,N-W,,,,NONE,,,,,,,,,,,,,,,,,,
C2-23VB,C2,23,S-E,TREE,26,4,,,,,,,,,,,,,,,,,,,
C2-23VB,C2,23,S-W,TREE,28,5,,,,,,,,,,,,,,,,,,,
C2-23VB,C2,23,S-W,TREE,29,5,,,,,,,,,,,,,,,,,,,
C2-23VB,C2,23,S-W,TREE,34,5,,,,,,,,,,,,,,,,,,,
C2-25VB,C2,25,N-E,,,,NONE,,,,,,,,,,,,,,,,,,
C2-25VB,C2,25,N-W,THPL,29,3,,,,,,,,,,,,,,,,,,,
C2-25VB,C2,25,N-W,THPL,51,3,,,,,,,,,,,,,,,,,,,
C2-25VB,C2,25,S-E,THPL,108,3,,,,,,,,,,,,,,,,,,,
C2-25VB,C2,25,S-E,THPL,65,4,,,,,,,,,,,,,,,,,,,
C2-25VB,C2,25,S-E,THPL,64,3,,,,,,,,,,,,,,,,,,,
C2-25VB,C2,25,S-E,THPL,53,3,,,,,,,,,,,,,,,,,,,
C2-25VB,C2,25,S-E,TREE,32,4,,,,,,,,,,,,,,,,,,,
C2-25VB,C2,25,S-W,THPL,26,3,,,,,,,,,,,,,,,,,,,
C2-25VB,C2,25,S-W,THPL,68,3,,,,,,,,,,,,,,,,,,,
C2-25VB,C2,25,S-W,THPL,30,4,,,,,,,,,,,,,,,,,,,
C2-26V,C2,26,N-E,THPL,75,3,,,,,,,,,,,,,,,,,,,
C2-26V,C2,26,N-E,THPL,38,3,,,,,,,,,,,,,,,,,,,
C2-26V,C2,26,N-E,TREE,41,5,,,,,,,,,,,,,,,,,,,
C2-26V,C2,26,N-E,TREE,51,3,,,,,,,,,,,,,,,,,,,
C2-26V,C2,26,N-W,THPL,160,3,,,,,,,,,,,,,,,,,,,
C2-26V,C2,26,N-W,THPL,39,3,,,,,,,,,,,,,,,,,,,
C2-26V,C2,26,N-W,TREE,72,3,,,,,,,,,,,,,,,,,,,
C2-26V,C2,26,N-W,TSHE,35,1,,,,,,,,,,,,,,,,,,,
C2-26V,C2,26,S-E,THPL,126,3,,,,,,,,,,,,,,,,,,,
C2-26V,C2,26,S-E,TREE,32,4,,,,,,,,,,,,,,,,,,,
C2-26V,C2,26,S-W,TSHE,34,3,,,,,,,,,,,,,,,,,,,
C2-20VB,C3,21,S-W,TREE,25,5,,,,,,,,,,,,,,,,,,,
C2-20VB,C4,22,S-W,THPL,47,4,,,,,,,,,,,,,,,,,,,
N1-2V,N1,2,N-E,TSHE,34,2,,,,,,,,,,,,,,,,,,,
N1-2V,N1,2,N-E,TREE,45,3,,,,,,,,,,,,,,,,,,,
N1-2V,N1,2,N-W,,,,NONE,,,,,,,,,,,,,,,,,,
N1-2V,N1,2,S-E,TREE,53,4,,,,,,,,,,,,,,,,,,,
N1-2V,N1,2,S-W,TREE,49,5,,,,,,,,,,,,,,,,,,,
N1-3V,N1,3,N-E,,,,NONE,,,,,,,,,,,,,,,,,,
N1-3V,N1,3,N-W,TREE,32,5,,,,,,,,,,,,,,,,,,,
N1-3V,N1,3,S-E,TREE,35,4,,,,,,,,,,,,,,,,,,,
N1-3V,N1,3,S-W,THPL,31,3,,,,,,,,,,,,,,,,,,,
N1-3V,N1,3,S-W,THPL,44,3,,,,,,,,,,,,,,,,,,,
N1-3V,N1,3,S-W,TSHE,38,3,,,,,,,,,,,,,,,,,,,
N1-3V,N1,3,S-W,TSHE,31,3,,,,,,,,,,,,,,,,,,,
N1-7VB,N1,7,N-W,THPL,41,3,,,,,,,,,,,,,,,,,,,
N1-7VB,N1,7,N-W,TSHE,28,2,,,,,,,,,,,,,,,,,,,
N1-7VB,N1,7,S-E,TREE,31,4,,,,,,,,,,,,,,,,,,,
N1-7VB,N1,7,S-E,TREE,86,3,,,,,,,,,,,,,,,,,,,
N1-7VB,N1,7,S-E,TREE,32,4,,,,,,,,,,,,,,,,,,,
N1-7VB,N1,7,S-E,TREE,31,3,,,,,,,,,,,,,,,,,,,
N1-7VB,N1,7,S-W,TSHE,38,2,,,,,,,,,,,,,,,,,,,
N1-7VB,N1,7,S-W,TREE,47,5,,,,,,,,,,,,,,,,,,,
N1-8VB,N1,8,N-E,TREE,24,3,,,,,,,,,,,,,,,,,,,
N1-8VB,N1,8,N-W,TREE,23,2,,,,,,,,,,,,,,,,,,,
N1-8VB,N1,8,N-W,TREE,27,2,,,,,,,,,,,,,,,,,,,
N1-8VB,N1,8,S-E,TREE,31,4,,,,,,,,,,,,,,,,,,,
N1-8VB,N1,8,S-W,TREE,53,5,,,,,,,,,,,,,,,,,,,
N1-10VB,N1,10,N-E,,,,NONE,,,,,,,,,,,,,,,,,,
N1-10VB,N1,10,N-W,TREE,39,5,,,,,,,,,,,,,,,,,,,
N1-10VB,N1,10,S-E,THPL,29,4,,,,,,,,,,,,,,,,,,,
N1-10VB,N1,10,S-E,TREE,63,3,,,,,,,,,,,,,,,,,,,
N1-10VB,N1,10,S-E,TREE,30,4,,,,,,,,,,,,,,,,,,,
N1-10VB,N1,10,S-W,TREE,51,3,,,,,,,,,,,,,,,,,,,
N1-10VB,N1,10,S-W,TREE,42,3,,,,,,,,,,,,,,,,,,,
N1-12VB,N1,12,N-E,TREE,97,4,,,,,,,,,,,,,,,,,,,
N1-12VB,N1,12,N-E,TREE,33,4,,,,,,,,,,,,,,,,,,,
N1-12VB,N1,12,N-W,TREE,98,4,,,,,,,,,,,,,,,,,,,
N1-12VB,N1,12,N-W,TREE,61,4,,,,,,,,,,,,,,,,,,,
N1-12VB,N1,12,N-W,TSHE,30,1,,,,,,,,,,,,,,,,,,,
N1-12VB,N1,12,S-E,TREE,36,5,,,,,,,,,,,,,,,,,,,
N1-12VB,N1,12,S-W,TREE,39,4,,,,,,,,,,,,,,,,,,,
N1-12VB,N1,12,S-W,TREE,29,5,,,,,,,,,,,,,,,,,,,
N1-13V,N1,13,N-E,TREE,48,4,,,,,,,,,,,,,,,,,,,
N1-13V,N1,13,N-W,TREE,27,3,,,,,,,,,,,,,,,,,,,
N1-13V,N1,13,N-W,TREE,45,4,,,,,,,,,,,,,,,,,,,
N1-13V,N1,13,N-W,TREE,41,5,,,,,,,,,,,,,,,,,,,
N1-13V,N1,13,S-E,,,,NONE,,,,,,,,,,,,,,,,,,
N1-13V,N1,13,S-W,TSHE,52,1,,,,,,,,,,,,,,,,,,,
N1-14VB,N1,14,N-E,TREEC,28,4,,,,,,,,,,,,,,,,,,,
N1-14VB,N1,14,N-W,TREEC,38,5,,,,,,,,,,,,,,,,,,,
N1-14VB,N1,14,N-W,TREEC,39,4,,,,,,,,,,,,,,,,,,,
N1-14VB,N1,14,N-W,TREEC,67,3,,,,,,,,,,,,,,,,,,,
N1-14VB,N1,14,S-E,TREEC,62,5,,,,,,,,,,,,,,,,,,,
N1-14VB,N1,14,S-W,TREEC,35,5,,,,,,,,,,,,,,,,,,,
N1-16V,N1,16,N-E,TREE,30,5,,,,,,,,,,,,,,,,,,,
N1-16V,N1,16,N-E,TREE,36,4,,,,,,,,,,,,,,,,,,,
N1-16V,N1,16,N-E,TREE,38,4,,,,,,,,,,,,,,,,,,,
N1-16V,N1,16,N-E,TREE,55,2,,,,,,,,,,,,,,,,,,,
N1-16V,N1,16,N-E,TREE,49,4,,,,,,,,,,,,,,,,,,,
N1-16V,N1,16,N-E,TREE,35,4,,,,,,,,,,,,,,,,,,,
N1-16V,N1,16,N-W,TREE,67,4,,,,,,,,,,,,,,,,,,,
N1-16V,N1,16,N-W,TREE,36,4,,,,,,,,,,,,,,,,,,,
N1-16V,N1,16,S-E,TREE,38,3,,,,,,,,,,,,,,,,,,,
N1-16V,N1,16,S-E,TREE,31,3,,,,,,,,,,,,,,,,,,,
N1-16V,N1,16,S-E,TREE,35,4,,,,,,,,,,,,,,,,,,,
N1-16V,N1,16,S-E,TREE,26,3,,,,,,,,,,,,,,,,,,,
N1-16V,N1,16,S-W,TSHE,34,1,,,,,,,,,,,,,,,,,,,
N1-16V,N1,16,S-W,TSHE,39,1,,,,,,,,,,,,,,,,,,,
N1-16V,N1,16,S-W,TREE,52,4,,,,,,,,,,,,,,,,,,,
N1-16V,N1,16,S-W,TREE,45,4,,,,,,,,,,,,,,,,,,,
N1-16V,N1,16,S-W,TREE,43,3,,,,,,,,,,,,,,,,,,,
N1-17VB,N1,17,N-E,TREEC,68,3,AT SUBPLOT CENTER,,,,,,,,,,,,,,,,,,
N1-17VB,N1,17,N-W,TREEC,65,3,AT SUBPLOT CENTER,,,,,,,,,,,,,,,,,,
N1-17VB,N1,17,N-W,TREEC,17,3,,,,,,,,,,,,,,,,,,,
N1-17VB,N1,17,N-W,TREEC,16,4,,,,,,,,,,,,,,,,,,,
N1-17VB,N1,17,S-E,TREEC,16,4,,,,,,,,,,,,,,,,,,,
N1-17VB,N1,17,S-E,TREEC,20,3,,,,,,,,,,,,,,,,,,,
N1-17VB,N1,17,S-W,TREEC,43,3,,,,,,,,,,,,,,,,,,,
N1-17VB,N1,17,S-W,TREEC,21,4,,,,,,,,,,,,,,,,,,,
N1-17VB,N1,17,S-W,TREEC,28,3,,,,,,,,,,,,,,,,,,,
N1-17VB,N1,17,S-W,TREEC,31,4,,,,,,,,,,,,,,,,,,,
N1-17VB,N1,17,S-W,TREEC,19,3,,,,,,,,,,,,,,,,,,,
N1-18VB,N1,18,N-E,TSHE,46,2,,,,,,,,,,,,,,,,,,,
N1-18VB,N1,18,N-E,TSHE,38,3,,,,,,,,,,,,,,,,,,,
N1-18VB,N1,18,N-E,TREE,50,5,,,,,,,,,,,,,,,,,,,
N1-18VB,N1,18,N-W,TREE,35,5,,,,,,,,,,,,,,,,,,,
N1-18VB,N1,18,N-W,TREE,35,4,,,,,,,,,,,,,,,,,,,
N1-18VB,N1,18,S-E,,,,NONE,,,,,,,,,,,,,,,,,,
N1-18VB,N1,18,S-W,TREE,76,4,,,,,,,,,,,,,,,,,,,
N1-18VB,N1,18,S-W,TREE,46,4,,,,,,,,,,,,,,,,,,,
N1-18VB,N1,18,S-W,TREE,69,4,,,,,,,,,,,,,,,,,,,
N1-19V,N1,19,N-E,TREE,31,5,,,,,,,,,,,,,,,,,,,
N1-19V,N1,19,N-E,TREE,34,4,,,,,,,,,,,,,,,,,,,
N1-19V,N1,19,N-W,TSHE,27,2,,,,,,,,,,,,,,,,,,,
N1-19V,N1,19,N-W,TREE,44,4,,,,,,,,,,,,,,,,,,,
N1-19V,N1,19,S-E,,,,NONE,,,,,,,,,,,,,,,,,,
N1-19V,N1,19,S-W,TSHE,32,3,,,,,,,,,,,,,,,,,,,
N1-19V,N1,19,S-W,TSHE,30,2,,,,,,,,,,,,,,,,,,,
N1-19V,N1,19,S-W,TSHE,39,2,,,,,,,,,,,,,,,,,,,
N1-19V,N1,19,S-W,TSHE,43,2,,,,,,,,,,,,,,,,,,,
N1-19V,N1,19,S-W,TSHE,25,4,,,,,,,,,,,,,,,,,,,
N1-19V,N1,19,S-W,TSHE,35,4,,,,,,,,,,,,,,,,,,,
N1-20V,N1,20,N-E,TSHE,31,2,,,,,,,,,,,,,,,,,,,
N1-20V,N1,20,N-E,TREE,34,3,,,,,,,,,,,,,,,,,,,
N1-20V,N1,20,N-E,TREE,31,3,,,,,,,,,,,,,,,,,,,
N1-20V,N1,20,N-E,TREE,30,3,,,,,,,,,,,,,,,,,,,
N1-20V,N1,20,N-E,TREE,32,3,,,,,,,,,,,,,,,,,,,
N1-20V,N1,20,N-W,TSHE,46,3,,,,,,,,,,,,,,,,,,,
N1-20V,N1,20,N-W,TSHE,56,5,,,,,,,,,,,,,,,,,,,
N1-20V,N1,20,S-E,,,,NONE,,,,,,,,,,,,,,,,,,
N1-20V,N1,20,S-W,,,,NONE,,,,,,,,,,,,,,,,,,
N1-21VB,N1,21,N-E,TREE,35,3,,,,,,,,,,,,,,,,,,,
N1-21VB,N1,21,N-E,TREE,48,5,,,,,,,,,,,,,,,,,,,
N1-21VB,N1,21,N-W,,,,NONE,,,,,,,,,,,,,,,,,,
N1-21VB,N1,21,S-E,,,,NONE,,,,,,,,,,,,,,,,,,
N1-21VB,N1,21,S-W,TREE,27,3,,,,,,,,,,,,,,,,,,,
N1-21VB,N1,21,S-W,TREE,29,4,,,,,,,,,,,,,,,,,,,
N1-22V,N1,22,N-E,TREE,37,4,,,,,,,,,,,,,,,,,,,
N1-22V,N1,22,N-E,TREE,36,3,,,,,,,,,,,,,,,,,,,
N1-22V,N1,22,N-E,TREE,38,3,,,,,,,,,,,,,,,,,,,
N1-22V,N1,22,N-E,TREE,35,3,,,,,,,,,,,,,,,,,,,
N1-22V,N1,22,N-W,TREE,38,2,,,,,,,,,,,,,,,,,,,
N1-22V,N1,22,N-W,TREE,32,4,,,,,,,,,,,,,,,,,,,
N1-22V,N1,22,S-E,TREE,32,4,,,,,,,,,,,,,,,,,,,
N1-22V,N1,22,S-W,,,,NONE,,,,,,,,,,,,,,,,,,
N1-24VB,N1,24,N-E,TREE,34,5,,,,,,,,,,,,,,,,,,,
N1-24VB,N1,24,N-E,TREE,29,4,,,,,,,,,,,,,,,,,,,
N1-24VB,N1,24,N-E,TREE,47,3,,,,,,,,,,,,,,,,,,,
N1-24VB,N1,24,N-W,,,,NONE,,,,,,,,,,,,,,,,,,
N1-24VB,N1,24,S-E,TREE,37,4,,,,,,,,,,,,,,,,,,,
N1-24VB,N1,24,S-E,TREE,31,4,,,,,,,,,,,,,,,,,,,
N1-24VB,N1,24,S-W,THPL,84,3,,,,,,,,,,,,,,,,,,,
N1-24VB,N1,24,S-W,TREE,35,5,,,,,,,,,,,,,,,,,,,
N1-24VB,N1,24,S-W,TREE,37,3,,,,,,,,,,,,,,,,,,,
N1-24VB,N1,24,S-W,TREE,27,3,,,,,,,,,,,,,,,,,,,
N1-24VB,N1,24,S-W,TREE,44,4,,,,,,,,,,,,,,,,,,,
N1-25VB,N1,25,N-E,TREE,41,5,,,,,,,,,,,,,,,,,,,
N1-25VB,N1,25,N-W,TREE,79,3,,,,,,,,,,,,,,,,,,,
N1-25VB,N1,25,N-W,TREE,52,3,,,,,,,,,,,,,,,,,,,
N1-25VB,N1,25,S-E,TREE,86,4,,,,,,,,,,,,,,,,,,,
N1-25VB,N1,25,S-W,TSHE,36,1,,,,,,,,,,,,,,,,,,,
N1-26V,N1,26,N-E,TREE,10,5,,,,,,,,,,,,,,,,,,,
N1-26V,N1,26,N-E,TREE,10,5,,,,,,,,,,,,,,,,,,,
N1-26V,N1,26,N-W,TREE,35,4,CHECKED AND ADDED 8/4,,,,,,,,,,,,,,,,,,
N1-26V,N1,26,S-E,TREE,19,5,,,,,,,,,,,,,,,,,,,
N1-26V,N1,26,S-W,ALRU3,13,2,,,,,,,,,,,,,,,,,,,
N1-26V,N1,26,S-W,THPL,20,3,,,,,,,,,,,,,,,,,,,
N1-26V,N1,26,S-W,TREE,15,5,,,,,,,,,,,,,,,,,,,
N1-27V,N1,27,N-E,ALRU2,31,1,,,,,,,,,,,,,,,,,,,
N1-27V,N1,27,N-W,,,,NONE,,,,,,,,,,,,,,,,,,
N1-27V,N1,27,S-E,,,,NONE,,,,,,,,,,,,,,,,,,
N1-27V,N1,27,S-W,TSHE,47,3,,,,,,,,,,,,,,,,,,,
N2-1VB,N2,1,N-E,TREE,59,3,,,,,,,,,,,,,,,,,,,
N2-1VB,N2,1,N-E,TREE,69,4,,,,,,,,,,,,,,,,,,,
N2-1VB,N2,1,N-E,TREE,47,3,,,,,,,,,,,,,,,,,,,
N2-1VB,N2,1,N-E,TREE,50,4,,,,,,,,,,,,,,,,,,,
N2-1VB,N2,1,N-E,TREE,53,3,,,,,,,,,,,,,,,,,,,
N2-1VB,N2,1,N-W,THPL,66,3,,,,,,,,,,,,,,,,,,,
N2-1VB,N2,1,N-W,TREE,47,2,,,,,,,,,,,,,,,,,,,
N2-1VB,N2,1,N-W,TREE,52,5,,,,,,,,,,,,,,,,,,,
N2-1VB,N2,1,N-W,TREE,43,3,,,,,,,,,,,,,,,,,,,
N2-1VB,N2,1,S-E,PSME,62,3,,,,,,,,,,,,,,,,,,,
N2-1VB,N2,1,S-E,THPL,75,3,,,,,,,,,,,,,,,,,,,
N2-1VB,N2,1,S-E,TSHE,21,3,,,,,,,,,,,,,,,,,,,
N2-1VB,N2,1,S-E,TREE,37,3,,,,,,,,,,,,,,,,,,,
N2-1VB,N2,1,S-W,THPL,78,3,,,,,,,,,,,,,,,,,,,
N2-1VB,N2,1,S-W,THPL,50,3,,,,,,,,,,,,,,,,,,,
N2-1VB,N2,1,S-W,THPL,28,3,,,,,,,,,,,,,,,,,,,
N2-1VB,N2,1,S-W,THPL,65,3,,,,,,,,,,,,,,,,,,,
N2-1VB,N2,1,S-W,THPL,33,3,,,,,,,,,,,,,,,,,,,
N2-2VB,N2,2,N-E,TREE,66,3,,,,,,,,,,,,,,,,,,,
N2-2VB,N2,2,N-W,,,,NONE,,,,,,,,,,,,,,,,,,
N2-2VB,N2,2,S-E,TREE,48,3,,,,,,,,,,,,,,,,,,,
N2-2VB,N2,2,S-W,,,,NONE,,,,,,,,,,,,,,,,,,
N2-3V,N2,3,N-E,,,,NONE,,,,,,,,,,,,,,,,,,
N2-3V,N2,3,N-W,TREE,34,5,,,,,,,,,,,,,,,,,,,
N2-3V,N2,3,S-E,,,,NONE,,,,,,,,,,,,,,,,,,
N2-3V,N2,3,S-W,TREE,40,3,,,,,,,,,,,,,,,,,,,
N2-3V,N2,3,S-W,TREE,26,4,,,,,,,,,,,,,,,,,,,
N2-5V,N2,5,N-E,THPL,129,4,,,,,,,,,,,,,,,,,,,
N2-5V,N2,5,N-W,TREE,25,1,,,,,,,,,,,,,,,,,,,
N2-5V,N2,5,N-W,TREE,41,3,,,,,,,,,,,,,,,,,,,
N2-5V,N2,5,S-E,THPL,54,3,,,,,,,,,,,,,,,,,,,
N2-5V,N2,5,S-W,THPL,76,3,,,,,,,,,,,,,,,,,,,
N2-7VB,N2,7,N-E,TREE,30,4,,,,,,,,,,,,,,,,,,,
N2-7VB,N2,7,N-E,TREE,42,5,,,,,,,,,,,,,,,,,,,
N2-7VB,N2,7,N-W,TREE,36,3,,,,,,,,,,,,,,,,,,,
N2-7VB,N2,7,S-E,TREE,34,4,,,,,,,,,,,,,,,,,,,
N2-7VB,N2,7,S-E,TREE,86,5,,,,,,,,,,,,,,,,,,,
N2-7VB,N2,7,S-W,TREE,25,4,,,,,,,,,,,,,,,,,,,
N2-10VB,N2,10,N-E,TREE,35,4,,,,,,,,,,,,,,,,,,,
N2-10VB,N2,10,N-E,TREE,27,4,,,,,,,,,,,,,,,,,,,
N2-10VB,N2,10,N-W,,,,NONE,,,,,,,,,,,,,,,,,,
N2-10VB,N2,10,S-E,,,,NONE,,,,,,,,,,,,,,,,,,
N2-10VB,N2,10,S-W,,,,NONE,,,,,,,,,,,,,,,,,,
N2-12V,N2,12,N-E,TREE,33,4,,,,,,,,,,,,,,,,,,,
N2-12V,N2,12,N-E,TREE,31,2,,,,,,,,,,,,,,,,,,,
N2-12V,N2,12,N-E,TREE,39,2,,,,,,,,,,,,,,,,,,,
N2-12V,N2,12,N-W,TSHE,41,1,,,,,,,,,,,,,,,,,,,
N2-12V,N2,12,N-W,TREE,65,4,,,,,,,,,,,,,,,,,,,
N2-12V,N2,12,S-E,TREE,42,3,,,,,,,,,,,,,,,,,,,
N2-12V,N2,12,S-E,TREE,61,2,,,,,,,,,,,,,,,,,,,
N2-12V,N2,12,S-E,TREE,41,1,,,,,,,,,,,,,,,,,,,
N2-12V,N2,12,S-E,TREE,29,2,,,,,,,,,,,,,,,,,,,
N2-12V,N2,12,S-E,TREE,41,5,,,,,,,,,,,,,,,,,,,
N2-12V,N2,12,S-W,TSHE,29,3,,,,,,,,,,,,,,,,,,,
N2-12V,N2,12,S-W,TREE,25,3,,,,,,,,,,,,,,,,,,,
N2-12V,N2,12,S-W,TREE,27,3,,,,,,,,,,,,,,,,,,,
N2-12V,N2,12,S-W,TREE,45,5,,,,,,,,,,,,,,,,,,,
N2-13VB,N2,13,N-E,TSHE,34,1,,,,,,,,,,,,,,,,,,,
N2-13VB,N2,13,N-E,TSHE,32,1,,,,,,,,,,,,,,,,,,,
N2-13VB,N2,13,N-E,TSHE,45,3,,,,,,,,,,,,,,,,,,,
N2-13VB,N2,13,N-E,TSHE,38,1,,,,,,,,,,,,,,,,,,,
N2-13VB,N2,13,N-E,TSHE,52,2,,,,,,,,,,,,,,,,,,,
N2-13VB,N2,13,N-W,TSHE,31,3,,,,,,,,,,,,,,,,,,,
N2-13VB,N2,13,N-W,TSHE,33,1,,,,,,,,,,,,,,,,,,,
N2-13VB,N2,13,N-W,TREE,27,1,,,,,,,,,,,,,,,,,,,
N2-13VB,N2,13,S-E,TSHE,25,2,,,,,,,,,,,,,,,,,,,
N2-13VB,N2,13,S-E,TSHE,31,1,,,,,,,,,,,,,,,,,,,
N2-13VB,N2,13,S-E,TSHE,31,2,,,,,,,,,,,,,,,,,,,
N2-13VB,N2,13,S-E,TREE,28,2,,,,,,,,,,,,,,,,,,,
N2-13VB,N2,13,S-W,TSHE,25,1,,,,,,,,,,,,,,,,,,,
N2-13VB,N2,13,S-W,TSHE,34,1,,,,,,,,,,,,,,,,,,,
N2-13VB,N2,13,S-W,TSHE,30,1,,,,,,,,,,,,,,,,,,,
N2-13VB,N2,13,S-W,TSHE,33,1,,,,,,,,,,,,,,,,,,,
N2-14V,N2,14,N-E,,,,NONE,,,,,,,,,,,,,,,,,,
N2-14V,N2,14,N-W,TREE,39,3,,,,,,,,,,,,,,,,,,,
N2-14V,N2,14,S-E,TREE,52,4,,,,,,,,,,,,,,,,,,,
N2-14V,N2,14,S-E,TREE,47,3,,,,,,,,,,,,,,,,,,,
N2-14V,N2,14,S-W,TREE,54,3,,,,,,,,,,,,,,,,,,,
N2-15VB,N2,15,N-E,TSHE,26,1,,,,,,,,,,,,,,,,,,,
N2-15VB,N2,15,N-E,TSHE,25,1,,,,,,,,,,,,,,,,,,,
N2-15VB,N2,15,N-E,TREE,55,4,,,,,,,,,,,,,,,,,,,
N2-15VB,N2,15,N-E,TREE,103,3,,,,,,,,,,,,,,,,,,,
N2-15VB,N2,15,N-W,,,,NONE,,,,,,,,,,,,,,,,,,
N2-15VB,N2,15,S-E,TREE,49,3,,,,,,,,,,,,,,,,,,,
N2-15VB,N2,15,S-W,TREE,82,3,,,,,,,,,,,,,,,,,,,
N2-18VB,N2,18,N-E,TREE,29,5,,,,,,,,,,,,,,,,,,,
N2-18VB,N2,18,N-E,TREE,46,5,,,,,,,,,,,,,,,,,,,
N2-18VB,N2,18,N-E,TREE,25,4,,,,,,,,,,,,,,,,,,,
N2-18VB,N2,18,N-W,TREE,33,3,,,,,,,,,,,,,,,,,,,
N2-18VB,N2,18,N-W,TREE,34,3,,,,,,,,,,,,,,,,,,,
N2-18VB,N2,18,S-E,TREE,48,4,,,,,,,,,,,,,,,,,,,
N2-18VB,N2,18,S-E,TREE,42,3,,,,,,,,,,,,,,,,,,,
N2-18VB,N2,18,S-W,TREE,28,5,,,,,,,,,,,,,,,,,,,
N2-18VB,N2,18,S-W,TREE,30,4,,,,,,,,,,,,,,,,,,,
N2-19V,N2,19,N-E,TREE,47,3,,,,,,,,,,,,,,,,,,,
N2-19V,N2,19,N-E,TREE,47,4,,,,,,,,,,,,,,,,,,,
N2-19V,N2,19,N-W ,,,,NONE,,,,,,,,,,,,,,,,,,
N2-19V,N2,19,S-E,TSHE,33,2,,,,,,,,,,,,,,,,,,,
N2-19V,N2,19,S-E,TREE,66,3,,,,,,,,,,,,,,,,,,,
N2-19V,N2,19,S-E,TREE,36,2,,,,,,,,,,,,,,,,,,,
N2-19V,N2,19,S-W,TREE,25,3,,,,,,,,,,,,,,,,,,,
N2-19V,N2,19,S-W,TREE,34,4,,,,,,,,,,,,,,,,,,,
N2-20V,N2,20,N-E,TREE,41,4,,,,,,,,,,,,,,,,,,,
N2-20V,N2,20,N-W,TREE,46,3,,,,,,,,,,,,,,,,,,,
N2-20V,N2,20,S-E,TREE,31,2,,,,,,,,,,,,,,,,,,,
N2-20V,N2,20,S-E,TREE,44,4,,,,,,,,,,,,,,,,,,,
N2-20V,N2,20,S-W,TREE,45,5,,,,,,,,,,,,,,,,,,,
N2-20V,N2,20,S-W,TREE,63,5,,,,,,,,,,,,,,,,,,,
N2-21V,N2,21,N-E,,,,NONE,,,,,,,,,,,,,,,,,,
N2-21V,N2,21,N-W,,,,NONE,,,,,,,,,,,,,,,,,,
N2-21V,N2,21,S-E,TREE,44,5,,,,,,,,,,,,,,,,,,,
N2-21V,N2,21,S-E,TREE,48,5,,,,,,,,,,,,,,,,,,,
N2-21V,N2,21,S-W,,,,NONE,,,,,,,,,,,,,,,,,,
N2-26VB,N2,26,N-E,TREEC,49,2,,,,,,,,,,,,,,,,,,,
N2-26VB,N2,26,N-E,TREEC,46,3,,,,,,,,,,,,,,,,,,,
N2-26VB,N2,26,N-E,TREEC,40,3,,,,,,,,,,,,,,,,,,,
N2-26VB,N2,26,N-E,TSHE,45,1,,,,,,,,,,,,,,,,,,,
N2-26VB,N2,26,N-W,TSHE,32,4,,,,,,,,,,,,,,,,,,,
N2-26VB,N2,26,S-E,TREEC,47,5,,,,,,,,,,,,,,,,,,,
N2-26VB,N2,26,S-W,,,,NONE,,,,,,,,,,,,,,,,,,
