SITE_ID,BASIN,BLOCK,TRT,PLOT,SURVTYP,YR_SRVYD,STAND_ID,AGE,AGE_BH_2006,LAST CRUISE,STAND TYPE,MONTH,DAY,YEAR,EXAM_1,EXAM_2,PHYS,SEEP_STRM,SLOPE,ASPECT,ELEV,UTM_E,UTM_N,SATELLITES,REMARKS,AGE_REMARKS
C1-1VB,C1,C,THIN,1,V,2006,62000,46-65,50,IRM,WH/SS/RC-3,MARCH,13,2006,L. Davis,S. Copeland,5,0,92,41,173,429975,5139844,4,N1-1V changed to C1-1V in SITE_ID (SC 11.17.2006). ,
C1-2V,C1,C,THIN,2,V,2006,62000,46-65,50,IRM,WH/SS/RC-3,FEBRUARY,16,2006,L. Davis,S. Copeland,3,0,65,354,177,430224,5139551,4,,
C1-3V,C1,C,THIN,3,V,2006,21081,5-25,23,TCG,WH/SS/RC-2,JULY,18,2006,N. Gehres,L. Taylor,4,0,65,69,245,429513,5138564,4,Mistletoe survey done without binoculars because of rain (SC 11.29.2006) (added comment LRD 11.13.2007),
C1-4V,C1,C,THIN,4,V,2007,50012,5-25,10,TCG,WH/SS/RC-1,MAY,31,2007,L. Davis,N. Hill,5,1,110,348,110,429975,5138646,5,Plot located near large lonely Cedar,
C1-5V,C1,C,THIN,5,V,2007,62000,46-65,50,IRM,WH/SS/RC-3,JULY,31,2007,R. Southworth,N. Hill,3,0,40,136,239,429608,5139969,4,,
C1-6V,C1,C,THIN,6,V,2006,62000,46-65,50,IRM,WH/SS/RC-3,FEBRUARY,15,2006,L. Davis,S. Copeland,5,10,70,154,150,430267,5139334,6,Seasonal stream in SE section of plot. Survey conducted in fog and rain. Binoculars only occasionally used (SC 11.29.2006).,
C1-7VB,C1,C,THIN,7,V,2006,62000,46-65,50,IRM,WH/SS/RC-3,APRIL,3,2006,L. Davis,S. Copeland,3,0,40,208,291,429724,5139115,4,Poor GPS accuracy.,
C1-8V,C1,C,THIN,8,V,2006,62000,46-65,50,IRM,WH/SS/RC-3,FEBRUARY,15,2006,L. Davis,S. Copeland,2,0,45,42,167,430334,5139120,6,,
C1-9V,C1,C,THIN,9,V,2006,62000,46-65,50,IRM,WH/SS/RC-3,FEBRUARY,16,2006,L. Davis,S. Copeland,5,20,52,85,211,429910,5139406,4,At start of seasonal stream (NE/E section of plot). N subplot flagged - in stream.,
C1-10V,C1,C,THIN,10,V,2006,50010,46-65,56,IRM,WH/SS/RC-3,FEBRUARY,15,2006,L. Davis,S. Copeland,2,0,54,228,98,430737,5139302,5,Deleted comment that was added by SC 11.17.2006 - this plot was not surveyed in 2006 (LRD 11.13.2007),
C1-11VB,C1,C,THIN,11,V,2006,62000,46-65,50,IRM,WH/SS/RC-3,FEBRUARY,15,2006,L. Davis,S. Copeland,2,0,21,54,204,430064,5139149,6,"Subplots were mislabeled as C1-8, changed to C1-11 (SC 11.30.2006).",
C1-12V,C1,C,THIN,12,V,2006,62000,46-65,50,IRM,WH/SS/RC-3,FEBRUARY,15,2006,L. Davis,S. Copeland,5,35,55,170,131,430418,5139210,5,Perennial stream 2m S of plot center. Reset subplots (SC 11.30.2006).,
C1-13V,C1,C,THIN,13,V,2006,62000,46-65,50,IRM,WH/SS/RC-3,FEBRUARY,16,2006,L. Davis,S. Copeland,3,0,68,20,191,430046,5139550,3,Poor GPS accuracy. Location estimated from map. 2D GPS fix.,
C1-14VB,C1,C,THIN,14,V,2006,62000,46-65,50,IRM,WH/SS/RC-3,FEBRUARY,22,2006,L. Davis,S. Copeland,4,0,58,56,136,430360,5139837,6,Trees still need paint (SC 11.30.2006).,
C1-15V,C1,C,THIN,15,V,2006,21081,5-25,23,TCG,WH/SS/RC-2,APRIL,3,2006,L. Davis,S. Copeland,5,10,80,29,153,429781,5138587,6,Lots of small diam. slash in plot.  S and W plot markers in slash.  N plot marker under overhanging log.  E marker loose. ,
C1-16V,C1,C,THIN,16,V,2006,62000,46-65,50,IRM,WH/SS/RC-3,FEBRUARY,15,2006,L. Davis,S. Copeland,3,0,55,160,58,430640,5139222,4,Deleted comment that was added by SC 11.17.2006 - this plot was not surveyed in 2006 (LRD 11.13.2007),
C1-17V,C1,C,THIN,17,V,2006,62000,46-65,50,IRM,WH/SS/RC-3,FEBRUARY,16,2006,L. Davis,S. Copeland,2,0,60,104,138,430416,5139590,4,Difficult to see stumps in NW quarter. Didn't see any under slash. Mistletoe survey done without binoculars because of rain (SC 11.29.2006). Tags were hammered all the way against trees (SC 11.30.2006).,
C1-18V,C1,C,THIN,18,V,2007,50012,5-25,10,TCG,WH/SS/RC-1,MAY,30,2007,L. Taylor,R. Southworth,2,0,65,311,214,430110,5138573,6,Plot 25 M from road. S subplot center post loosely in log crack.,
C1-19V,C1,C,THIN,19,V,2006,62000,46-65,50,IRM,WH/SS/RC-3,FEBRUARY,16,2006,L. Davis,S. Copeland,3,0,60,236,253,429790,5139549,3,Poor GPS accuracy. Location estimated from map.,
C1-20VB,C1,C,THIN,20,V,2006,50012,5-25,10,TCG,WH/SS/RC-1,APRIL,3,2006,L. Davis,S. Copeland,2,0,64,102,120,430078,5138883,9,"Plot center tags nailed to stumps. Holly, one plant, knee high near W subplot marker.",
C1-21V,C1,C,THIN,21,V,2006,50010,46-65,56,IRM,WH/SS/RC-3,FEBRUARY,16,2006,L. Davis,S. Copeland,4,0,68,186,100,430691,5139569,3,Poor GPS accuracy. Estimated plot location from map. Perennial stream ~125m downslope. Tags nailed against trees (SC 11.30.2006).,
C1-22V,C1,C,THIN,22,V,2007,62000,46-65,50,IRM,WH/SS/RC-3,JULY,18,2007,J. St. Peter,R. Southworth,4,3,75,82,99,430282,5138962,2,"2D fix. GPS very untrustworthy, so once in the general area, plot location determined using center pole tossing method",
C1-23V,C1,C,THIN,23,V,2007,62000,46-65,50,IRM,WH/SS/RC-3,JULY,31,2007,J. St. Peter,L. Taylor,3,0,28,66,283,429583,5139614,6,Skid road through center of plot,
C1-24VB,C1,C,THIN,24,V,2006,62000,46-65,50,IRM,WH/SS/RC-3,FEBRUARY,22,2006,L. Davis,S. Copeland,4,0,52,66,173,430252,5139893,5,,
C1-25VB,C1,C,THIN,25,V,2006,21081,5-25,23,TCG,WH/SS/RC-2,APRIL,3,2006,L. Davis,S. Copeland,2,0,83,358,192,429624,5138620,4,"Plot offset 10 m at 92 degrees from center due to large amount of slash, impossible to walk through.",
C1-26V,C1,C,THIN,26,V,2007,50012,5-25,10,TCG,WH/SS/RC-1,AUGUST,2,2007,N. Hill,L. Taylor,4,0,76,270,121,430798,5138886,5,Plot just uphill of two remnant hemlock trees,
C1-27V,C1,C,THIN,27,V,2006,62000,46-65,50,IRM,WH/SS/RC-3,AUGUST,14,2006,N. Gehres,S. Copeland,4,0,71,183,200,429843,5139989,3,2D fix. Near stream and powerline. Wasp nest near N subplot. Cover measured with less than average precision (SC 11.30.2006),"Plot near powerline, so age may be off"
C1-28VB,C1,C,THIN,28,V,2006,21082,5-25,,TCG,WH/SS/RC-2,APRIL,3,2006,L. Davis,S. Copeland,1,0,19,172,258,429713,5138918,7,"Thick salal around plot center, may be difficult to see","Inventory age seems off (44) for stand 21081, more likely age is ~ 23 (same as stand 21082)"
C2-1VB,C2,C,CON,1,V,2006,50028,5-25,23,IRM,DF-1,MARCH,2,2006,L. Davis,S. Copeland,3,0,50,98,111,430398,5137878,4,,Stand type and invent. age do not match; inventory age seems off; prob younger than 23 (~10-15)
C2-2V,C2,C,CON,2,V,2006,50035,5-25,16,IRM,WH/SS/RC-2,APRIL,4,2006,L. Davis,S. Copeland,4,3,85,4,225,429454,5137500,5,Perennial stream ~10-20m N of plot center (downslope).,
C2-3V,C2,C,CON,3,V,2007,17503,5-25,21,IRM,DF-2,MAY,30,2007,R. Southworth,J. St. Peter,5,0,84,180,276,429354,5138059,2,2D fix. Stream ~20 M S of plot.,
C2-4V,C2,C,CON,4,V,2006,50028,5-25,23,IRM,DF-1,AUGUST,1,2006,N. Gehres,S. Copeland,4,0,36,13,163,430381,5137415,5,"Might be difficult to find. Very dense stand (SC 11.29.2006). Azimuths to trees approximate (SC 11.29.2006). Collected on ED datalogger. MONTH, DAY, YEAR, EXAM1 and EXAM2 added from UNDERSTORY sheet (SC 11.14.2006).",stand type and invent. age do not match; inventory age seems off; prob younger than 23 (~10-15)
C2-5VB,C2,C,CON,5,V,2006,17503,5-25,21,IRM,DF-2,MARCH,2,2006,L. Davis,S. Copeland,2,0,15,86,237,429907,5138292,5,Old road or skid trail near center of plot. Difficult to see tops of trees (SC 11.28.2006).,
C2-6VB,C2,C,CON,6,V,2006,15690,5-25,23,IRM,WH/SS/RC-2,MARCH,31,2006,L. Davis,S. Copeland,3,0,41,102,239,429956,5137358,7,Plot E side of ridge road. Some road in E section of plot. Trash in plot. N subplot center is the top of the subplot marker (leaning).,
C2-7V,C2,C,CON,7,V,2006,17503,5-25,21,IRM,DF-2,JULY,19,2006,L. Taylor,S. Copeland,6,10,50,171,79,429733,5137743,4,"Plot (esp. E subplot) very near stream plot C2-2S marker pole. N subplot pole loose. N subplot is 100% slope, W is 30%, and other 2 are 0%. Measured two extra hardwood heights by mistake (SC 11.29.2006). Collected on ED datalogger. MONTH, DAY, YEAR, EXAM1 and EXAM2 added from UNDERSTORY sheet (SC 11.14.2006).",
C2-8VB,C2,C,CON,8,V,2006,50028,5-25,23,IRM,DF-1,MARCH,1,2006,L. Davis,S. Copeland,3,0,75,271,157,430010,5137756,5,Plot center tags nailed to stumps. Downed woody debris possibly covering stumps. ,stand type and invent. age do not match; inventory age seems off; prob younger than 23 (~10-15)
C2-9V,C2,C,CON,9,V,2006,50012,5-25,10,TCG,WH/SS/RC-1,JUNE,19,2006,S. McDowell,S. Copeland,4,0,87,209,132,430350,5138296,6,"Collected on ED datalogger. MONTH, DAY, YEAR, EXAM1 and EXAM2 added from UNDERSTORY sheet (SC 11.14.2006).",
C2-10V,C2,C,CON,10,V,2007,50035,5-25,16,IRM,WH/SS/RC-2,JUNE,27,2007,R. Southworth,J. St. Peter,4,0,55,127,232,429553,5137348,6,60% of plot on decomissioned road,
C2-11VB,C2,C,CON,11,V,2006,17503,5-25,21,IRM,DF-2,APRIL ,5,2006,L. Davis,S. Copeland,3,0,48,218,239,429629,5137988,6,"Area burned, maybe during logging ops. Lots of large burnt stumps and logs (SC 11.29.2006).",
C2-12V,C2,C,CON,12,V,2006,62001,46-65,65,TCG,WH/SS/RC-3,MARCH,2,2006,L. Davis,S. Copeland,4,0,78,145,100,430238,5138124,5,Stream ~100 m SE of the plot center.,
C2-13V,C2,C,CON,13,V,2007,50030,41-60,56,IRM,WH/SS/RC-3,JUNE,5,2007,N. Hill,J. St. Peter,4,0,15,320,130,430630,5137848,2,Poor GPS reception. Large fallen cedar at center,
C2-14V,C2,C,CON,14,V,2006,17508,5-25,20,TCG,WH/SS/RC-2,APRIL,4,2006,L. Davis,S. Copeland,5,15,39,336,250,429049,5137743,6,Perennial stream ~10m of plot center in N/NW section (downslope). Big holly (~3m tall) in NE section. N subplot marker loose. ,
C2-15V,C2,C,CON,15,V,2006,50030,46-65,56,IRM,WH/SS/RC-3,MARCH,1,2006,L. Davis,S. Copeland,3,0,82,314,136,430568,5137706,5,Plot center offset 50m W of original point to meet bird plot requirements. Rock ~25 cm below surface - hard to install subplot markers. Stream ~50-75m NW of plot. ,
C2-16V,C2,C,CON,16,V,2006,50031,46-65,67,TCG,RA-3,MARCH,2,2006,L. Davis,S. Copeland,5,15,73,290,68,430591,5137963,5,"Perennial stream 11m W of plot center. W marker in stream, may not stay. Plot accidentally located on opposite side of stream from map location.",
C2-17V,C2,C,CON,17,V,2006,17508,5-25,20,TCG,WH/SS/RC-2,APRIL,4,2006,L. Davis,S. Copeland,5,10,94,323,282,429153,5137595,5,Perennial stream in NW section of plot. W subplot in middle of stream. Very dense and dark. Old car in plot (in stream).,
C2-18VB,C2,C,CON,18,V,2006,50028,5-25,23,IRM,DF-1,MARCH,1,2006,L. Davis,S. Copeland,3,0,68,272,142,430447,5137510,9,Plot center in middle of stump. Plot center tags nailed to stumps. Small slash pile in SW section of plot. Holly in NE quadrant (SC 11.29.2006). ,stand type and invent. age do not match; inventory age seems off; prob younger than 23 (~10-15)
C2-19V,C2,C,CON,19,V,2006,17504,5-25,21,IRM,WH/SS/RC-2,JULY,18,2006,S. McDowell,S. Copeland,3,0,66,131,312,429429,5138435,5,"Collected on ED datalogger. MONTH, DAY, YEAR, EXAM1 and EXAM2 added from UNDERSTORY sheet (SC 11.14.2006).",
C2-20V,C2,C,CON,20,V,2006,17503,5-25,21,IRM,DF-2,MARCH,2,2006,L. Davis,S. Copeland,4,0,80,222,175,429959,5138132,5,Thick salal and slash in plot.,
C2-21V,C2,C,CON,21,V,2007,50035,5-25,16,IRM,WH/SS/RC-2,JUNE,27,2007,N. Hill,L. Taylor,6,30,60,94,135,429782,5137428,3,2D fix. E and S subplots in stream bed. Large elk trail running through W subplot.,
C2-22V,C2,C,CON,22,V,2006,50028,5-25,23,IRM,DF-1,JULY,10,2006,N. Gehres,S. McDowell,5,0,39,101,101,430495,5137973,6,"Holly tree 3m NE of plot center. Collected on ED datalogger. MONTH, DAY, YEAR, EXAM1 and EXAM2 added from UNDERSTORY sheet (SC 11.14.2006).",stand type and invent. age do not match; inventory age seems off; prob younger than 23 (~10-15)
C2-23V,C2,C,CON,23,V,2006,15690,5-25,23,IRM,WH/SS/RC-2,APRIL,4,2006,L. Davis,S. Copeland,2,0,35,59,295,429379,5137336,5,Old skid road through center and SE section of plot.,
C2-24V,C2,C,CON,24,V,2007,50035,5-25,16,IRM,WH/SS/RC-2,JULY,11,2007,N. Hill,L. Taylor,6,12,28,72,146,429361,5137781,1,2D fix. Side drainage in plot near center. N & E sublpots in cedar slash choked side drainage.,
C2-25VB,C2,C,CON,25,V,2006,50028,5-25,23,IRM,DF-1,MARCH,1,2006,L. Davis,S. Copeland,3,0,25,94,169,430123,5137477,4,Lots of slash in plot. Plot center offset 40m S of original point due to huge slash pile (safety concern). Plot center tags nailed to stumps. 2 1M tall holly plants in plot. 16 M from center at 147° (SC 11.29.2006).,stand type and invent. age do not match; inventory age seems off; prob younger than 23 (~10-15)
C2-26V,C2,C,CON,26,V,2007,50030,46-65,56,IRM,WH/SS/RC-3,JUNE,5,2007,L. Taylor,R. Southworth,3,0,45,53,124,430727,5137969,3,"Recent windthrow area to the W side of plot. N. subplot marker unstable, on top of cedar log.",
C2-27V,C2,C,CON,27,V,2006,21081,5-25,23,TCG,WH/SS/RC-2,JULY,18,2006,S. McDowell,S. Copeland,3,0,71,266,280,429515,5138389,5,"W subplot in roadside rocky slope. N subplot center marked under log. Used tags #901-980 by mistake (SC 11.29.2006). Collected on ED datalogger. MONTH, DAY, YEAR, EXAM1 and EXAM2 added from UNDERSTORY sheet (SC 11.14.2006).",
C2-28V,C2,C,CON,28,V,2006,50035,5-25,16,IRM,WH/SS/RC-2,JULY,19,2006,N. Gehres,S. McDowell,3,0,76,114,126,429877,5137740,5,"Plot center SE of rocky outcrop. Trees on NW side of plot obscured by ridgeline, dist. and azimuths to trees as accurate as possible (SC 11.29.2006).",
C3-1V,C3,C,ROAD,1,V,2006,50038,5-25,28,IRM,WH/SS/RC-2,JUNE,8,2006,N. Gehres,L. Taylor,3,0,33,357,202,431188,5136423,8,"Collected on ED datalogger. MONTH, DAY, YEAR, EXAM1 and EXAM2 added from UNDERSTORY sheet (SC 11.14.2006).","Plot appears to be in Stand 50026 on map, but tree data indicates it is in older stand (likely that location on map is off due to poor GPS accuracy)"
C3-2V,C3,C,ROAD,2,V,2006,50020,5-25,24,TCG,DF-2,APRIL,19,2006,L. Davis,S. Copeland,4,0,16,14,79,431873,5137081,3,Poor GPS accuracy.  N marker loose.,
C3-3V,C3,C,ROAD,3,V,2006,50037,66-85,51,IRM,WH/SS/RC-3,JULY,13,2006,N. Gehres,S. McDowell,6,40,7,89,90,430648,5137214,4,"Plot center in stream. Collected on ED datalogger. MONTH, DAY, YEAR, EXAM1 and EXAM2 added from UNDERSTORY sheet (SC 11.14.2006).",
C3-5V,C3,C,ROAD,5,V,2007,50037,26-45,51,IRM,WH/SS/RC-3,JULY,2,2007,R. Southworth,L. Taylor,2,0,51,296,182,430949,5136759,3,Clearcut in E side of plot.,Part of plot in Stand 50026
C3-4VB,C3,C,ROAD,4,V,2006,50029,5-25,2,IRM,WH/SS/RC-1,APRIL,10,2006,L. Davis,S. Copeland,2,5,34,9,112,430627,5137142,7,Slope taken on one side of the ridge. W subplot marker loose (SC 11.30.2006).,
C3-6V,C3,C,ROAD,6,V,2006,50016,106+,136,IRM,WH/SS/RC-5,MARCH,30,2006,L. Davis,S. Copeland,7,0,12,139,110,431677,5137248,6,Huge cedar log SE of plot center.,old-growth; many trees likely 300+
C3-7V,C3,C,ROAD,7,V,2006,50037,26-45,51,IRM,WH/SS/RC-3,AUGUST,2,2006,L. Taylor,S. Copeland,4,5,75,2,242,430009,5137084,7,"Visible from road, large edge effect in N and E sections of plot. Mistletoe survey done without binoculars because of rain (SC 11.29.2006). Collected on ED datalogger. MONTH, DAY, YEAR, EXAM1 and EXAM2 added from UNDERSTORY sheet (SC 11.14.2006).",
C3-8V,C3,C,ROAD,8,V,2006,50037,26-45,51,IRM,WH/SS/RC-3,MARCH,22,2006,L. Davis,S. Copeland,3,0,57,247,124,430760,5136909,4,,
C3-9V,C3,C,ROAD,9,V,2006,50016,106+,136,IRM,WH/SS/RC-5,APRIL,19,2006,L. Davis,S. Copeland,3,0,45,106,106,431281,5137018,7,Old-growth (but lots of younger looking hemlock). Marked trail off of road.,old-growth; many trees likely 300+
C3-10VB,C3,C,ROAD,10,V,2006,50030,46-65,56,IRM,WH/SS/RC-3,APRIL,26,2006,L. Davis,S. Copeland,4,0,84,228,105,431249,5137393,6,,
C3-11V,C3,C,ROAD,11,V,2006,50037,26-45,51,IRM,WH/SS/RC-3,AUGUST,1,2006,L. Taylor,S. McDowell,3,0,30,172,193,430283,5137231,5,,
C3-12V,C3,C,ROAD,12,V,2006,50026,5-25,5,IRM,WH/SS/RC-1,APRIL,19,2006,L. Davis,S. Copeland,7,0,9,54,138,431107,5136852,6,Thick small diameter trees in plot area. Marked trail off of road.,Age may be off; inventory data suspect
C3-13V,C3,C,ROAD,13,V,2006,50026,5-25,5,IRM,WH/SS/RC-1,APRIL,19,2006,L. Davis,S. Copeland,5,10,35,261,104,431262,5136832,8,In thick salal and slash close to creek. Plot center tags nailed to downed conifers.,Age may be off; inventory data suspect
C3-14V,C3,C,ROAD,14,V,2007,50032,5-25,,,WH/SS/RC-1,JULY,12,2007,N. Hill,R. Southworth,1,0,17,92,140,431623,5137448,3,,"Age unknown, no cruise data (likely ~10-20yrs)"
C3-15VB,C3,C,ROAD,15,V,2006,50026,5-25,5,IRM,WH/SS/RC-1,MARCH,22,2006,L. Davis,S. Copeland,4,0,34,92,173,431046,5136556,6,Plot center tags nailed to stumps. In young plantation with large leave trees (riparian buffer strip) on E edge of plot. ,Age may be off; inventory data suspect
C3-16V,C3,C,ROAD,16,V,2006,50029,5-25,2,IRM,WH/SS/RC-1,MARCH,22,2006,L. Davis,S. Copeland,3,0,33,71,156,430537,5136785,9,Plot center tags nailed stumps. In young plantation.,
C3-17V,C3,C,ROAD,17,V,2007,50020,5-25,24,TCG,DF-2,JULY,16,2007,N. Hill,J. St. Peter,6,70,20,352,67,431927,5137186,2,Center in creek convergence seep area ,
C3-18V,C3,C,ROAD,18,V,2007,50026,5-25,5,IRM,WH/SS/RC-1,JULY,2,2007,N. Hill,J. St. Peter,3,0,95,99,160,431136,5136929,5,Much of plot on inactive road.,Age may be off; inventory data suspect
C3-19V,C3,C,ROAD,19,V,2006,50036,26-45,28,IRM,WH/SS/RC-2,APRIL,19,2006,L. Davis,S. Copeland,3,0,33,104,151,431463,5136818,7,Just off of road.  W subplot marker not installed (in middle of road). Marked with paint instead.,
C3-20VB,C3,C,ROAD,20,V,2006,50030,26-45,56,IRM,WH/SS/RC-3,APRIL,10,2006,L. Davis,S. Copeland,4,0,44,171,117,431024,5137246,6,At start of seasonal drainage.  N plot marker loose.,
C3-21VB,C3,C,ROAD,21,V,2006,50016,106+,136,IRM,WH/SS/RC-5,APRIL,10,2006,L. Davis,S. Copeland,3,0,25,2,88,431228,5137268,5,N marker loose. Mistletoe survey done without binoculars because of rain (SC 11.29.2006).,old-growth; many trees likely 300+
C3-22V,C3,C,ROAD,22,V,2006,50029,5-25,2,IRM,WH/SS/RC-1,JUNE,26,2006,S. McDowell,L. Taylor,4,0,1,31,216,430362,5136754,5,Plot next to 2 tall snags. Plot center at base of rootwad.,
C3-23V,C3,C,ROAD,23,V,2006,50036,26-45,28,IRM,WH/SS/RC-2,APRIL,19,2006,L. Davis,S. Copeland,9,15,30,116,115,431705,5136795,6,Offset 2 m at 261 deg. (to fit bird plot requirements).  Slope measurement approximate because streamside slope is far greater than upland slope.  In thick salal. S plot marker loose.,
C3-24V,C3,C,ROAD,24,V,2006,50030,46-65,56,IRM,WH/SS/RC-3,JULY,17,2006,S. McDowell,L. Taylor,5,0,51,133,140,431047,5137469,5,"672 tag used, but taken off because it was actually the top half of a snag. Raining and hypsometer did not work well during overstory measurements (SC 11.29.2006). Tag 693 missing in sequence, tree distance measured without hypsometer on rainy day, on clear day with hypsometer was found to be outside the plot perimeter (SC 11.30.2006). Collected on ED datalogger. MONTH, DAY, YEAR, EXAM1 and EXAM2 added from UNDERSTORY sheet (SC 11.14.2006).",
C3-25V,C3,C,ROAD,25,V,2006,50026,5-25,5,IRM,WH/SS/RC-1,JUNE,12,2006,N. Gehres,S. McDowell,6,0,66,322,170,431090,5136495,5,One if the subplots is on the other side of a ravine and has a different slope and bearing than rest of the plot.  One of the subplot markers is on a dead log. N subplot marker loose (in stump).,Age may be off; inventory data suspect
C3-26V,C3,C,ROAD,26,V,2007,50029,5-25,2,IRM,WH/SS/RC-1,JUNE,1,2007,N. Hill,L. Taylor,4,0,44,20,140,430541,5136834,4,,
C3-27V,C3,C,ROAD,27,V,2006,50038,26-45,28,IRM,WH/SS/RC-2,AUGUST,2,2006,N. Gehres,S. McDowell,3,0,21,356,176,431337,5136604,4,,
C3-28VB,C3,C,ROAD,28,V,2006,50030,26-45,56,IRM,WH/SS/RC-3,APRIL,10,2006,L. Davis,S. Copeland,4,0,80,230,164,430752,5137295,6,"W plot marker loose, tied in place with flagging.  E and N markers slightly offset.",
N1-1VB,N1,N,CON,1,V,2006,17435,5-25,17,TCG,DF-1,APRIL,13,2006,L. Davis,S. Copeland,4,0,65,112,190,430040,5140824,5,Lots of slash! E subplot offset 6 inches due to stump. N subplot in lots of slash and loose. Big holly by W subplot. 2 holly trees 16m west of plot center (SC 11.29.2006).,similar to 17432
N1-2V,N1,N,CON,2,V,2007,17432,5-25,15,TCG,DF-1,AUGUST,6,2007,R. Southworth,L. Taylor,4,0,52,97,66,430715,5141608,5,,
N1-3V,N1,N,CON,3,V,2007,48414,5-25,2,IRM,DF-1,JULY,23,2007,N. Hill,J. St. Peter,3,0,57,92,141,430118,5141110,4,Elk/bear trail thru center and S subplot,"age seems suspect, but likely < 10 yrs"
N1-4V,N1,N,CON,4,V,2006,50002,5-25,27,TCG,DF-2,APRIL,13,2006,L. Davis,S. Copeland,4,0,95,285,77,430482,5140665,6,Perennial stream ~40m downslope. E & W subplots were hard to line up (thick veg); estimated position as close as possible. ,
N1-5V,N1,N,CON,5,V,2006,17432,5-25,15,TCG,DF-1,JULY,26,2006,N. Gehres,S. Copeland,4,0,66,100,67,430687,5141295,4,"Poor GPS accuracy. Collected on ED datalogger. MONTH, DAY, YEAR, EXAM1 and EXAM2 added from UNDERSTORY sheet (SC 11.14.2006).",may also be in stand 50001 (AGE: 72; CRUISE: IRM; ST: WH/SS/RC-4)
N1-6V,N1,N,CON,6,V,2007,17432,5-25,15,TCG,DF-1,JULY,23,2007,R. Southworth,L. Taylor,5,4,67,156,94,430419,5141366,3,Creek runs through plot in S side close to center.,
N1-7VB,N1,N,CON,7,V,2006,50001,66-85,72,IRM,WH/SS/RC-4,MARCH ,20,2006,L. Davis,S. Copeland,4,0,87,312,79,430779,5141257,4,Small (~10-15m diameter) natural gap in NW part of plot. N2-7V changed to N1-7V in SITE_ID (SC 11.17.2006).,
N1-8V,N1,N,CON,8,V,2006,61000,46-65,58,IRM,WH/SS/RC-4,APRIL,13,2006,L. Davis,S. Copeland,4,1,88,262,118,430356,5140447,3,2-D GPS fix. Poor GPS accuracy. Map location wasn't great (stream positions did not match topo lines). Estimated position as close as possible to original point.,
N1-9V,N1,N,CON,9,V,2007,50001,66-85,72,IRM,WH/SS/RC-4,JULY,30,2007,L. Taylor,N. Hill,6,7,3,13,7,430804,5141512,3,Center right next to stream bank. On edge of old growth and very young forest. entire plot in broad flat stream area.,
N1-10VB,N1,N,CON,10,V,2006,48414,5-25,2,IRM,DF-1,MARCH,13,2006,L. Davis,S. Copeland,4,0,105,6,136,430385,5140943,8,S plot marker in stump and loose. ,"age seems suspect, but likely < 10 yrs"
N1-11V,N1,N,CON,11,V,2006,n/a,26-45,,,,MARCH ,20,2006,L. Davis,S. Copeland,5,3,48,272,100,430839,5141086,4,Stream ~15-20m W (downslope). N2-11V changed to N1-11V in SITE_ID (SC 11.17.2006).,no our property; likely ~30-35 yrs.
N1-12VB,N1,N,CON,12,V,2006,61000,46-65,58,IRM,WH/SS/RC-4,APRIL,13,2006,L. Davis,S. Copeland,4,0,64,96,130,430165,5140400,4,,
N1-13V,N1,N,CON,13,V,2007,50001,86-105,72,IRM,WH/SS/RC-4,JUNE,11,2007,R. Southworth,L. Taylor,5,0,80,335,74,430837,5141437,3,,Inventory age probably slightly off for patch that this plot is in (likely a bit older than 72)
N1-14V,N1,N,CON,14,V,2006,17432,5-25,15,TCG,DF-1,MARCH,13,2006,L. Davis,S. Copeland,5,0,93,183,71,430479,5141083,7,,
N1-15V,N1,N,CON,15,V,2006,50002,5-25,27,TCG,DF-2,MARCH ,20,2006,L. Davis,S. Copeland,4,0,83,296,62,430642,5140889,6,Stream ~30-50m W/NW (downslope). N2-15V changed to N1-15V in SITE_ID (SC 11.17.2006).,
N1-16V,N1,N,CON,16,V,2006,61000,46-65,58,IRM,WH/SS/RC-4,JUNE,20,2006,L. Taylor,S. Copeland,3,0,62,95,112,430266,5140388,6,"Collected on ED datalogger. MONTH, DAY, YEAR, EXAM1 and EXAM2 added from UNDERSTORY sheet (SC 11.14.2006).",
N1-17V,N1,N,CON,17,V,2006,17432,5-25,15,TCG,DF-1,MARCH,13,2006,L. Davis,S. Copeland,4,0,78,125,138,430235,5141285,4,2D fix. Located in seasonal stream.,
N1-18VB,N1,N,CON,18,V,2006,50048,66-85,69,TCG,WH/SS/RC-4,APRIL,13,2006,L. Davis,S. Copeland,1,0,44,106,125,430282,5140654,5,Poor GPS accuracy. Was N1-os8. Painted and flagged 3 trees (did not realize one was snag). ,
N1-19V,N1,N,CON,19,V,2006,50001,66-85,72,IRM,WH/SS/RC-4,JULY,26,2006,N. Gehres,S. Copeland,3,0,86,294,60,430765,5141311,4,"2D fix. Center rebar and PVC almost buried in the duff. Collected on ED datalogger. MONTH, DAY, YEAR, EXAM1 and EXAM2 added from UNDERSTORY sheet (SC 11.14.2006).",
N1-20V,N1,N,CON,20,V,2006,17432,5-25,15,TCG,DF-1,JULY,26,2006,L. Taylor,S. McDowell,5,0,71,114,68,430610,5141226,5,"Low visibility due to dense branches, azimuths to trees estimated (SC 11.29.2006). Collected on ED datalogger. ",
N1-21VB,N1,N,CON,21,V,2006,50048,66-85,69,TCG,WH/SS/RC-4,APRIL,13,2006,L. Davis,S. Copeland,3,0,58,84,183,430195,5140767,6,,
N1-22V,N1,N,CON,22,V,2006,50002,5-25,27,TCG,DF-2,JULY,24,2006,S. McDowell,S. Copeland,3,0,61,256,109,430768,5140675,4,Natural gap in thick salal among dense forest. Very difficult to or use hypsometer (SC 11.29.2006). Azimuths may be off (SC 11.29.2006).,
N1-23VB,N1,N,CON,23,V,2006,61000,46-65,58,IRM,WH/SS/RC-4,APRIL,26,2006,L. Davis,S. Copeland,5,0,62,46,152,430040,5140261,6,Perennial stream ~20m downslope. Accidentally painted a snag. S subplot loose. Measured wrong trees for heights (forgot about snags and divided incorrectly) (SC 11.29.2006). Measured extra as a result (SC 11.29.2006).,
N1-24V,N1,N,CON,24,V,2006,17432,5-25,15,TCG,DF-1,MARCH,13,2006,L. Davis,S. Copeland,3,0,29,69,148,430440,5141261,4,,
N1-25V,N1,N,CON,25,V,2006,61000,46-65,58,IRM,WH/SS/RC-4,APRIL,13,2006,L. Davis,S. Copeland,3,0,55,156,106,430181,5140530,3,Poor GPS accuracy.,
N1-26V,N1,N,CON,26,V,2006,61000,46-65,58,IRM,WH/SS/RC-4,JUNE,20,2006,S. McDowell,N. Gehres,5,0,71,46,190,430027,5140241,5,5410241 changed to 5140241 in UTM_N (SC 11.17.2006). ,
N1-27V,N1,N,CON,27,V,2007,n/a,106+,,,,JULY,30,2007,J. St. Peter,R. Southworth,5,1,80,8,9,430873,5141572,3,Stream in N edge of plot 1%,not our property; prob similar to stand 50001
N1-28V,N1,N,CON,28,V,2006,50002,5-25,27,TCG,DF-2,AUGUST,10,2006,N. Gehres,S. McDowell,3,0,63,2,117,430827,5140947,5,On roadbed. Center of plot in road (SC 11.29.2006). Azimuths approx (SC 11.29.2006). Hard to see north and south (SC 11.29.2006).,
N2-1V,N2,N,THIN,1,V,2006,61000,46-65,58,IRM,WH/SS/RC-4,MARCH,16,2006,L. Davis,S. Copeland,4,0,74,165,147,430631,5140256,3,2D fix.  Point moved 125 m E of the original location. Was N2-os14.,
N2-2V,N2,N,THIN,2,V,2006,50004,5-25,8,TCG,DF-1,MARCH,16,2006,L. Davis,S. Copeland,2,0,38,118,79,430906,5140379,8,,
N2-3V,N2,N,THIN,3,V,2006,50004,5-25,8,TCG,DF-1,AUGUST,10,2006,L. Taylor,S. Copeland,5,0,68,89,97,430991,5140927,3,"Collected on ED datalogger. MONTH, DAY, YEAR, EXAM1 and EXAM2 added from UNDERSTORY sheet (SC 11.14.2006).",
N2-4V,N2,N,THIN,4,V,2006,61000,46-65,58,IRM,WH/SS/RC-4,APRIL,26,2006,L. Davis,S. Copeland,5,3,86,351,63,430823,5140187,6,Perennial stream ~15-20m downslope.,
N2-5V,N2,N,THIN,5,V,2007,50004,5-25,8,TCG,DF-1,JUNE,11,2007,N. Hill,J. St. Peter,3,10,60,200,82,431160,5140807,3,"Well developed elk trail, center just off to W side ",
N2-6V,N2,N,THIN,6,V,2007,50004,5-25,8,TCG,DF-1,MAY,24,2007,R. Southworth,N. Hill,4,0,41,92,56,430995,5140399,4,,
N2-7V,N2,N,THIN,7,V,2006,61000,46-65,58,IRM,WH/SS/RC-4,APRIL,26,2006,L. Davis,S. Copeland,5,5,75,340,92,430925,5140094,4,Poor GPS accuracy. Perennial stream ~15m downslope.,
N2-8V,N2,N,THIN,8,V,2006,61000,46-65,58,IRM,WH/SS/RC-4,JUNE,29,2006,L. Taylor,S. McDowell,5,0,72,266,106,431034,5140035,5,,
N2-9VB,N2,N,THIN,9,V,2006,50005,46-65,58,IRM,WH/SS/RC-3,FEBRUARY,24,2006,L. Davis,S. Copeland,4,0,45,360,79,431239,5140366,3,"Age appears to be 100+ on map, but was younger in field (LRD 11.09.2007)",
N2-10VB,N2,N,THIN,10,V,2006,50004,5-25,8,TCG,DF-1,MARCH ,20,2006,L. Davis,S. Copeland,4,0,61,94,53,431043,5140643,5,Thick salal. Stream ~ 30m NE (downslope).,
N2-11V,N2,N,THIN,11,V,2007,61000,66-85,58,IRM,WH/SS/RC-4,JUNE,25,2007,N. Hill,R. Southworth,5,0,59,82,103,430743,5139905,2,,
N2-12V,N2,N,THIN,12,V,2007,61000,66-85,58,IRM,WH/SS/RC-4,JUNE,21,2007,R. Southworth,J. St. Peter,6,10,95,62,112,430867,5139912,2,2D fix. Stream in E side of plot. Gap in NW corner of plot. Many trees windthrown in area recently.,
N2-13VB,N2,N,THIN,13,V,2006,61000,46-65,58,IRM,WH/SS/RC-4,FEBRUARY,24,2006,L. Davis,S. Copeland,2,0,26,352,134,431192,5140238,3,,
N2-14V,N2,N,THIN,14,V,2007,50004,5-25,8,TCG,DF-1,JULY,24,2007,N. Hill,L. Taylor,3,0,68,216,94,430838,5140457,3,,
N2-15VB,N2,N,THIN,15,V,2006,61000,46-65,58,IRM,WH/SS/RC-4,FEBRUARY,22,2006,L. Davis,S. Copeland,2,0,38,92,152,430598,5140014,6,"Poor GPS accuracy. Holly in the plot, 1 pulled (SC 11.29.2006).",
N2-16VB,N2,N,THIN,16,V,2006,50005,46-65,58,IRM,WH/SS/RC-3,FEBRUARY,24,2006,L. Davis,S. Copeland,2,0,35,40,48,431280,5140476,6,Stream ~20m NE of plot. Was N2-os11 (replaced original plot 16),
N2-17V,N2,N,THIN,17,V,2006,50004,5-25,8,TCG,DF-1,MARCH,16,2006,L. Davis,S. Copeland,4,0,18,168,48,431070,5140480,5,In dense Douglas fir stand. May be difficult to find.,
N2-18V,N2,N,THIN,18,V,2006,61000,66-85,58,IRM,WH/SS/RC-4,FEBRUARY,22,2006,L. Davis,S. Copeland,3,0,45,44,136,430636,5140169,5,Poor GPS accuracy. Location estimated from map,"Inventory likely underestimates age of patch where this plot is located (likely slightly older, 65-75)"
N2-19V,N2,N,THIN,19,V,2006,61000,46-65,58,IRM,WH/SS/RC-4,FEBRUARY,24,2006,L. Davis,S. Copeland,4,0,55,80,73,431214,5140399,3,,
N2-20V,N2,N,THIN,20,V,2006,50004,5-25,8,TCG,DF-1,JULY,24,2006,N. Gehres,L. Taylor,3,0,20,111,95,430878,5140740,6,"Collected on ED datalogger. MONTH, DAY, YEAR, EXAM1 and EXAM2 added from UNDERSTORY sheet (SC 11.14.2006).",
N2-21V,N2,N,THIN,21,V,2006,50004,5-25,8,TCG,DF-1,JULY,24,2006,S. McDowell,S. Copeland,4,0,21,41,69,430947,5140674,4,Might be difficult to find. In dense young stand.,
N2-22VB,N2,N,THIN,22,V,2006,50004,5-25,8,TCG,DF-1,MARCH ,20,2006,L. Davis,S. Copeland,4,0,25,104,66,431002,5140786,6,Was N2-os4. ,
N2-23V,N2,N,THIN,23,V,2006,61000,46-65,58,IRM,WH/SS/RC-4,JUNE,29,2006,N. Gehres,S. Copeland,3,0,72,328,127,431124,5140110,7,"Collected on ED datalogger. MONTH, DAY, YEAR, EXAM1 and EXAM2 added from UNDERSTORY sheet (SC 11.14.2006).",
N2-24V,N2,N,THIN,24,V,2006,50004,5-25,8,TCG,DF-1,MARCH,16,2006,L. Davis,S. Copeland,4,0,54,124,113,430754,5140405,5,,
N2-25VB,N2,N,THIN,25,V,2006,50005,46-65,58,IRM,WH/SS/RC-3,FEBRUARY,24,2006,L. Davis,S. Copeland,4,0,76,318,92,431054,5140157,5,Plot center to right of road. South PVC not installed (in middle of road). On road and exposed to herbicide (SC 11.30.2006).,
N2-26VB,N2,N,THIN,26,V,2006,61000,46-65,58,IRM,WH/SS/RC-4,FEBRUARY,22,2006,L. Davis,S. Copeland,6,15,35,142,170,430498,5140099,7,Poor GPS accuracy.  Location estimated from map. Stream S and SE of plot.,
N2-27V,N2,N,THIN,27,V,2007,50073,5-25,10,TCG,WH/SS/RC-1,AUGUST,9,2007,J. St. Peter,L. Taylor,5,0,21,108,75,431325,5140618,5,E part of plot on inactive road,
N2-28V,N2,N,THIN,28,V,2007,61000,66-85,58,IRM,WH/SS/RC-4,JUNE,21,2007,N. Hill,L. Taylor,5,0,53,88,112,430851,5139989,3,2D fix,
S1-1V,S1,S,CON,1,V,2007,50045,5-25,35,IRM,WH/SS/RC-3,JULY,3,2007,J. St. Peter,R. Southworth,5,5,63,29,174,430447,5136158,4,Seep in E of plot,
S1-2VB,S1,S,CON,2,V,2006,15691,5-25,29,IRM,WH/SS/RC-2,MARCH,31,2006,L. Davis,S. Copeland,1,0,14,254,365,429561,5136083,9,Plot just off road. S half of plot on road. E subplot loose (in roadbed). S subplot in road. C2-2V changed to S1-2V in SITE_ID (SC 11.17.2006).,
S1-3VB,S1,S,CON,3,V,2006,50042,5-25,30,IRM,DF-2,APRIL,25,2006,L. Davis,S. Copeland,4,0,52,116,233,429874,5136859,7,Was incorrectly recorded in data as S1-13V. Found error by comparing data records and UTM locations (LRD 11.08.2007),
S1-4V,S1,S,CON,4,V,2006,50042,5-25,30,IRM,DF-2,JULY,20,2006,N. Gehres,S. Copeland,4,20,70,356,280,429682,5136245,6,Center 15m SE of landslide in a seasonal stream near another stream. ,
S1-5V,S1,S,CON,5,V,2006,50045,5-25,35,IRM,WH/SS/RC-3,APRIL ,5,2006,L. Davis,S. Copeland,4,0,26,38,259,430453,5135974,5,Slope measurement probably a low estimate since the road bank is just downslope from the plot.,
S1-6V,S1,S,CON,6,V,2006,50042,5-25,30,IRM,DF-2,AUGUST,9,2006,S. Copeland,S. McDowell,5,0,75,82,256,429834,5135919,6,"Poor GPS accuracy.  Approx. 25 m from larger stream, easiest access walking over from the seasonal drainage to S (SC 11.30.2006). Collected on ED datalogger. MONTH, DAY, YEAR, EXAM1 and EXAM2 added from UNDERSTORY sheet (SC 11.14.2006).",
S1-7V,S1,S,CON,7,V,2006,15691,5-25,29,IRM,WH/SS/RC-2,MARCH,22,2006,L. Davis,S. Copeland,4,0,52,106,295,429288,5136699,7,"In small gap, possibly windthrow caused. Hemlock fallen across plot center. Thick salal.",
S1-8VB,S1,S,CON,8,V,2006,50042,5-25,30,IRM,DF-2,APRIL,25,2006,L. Davis,S. Copeland,4,0,42,52,271,429825,5136729,6,Plot center buried in slash pile. S subplot loose. Mistletoe survey done without binoculars because of rain  (SC 11.29.2006). Good view of young trees; pretty certain of our data (SC 11.29.2006).,
S1-9V,S1,S,CON,9,V,2007,50045,26-45,35,IRM,WH/SS/RC-3,JULY,19,2007,N. Hill,J. St. Peter,5,10,48,40,132,430758,5136132,3,2D fix,
S1-10VB,S1,S,CON,10,V,2006,50042,5-25,30,IRM,DF-2,MARCH,31,2006,L. Davis,S. Copeland,4,0,61,160,319,429782,5136152,7,"C2-10V changed to S1-10V in SITE_ID (SC 11.17.2006). If 25% of the Doug fir foliage had chlorotic needles we used the 550 code, but all Doug fir in stand have at least a little foliar disease of some kind. Maybe Swiss needle cast (SC 11.29.2006).",
S1-11V,S1,S,CON,11,V,2006,50042,5-25,30,IRM,DF-2,JULY,25,2006,S. McDowell,N. Gehres,4,0,69,65,251,429838,5136902,5,1 tiny holly plant pulled (SC 11.29.2006).,
S1-12V,S1,S,CON,12,V,2006,50044,26-45,28,IRM,WH/SS/RC-2,JUNE,23,2006,L. Taylor,N. Gehres,3,0,70,130,222,430283,5136526,4,Lots of the cedars have had their lower forks PCTed (SC 11.29.2006).,
S1-13V,S1,S,CON,13,V,2006,50044,26-45,28,IRM,WH/SS/RC-2,JULY,5,2006,L. Taylor,S. McDowell,1,0,36,194,237,430187,5136692,9,"Plot center in road. N half of the plot in the road. S half on slope. Collected on ED datalogger. MONTH, DAY, YEAR, EXAM1 and EXAM2 added from UNDERSTORY sheet (SC 11.14.2006).",
S1-14V,S1,S,CON,14,V,2006,50042,5-25,30,IRM,DF-2,MARCH,31,2006,L. Davis,S. Copeland,4,0,76,318,323,429952,5135803,4,Lots of small PCT slash in plot. Loose soils. C2-14V changed to S1-14V in SITE_ID (SC 11.17.2006).,
S1-15V,S1,S,CON,15,V,2007,15691,5-25,29,IRM,WH/SS/RC-2,JUNE,19,2007,N. Hill,R. Southworth,5,0,30,144,261,429399,5136796,7,"Stream SW of plot, elk trails running through.",
S1-16VB,S1,S,CON,16,V,2006,50044,26-45,28,IRM,WH/SS/RC-2,MARCH,21,2006,L. Davis,S. Copeland,4,0,91,183,145,430449,5136260,3,Location estimated from map. Measured 30 m N from stream to plot center. Flagged stream where we measured up to the plot. S plot marker loose. Tag 545 not used (SC 11.29.2006).,
S1-17V,S1,S,CON,17,V,2006,15691,5-25,29,IRM,WH/SS/RC-2,JULY,20,2006,L. Taylor,S. McDowell,3,0,48,111,391,429454,5135747,6,"Entire plot is covered with lots of slash (SC 11.29.2006). Chance of missed stump (SC 11.29.2006). Collected on ED datalogger. MONTH, DAY, YEAR, EXAM1 and EXAM2 added from UNDERSTORY sheet (SC 11.14.2006).",
S1-18V,S1,S,CON,18,V,2006,50042,26-45,30,IRM,DF-2,APRIL,25,2006,L. Davis,S. Copeland,4,0,82,80,186,430018,5136587,7,N & S subplots loose (in soft wood).,
S1-19V,S1,S,CON,19,V,2006,15676,5-25,34,TCG,DF-2,MARCH,21,2006,L. Davis,S. Copeland,4,0,81,121,177,430212,5136131,3,Poor GPS accuracy.  Location estimated from map.  Upslope of stream N of pt. where perennial side stream runs into the main stem. Flagged plot well to increase visibility. Flag at main stem with bearing to plot.,
S1-20V,S1,S,CON,20,V,2006,15691,5-25,29,IRM,WH/SS/RC-2,MARCH,22,2006,L. Davis,S. Copeland,4,5,65,120,295,429395,5136471,6,Thick salal and cedar. Stream ~15-20m SE of plot center.,
S1-21V,S1,S,CON,21,V,2006,50042,5-25,30,IRM,DF-2,AUGUST,9,2006,N. Gehres,L. Taylor,5,0,73,139,210,429902,5136048,4,,
S1-22VB,S1,S,CON,22,V,2006,50044,26-45,28,IRM,WH/SS/RC-2,MARCH,21,2006,L. Davis,S. Copeland,4,0,87,216,176,430272,5136398,5,"In natural gap, maybe created by landslide. S subplot marker loose (SC 11.30.2006).",
S1-23V,S1,S,CON,23,V,2007,50042,26-45,30,IRM,DF-2,JUNE,7,2007,L. Taylor,J. St. Peter,3,0,64,343,398,429741,5135486,3,,
S1-24V,S1,S,CON,24,V,2007,15691,5-25,29,IRM,WH/SS/RC-2,AUGUST,7,2007,L. Taylor,J. St. Peter,3,0,44,325,359,429525,5135559,4,"Tags not installed. Stream ~ 25m away. * Believe tags were installed later, but not sure.",
S1-25VB,S1,S,CON,25,V,2006,50042,5-25,30,IRM,DF-2,APRIL,25,2006,L. Davis,S. Copeland,2,0,64,6,195,429855,5136470,7,Perennial stream ~35-40m downslope. N subplot loose.,
S1-26V,S1,S,CON,26,V,2006,50044,26-45,28,IRM,WH/SS/RC-2,MARCH,21,2006,L. Davis,S. Copeland,4,0,75,240,183,430765,5136254,2,Poor GPS accuracy. Location estimated from map. Measured to the plot from nearby seasonal stream. Seasonal stream is 30 m at 286 degrees from plot center.,
S1-27V,S1,S,CON,27,V,2006,50042,5-25,30,IRM,DF-2,APRIL ,5,2006,L. Davis,S. Copeland,4,0,58,322,258,430293,5135925,5,Lots of PCT slash.,
S1-28V,S1,S,CON,28,V,2007,50042,5-25,30,IRM,DF-2,JUNE,19,2007,J. St. Peter,L. Taylor,6,0,33,62,237,429541,5136659,4,,
S2-1V,S2,S,ROAD,1,V,2006,50043,26-45,34,IRM,RA-3,APRIL,26,2006,L. Davis,S. Copeland,5,3,80,148,185,430800,5135758,3,Stream ~10m from plot center. E subplot marker not installed (in sidepool of stream). Poor GPS accuracy. Difficult to locate from map (seasonal drainages hard to pick out). Estimated location from map.  Measured from stream.  ,
S2-2VB,S2,S,ROAD,2,V,2006,50085,26-45,49,IRM,WH/SS/RC-3,MARCH,14,2006,L. Davis,S. Copeland,3,0,43,89,379,430169,5134626,4,"Poor GPS accuracy. Small holly scattered through plot. Tagged new center tree, one of the old ones was dying (SC 11.30.2006).",
S2-3V,S2,S,ROAD,3,V,2006,50042,5-25,30,IRM,DF-2,APRIL ,5,2006,L. Davis,S. Copeland,4,0,70,148,282,430373,5135691,8,Thick salal in plot and vicinity. THIN changed to CON in TRT (SC 11.17.2006).,
S2-4V,S2,S,ROAD,4,V,2006,50085,26-45,49,IRM,WH/SS/RC-3,JULY,6,2006,L. Taylor,N. Gehres,5,11,85,305,229,430299,5135259,4,W subplot in stream bank.,
S2-5V,S2,S,ROAD,5,V,2006,50042,26-45,30,IRM,DF-2,APRIL,14,2006,L. Davis,S. Copeland,4,0,60,154,306,430014,5135213,5,Close to stream.,
S2-6V,S2,S,ROAD,6,V,2006,50085,26-45,49,IRM,WH/SS/RC-3,AUGUST,3,2006,S. McDowell,S. Copeland,3,0,68,278,376,430484,5134911,4,"2D fix. Just below ridge skid road. Collected on ED datalogger. MONTH, DAY, YEAR, EXAM1 and EXAM2 added from UNDERSTORY sheet (SC 11.14.2006).",
S2-7V,S2,S,ROAD,7,V,2006,50043,26-45,34,IRM,RA-3,AUGUST,4,2006,N. Gehres,S. Copeland,6,80,8,43,188,430918,5135982,4,Plot center in stream.  S subplot in stream. N subplot loose. All subplots could be lost in flood.,
S2-8V,S2,S,ROAD,8,V,2007,50042,5-25,30,IRM,DF-2,JULY,10,2007,R. Southworth,L. Taylor,3,0,48,180,306,430144,5135637,4,"Need spray paint. * I think trees were panted later, but not sure.",
S2-9VB,S2,S,ROAD,9,V,2006,50085,26-45,49,IRM,WH/SS/RC-3,MARCH,14,2006,L. Davis,S. Copeland,5,5,68,288,376,430325,5134780,3,Poor GPS reception. Location estimated from map (measured 93 m from upstream seasonal  drainage & 15 m upslope from stream). Perennial stream in NW/W section of plot. Was S2-os9.,
S2-10VB,S2,S,ROAD,10,V,2006,50085,26-45,49,IRM,WH/SS/RC-3,MARCH,14,2006,L. Davis,S. Copeland,2,0,44,350,370,430180,5134828,5,,
S2-11V,S2,S,ROAD,11,V,2006,50043,26-45,34,IRM,RA-3,AUGUST,4,2006,L. Taylor,S. McDowell,5,1,87,305,189,430846,5135836,4,"2D fix, but good GPS accuracy. 15m from stream on SW side. Plot center on game trail. Sambucus racemosa (elderberry) in plot was big enough to be called a tree, but wasn't counted because it is a shrub (SC 11.29.2006). Collected on ED datalogger. MONTH, DAY, YEAR, EXAM1 and EXAM2 added from UNDERSTORY sheet (SC 11.14.2006).",
S2-12V,S2,S,ROAD,12,V,2006,50042,26-45,30,IRM,DF-2,APRIL,14,2006,L. Davis,S. Copeland,4,2,84,95,256,430142,5135461,6,"Fair amount of slash in plot. Seasonal drainage just downslope. Holly in E section of plot, 2 plants, pulled.  S plot marker loose.",
S2-13V,S2,S,ROAD,13,V,2006,50042,26-45,30,IRM,DF-2,APRIL,14,2006,L. Davis,S. Copeland,6,8,58,105,323,429887,5135094,3,"Poor GPS accuracy. Measured from streams. Measured 35 along stream from seasonal stream S of plot, then measured 15 E from stream to establish plot center.",
S2-14VB,S2,S,ROAD,14,V,2006,50085,26-45,49,IRM,WH/SS/RC-3,APRIL ,5,2006,L. Davis,S. Copeland,4,0,80,268,314,430424,5135089,6,"THIN changed to CON in TRT (SC 11.17.2006). Holly by plot center, pulled (SC 11.29.2006). 30 hollies pulled 50m downslope of plot (SC 11.29.2006). No satellites for GPS to mark holly (SC 11.29.2006).",
S2-15V,S2,S,ROAD,15,V,2007,50042,26-45,30,IRM,DF-2,JULY,26,2007,R. Southworth,L. Taylor,4,0,51,70,258,430459,5135681,2,"2D fix. Cliff in E part of plot. To establish plot, center was measured out to be 30m W from the edge of decommisioned road (cliff). Very difficult to reach plot by crossing decommisioned road- safer to go a different way.",
S2-16V,S2,S,ROAD,16,V,2006,50087,26-45,32,IRM,WH/SS/RC-2,JULY,7,2006,N. Gehres,S. Copeland,3,0,36,343,289,430767,5135259,4,Poor GPS accuracy. W subplot wedged into stump. Exposed end of W subplot marker in subplot center location (leaning marker).,
S2-17V,S2,S,ROAD,17,V,2006,50085,26-45,49,IRM,WH/SS/RC-3,JUNE,14,2006,S. Copeland,L. Taylor,4,0,33,71,395,430114,5134535,7,"Collected on ED datalogger. MONTH, DAY, YEAR, EXAM1 and EXAM2 added from UNDERSTORY sheet (SC 11.14.2006).",
S2-18V,S2,S,ROAD,18,V,2006,50085,26-45,49,IRM,WH/SS/RC-3,JULY,6,2006,S. Copeland,S. McDowell,5,15,77,158,287,430118,5135149,4,"Stream ~10m NW (downhill). Collected on ED datalogger. MONTH, DAY, YEAR, EXAM1 and EXAM2 added from UNDERSTORY sheet (SC 11.14.2006).",
S2-19V,S2,S,ROAD,19,V,2006,50042,26-45,30,IRM,DF-2,APRIL,14,2006,L. Davis,S. Copeland,4,0,68,61,323,430024,5135431,3,Close to decommissioned road. E subplot near road. Poor GPS accuracy.,
S2-20VB,S2,S,ROAD,20,V,2006,50045,26-45,35,IRM,WH/SS/RC-3,APRIL ,5,2006,L. Davis,S. Copeland,3,0,60,125,202,430727,5135920,4,"Poor GPS accuracy. E subplot marker set in cedar log, loose. THIN changed to CON in TRT (SC 11.17.2006).",
S2-21V,S2,S,ROAD,21,V,2006,50085,26-45,49,IRM,WH/SS/RC-3,JUNE,14,2006,N. Gehres,S. McDowell,4,0,52,100,372,430215,5134727,6,,
S2-22V,S2,S,ROAD,22,V,2007,50087,26-45,32,IRM,WH/SS/RC-2,JUNE,12,2007,N. Hill,L. Taylor,2,0,45,89,222,430908,5135670,4,"Center of plot just down from ridge, but plot extends to ridgetop. lots of cedar slash.",
S2-23VB,S2,S,ROAD,23,V,2006,50085,26-45,49,IRM,WH/SS/RC-3,MARCH,14,2006,L. Davis,S. Copeland,3,0,62,8,286,430087,5135113,6,Added 'VB' to site id (LRD 05.05.2008),
S2-24VB,S2,S,ROAD,24,V,2006,50085,26-45,49,IRM,WH/SS/RC-3,MARCH,14,2006,L. Davis,S. Copeland,5,10,76,56,242,430269,5135167,3,E subplot offset because of large log (should be on top of log). Riparian area. Perennial stream ~ 15-20 m NE of center (downslope).,
S2-25V,S2,S,ROAD,25,V,2006,50042,26-45,30,IRM,DF-2,APRIL,26,2006,L. Davis,S. Copeland,4,0,80,6,167,430510,5135537,5,"Perennial stream ~20m downslope. Plot center loose. Lots of road fill in plot (large, loose rocks).",
S2-26V,S2,S,ROAD,26,V,2007,50087,26-45,32,IRM,WH/SS/RC-2,JUNE,12,2007,J. St. Peter,R. Southworth,5,15,90,285,158,430719,5135455,3,"2D fix. 15 meters to stream, 50 meters to road",
S2-27V,S2,S,ROAD,27,V,2007,50042,26-45,30,IRM,DF-2,JUNE,7,2007,N. Hill,R. Southworth,3,0,34,139,395,429783,5135345,4,,
S2-28V,S2,S,ROAD,28,V,2006,50042,5-25,30,IRM,DF-2,APRIL,14,2006,L. Davis,S. Copeland,2,0,48,57,267,430234,5135393,5,"In slash pile and thick salal.  Poor GPS accuracy, within 10-15m of plot.",
S3-1VB,S3,S,THIN,1,V,2006,50086,26-45,29,IRM,DF-2,FEBRUARY,28,2006,L. Davis,S. Copeland,4,2,47,44,238,431522,5135095,4,Seasonal stream in E section of plot. Holly by east subplot (SC 11.29.2006),
S3-2V,S3,S,THIN,2,V,2006,50087,26-45,32,IRM,WH/SS/RC-2,APRIL,21,2006,L. Davis,S. Copeland,2,0,52,117,193,431279,5135217,6,,
S3-3V,S3,S,THIN,3,V,2006,50086,26-45,29,IRM,DF-2,FEBRUARY,28,2006,L. Davis,S. Copeland,4,0,68,340,312,431089,5134724,4,Poor GPS accuracy.,
S3-4V,S3,S,THIN,4,V,2007,50086,26-45,29,IRM,DF-2,JULY,17,2007,J. St. Peter,L. Taylor,3,0,81,297,368,431092,5134481,4,Road ~ 18M from center,
S3-5VB,S3,S,THIN,5,V,2006,50086,26-45,29,IRM,DF-2,FEBRUARY,28,2006,L. Davis,S. Copeland,4,0,98,12,206,431193,5134934,4,,
S3-6VB,S3,S,THIN,6,V,2006,50086,26-45,29,IRM,DF-2,MARCH ,3,2006,L. Davis,S. Copeland,3,0,78,306,185,431799,5135245,4,Loose soils. Seasonal (marked on map as perennial) stream downslope.,
S3-7V,S3,S,THIN,7,V,2006,50087,26-45,32,IRM,WH/SS/RC-2,APRIL,21,2006,L. Davis,S. Copeland,1,0,55,83,241,431096,5135104,6,,
S3-8V,S3,S,THIN,8,V,2006,50086,26-45,29,IRM,DF-2,JUNE,28,2006,L. Taylor,S. Copeland,4,0,72,95,363,430927,5134374,3,"Poor GPS accuracy. 2D fix. Measured 120 m at 356 degrees from road. Collected on ED datalogger. MONTH, DAY, YEAR, EXAM1 and EXAM2 added from UNDERSTORY sheet (SC 11.14.2006).",
S3-9V,S3,S,THIN,9,V,2006,50086,26-45,29,IRM,DF-2,JULY,12,2006,N. Gehres,S. Copeland,5,0,87,3,204,431754,5135166,4,Poor GPS accuracy. Measured 86 m at 214 degrees from S3- 6V. Loose soils.,
S3-10V,S3,S,THIN,10,V,2007,50040,26-45,27,IRM,WH/SS/RC-2,JUNE,20,2007,R. Southworth,L. Taylor,6,7,55,96,107,431865,5135637,2,2D fix. Large stream running through SE side of plot. 7% stream bed; 3% under water. ,
S3-11V,S3,S,THIN,11,V,2006,50087,26-45,32,IRM,WH/SS/RC-2,AUGUST,3,2006,S. Copeland,S. McDowell,3,0,70,116,325,430616,5135148,6,"Collected on ED datalogger. MONTH, DAY, YEAR, EXAM1 and EXAM2 added from UNDERSTORY sheet (SC 11.14.2006).",
S3-12VB,S3,S,THIN,12,V,2006,50086,26-45,29,IRM,DF-2,FEBRUARY,28,2006,L. Davis,S. Copeland,2,0,58,38,356,430852,5134463,3,"Rebar and center stake wedged in cedar log, may come out (SC 11.30.2006).",
S3-13V,S3,S,THIN,13,V,2006,50086,26-45,29,IRM,DF-2,JUNE,28,2006,N. Gehres,S. McDowell,4,15,95,316,352,431010,5134382,5,,
S3-14V,S3,S,THIN,14,V,2006,50041,26-45,,,RA-3,AUGUST,2,2006,L. Taylor,S. Copeland,6,40,0,338,110,431984,5135895,3,"W and N subplots on edge of stream. Aspect taken for direction stream is flowing. Plot center ~2 m from main channel. E subplot marker loose (in cedar).  Collected on ED datalogger. MONTH, DAY, YEAR, EXAM1 and EXAM2 added from UNDERSTORY sheet (SC 11.14.2006).","Age unknown, no cruise data (likely ~30-45yrs)"
S3-15V,S3,S,THIN,15,V,2006,n/a,26-45,,,,MARCH ,3,2006,L. Davis,S. Copeland,3,0,37,274,405,430395,5134213,4,Perennial stream ~50m W of plot (downslope).,not our property; prob similar to stand 50085
S3-16V,S3,S,THIN,16,V,2007,n/a,26-45,,,,JUNE,4,2007,N. Hill,R. Southworth,3,17,16,90,380,430272,5134181,3,2D fix,not our property; prob similar to stand 50085
S3-17V,S3,S,THIN,17,V,2006,50039,5-25,25,IRM,DF-2,MARCH ,3,2006,L. Davis,S. Copeland,4,5,32,14,152,431661,5135337,4,Seepy area near plot center. Thick salal. Poor GPS accuracy. N subplot marker loose.,
S3-18V,S3,S,THIN,18,V,2006,50086,26-45,29,IRM,DF-2,FEBRUARY,28,2006,L. Davis,S. Copeland,5,0,85,262,333,430982,5134532,2,"Poor GPS accuracy. 2D fix. Location estimated from map. 15m from main stem stream, midway between two side drainages.",
S3-19V,S3,S,THIN,19,V,2006,50086,26-45,29,IRM,DF-2,JULY,12,2006,L. Taylor,S. McDowell,4,0,79,338,210,431328,5135050,6,"Collected on ED datalogger. MONTH, DAY, YEAR, EXAM1 and EXAM2 added from UNDERSTORY sheet (SC 11.14.2006).",
S3-20VB,S3,S,THIN,20,V,2006,50085,26-45,49,IRM,WH/SS/RC-3,APRIL,21,2006,L. Davis,S. Copeland,2,0,50,24,320,430731,5134882,6,Plot center under large rootwad. 3 holly plants pulled at plot  (SC 11.29.2006). Many (4+) overturned large (60 cm +) stumps not tallied (SC 11.29.2006).,
S3-21V,S3,S,THIN,21,V,2006,50039,5-25,25,IRM,DF-2,MARCH ,3,2006,L. Davis,S. Copeland,7,0,15,91,158,431952,5135452,5,Flat on moist ground. 1 holly plant pulled at plot (SC 11.29.2006). N subplot ~ 12 degrees (E) off (SC 11.29.2006).,
S3-22VB,S3,S,THIN,22,V,2006,50085,26-45,49,IRM,WH/SS/RC-3,APRIL,21,2006,L. Davis,S. Copeland,4,0,82,116,262,430777,5134715,4,Poor GPS accuracy (~10-15m EPE). Perennial stream ~20-25m downslope. Found holly in plot (by E subplot) - pulled 23 plants (SC 11.29.2006).,
S3-23V,S3,S,THIN,23,V,2006,50039,5-25,25,IRM,DF-2,MARCH ,3,2006,L. Davis,S. Copeland,3,0,72,255,118,432087,5135637,6,Was S3-os9. Small perennial  stream ~20m SW downslope.  Lots of salal.,
S3-24V,S3,S,THIN,24,V,2007,50086,26-45,29,IRM,DF-2,JUNE,20,2007,N. Hill,J. St. Peter,4,35,33,300,181,432179,5135428,4,"NAD83, Center in sweep",
S3-25V,S3,S,THIN,25,V,2006,50085,26-45,49,IRM,WH/SS/RC-3,AUGUST,3,2006,S. McDowell,S. Copeland,3,0,40,87,403,430304,5134319,4,"Near skid trail. Collected on ED datalogger. MONTH, DAY, YEAR, EXAM1 and EXAM2 added from UNDERSTORY sheet (SC 11.14.2006).",
S3-26V,S3,S,THIN,26,V,2006,n/a,26-45,,,,JUNE,28,2006,N. Gehres,S. McDowell,3,0,46,335,456,430915,5134170,5,,not our property; prob similar to stand 50086
S3-27V,S3,S,THIN,27,V,2007,50086,26-45,29,IRM,DF-2,JULY,17,2007,R. Southworth,N. Hill,3,0,105,338,328,431212,5134733,4,Road running through NW plot.,
S3-28V,S3,S,THIN,28,V,2006,50087,26-45,32,IRM,WH/SS/RC-2,APRIL,21,2006,L. Davis,S. Copeland,4,0,71,158,225,431016,5134982,4,Poor GPS accuracy (~10-15m EPE).,
