SITE_ID,BASIN,PLOT,TAG,SPP,AZ,SDIST,HDST,DBH,DBH (INCHES),HT,PRESENCE,DECAY CLASS,HEALTH,WILDLIFE USE,REMARKS
C1-3V,C1,3,64,TSHE,57,4.2,3.5,19.1,7.5,3.1,1,3,N,1,
C1-3V,C1,3,69,TSHE,97,7.8,7,43.4,17.1,13.9,1,3,N,1,
C1-3V,C1,3,73,TSHE,136,12.9,12.7,33.8,13.3,9.6,1,2,N,1,
C1-3V,C1,3,74,TSHE,155,5,5,22.9,9,8.8,1,1,N,0,
C1-3V,C1,3,75,TSHE,163,16.5,16.2,37.8,14.9,6.6,1,1,N,0,
C1-3V,C1,3,97,TSHE,329,9.2,9,23.1,9.1,3.1,1,2,N,1,
C1-5V,C1,5,867,PISI,120,3.8,3.8,47.5,18.7,2.2,1,3,N,2,
C1-5V,C1,5,884,TSHE,215,16.1,16.1,45,17.7,8.8,1,1,N,0,
C1-5V,C1,5,908,TSHE,333,3.9,3.3,27.7,10.9,4.8,1,2,N,1,
C1-5V,C1,5,914,TSHE,351,10.5,9.5,22.1,8.7,3.3,1,2,N,0,TGT w/ 913
C1-7VB,C1,7,266,TSHE,19,17.3,16.1,20.8,8.2,4,1,1,N,0,
C1-7VB,C1,7,269,TSHE,24,13.9,12.8,26.2,10.3,9.1,1,1,N,0,
C1-7VB,C1,7,282,TSHE,109,17.7,17.3,38.4,15.1,6,1,1,N,0,
C1-7VB,C1,7,285,TSHE,111,15.2,14.9,19.1,7.5,1.9,1,1,N,1,
C1-7VB,C1,7,293,TSHE,153,17,16.9,36.1,14.2,1.5,1,1,N,0,Harvested above BH
C1-7VB,C1,7,305,TSHE,241,10.7,10.4,45,17.7,12,1,2,N,2,Big mushrooms
C1-8VB,C1,8,1367,TSHE,12,8.8,8.1,27.4,10.8,2.9,1,1,N,0,
C1-8VB,C1,8,1368,THPL,26,6.7,6.5,203.2,80,8.5,1,3,N,1,
C1-8VB,C1,8,1372,TSHE,40,13.6,12.3,38.4,15.1,9.4,1,1,N,1,
C1-8VB,C1,8,1388,TSHE,140,6.1,6,27.4,10.8,,1,1,N,1,
C1-8VB,C1,8,1404,THPL,210,8.5,8.1,28.7,11.3,2.7,1,2,N,0,
C1-8VB,C1,8,1411,TSHE,248,16.7,16,21.1,8.3,4.7,1,3,N,2,
C1-8VB,C1,8,1420,THPL,300,12.6,12.4,154.4,60.8,3.5,1,4,N,2,MISSING PART OF TRUNK
C1-8VB,C1,8,1422,TSHE,304,17.2,17,48.3,19,7,1,2,N,2,
C1-14VB,C1,14,240,THPL,241,3.9,3.3,23.6,9.3,14.8,1,2,N,2,
C1-14VB,C1,14,2792,THPL,285,12.1,11.1,45.2,17.8,13,1,1,N,0,FORMERLY TAG # 248
C1-17V,C1,17,690,TSHE,62,18.1,16.3,19.3,7.6,4.1,1,2,N,1,
C1-17V,C1,17,724,THPL,252,3.2,2.7,72.6,28.6,3.8,1,4,N,1,Very irregular shape; DBH may not be reflective of actual size
C1-25VB,C1,25,511,PSME,28,7.3,5.8,17,6.7,10.4,1,1,N,0,
C1-25VB,C1,25,514,PSME,43,21,17.2,23.9,9.4,8.6,1,3,N,1,
C1-25VB,C1,25,534,PSME,119,10.6,10.6,15.2,6,9.1,1,2,N,0,
C1-25VB,C1,25,536,PSME,121,5.7,5.6,28.4,11.2,11,1,1,N,0,
C1-25VB,C1,25,537,PSME,134,14.4,14.1,21.1,8.3,16.7,1,1,N,0,
C1-25VB,C1,25,539,PSME,143,13.3,12.7,16.5,6.5,11.8,1,1,N,1,
C1-25VB,C1,25,546,PSME,172,12.3,10.1,17.5,6.9,7.4,1,2,N,0,
C1-25VB,C1,25,548,PSME,174,5,4,19.6,7.7,9.9,1,2,N,0,
C1-25VB,C1,25,551,PSME,190,18.2,15.2,15.7,6.2,10.9,1,1,N,0,
C1-25VB,C1,25,563,PSME,221,9.4,7.4,20.1,7.9,11,1,1,N,0,
C1-25VB,C1,25,569,TSHE,255,14.6,13.9,17.5,6.9,9.1,1,3,N,0,
C1-25VB,C1,25,572,TSHE,275,4.4,4.4,20.3,8,11,1,1,N,1,
C1-25VB,C1,25,2961,TSHE,207,22.2,17.4,17.5,6.9,8.4,1,1,N,0,"TGT w/2960. Was tag 561. In OLD data set, data for trees 560 and 561 were switched. "
C1-26V,C1,26,917,THPL,241,1.6,1.6,15.2,6,1.8,1,4,N,2,
C1-26V,C1,26,917,THPL,241,1.6,1.6,15.2,6,1.8,1,4,N,2,
C2-4V,C2,4,329,TSHE,45,7.6,7,16.5,6.5,4.3,1,2,N,0,
C2-4V,C2,4,335,TSHE,254,15,14.4,18,7.1,3.5,1,2,N,0,
C2-4V,C2,4,336,TREEC,266,13.5,13.5,40.9,16.1,2.2,1,4,N,2,
C2-4V,C2,4,338,TSHE,345,14,11.7,17,6.7,8.9,1,1,N,0,
C2-4V,C2,4,339,TSHE,346,14,11.7,18,7.1,10.1,1,1,N,0,Estimated distance and azimuth
C2-4V,C2,4,2492,TSHE,108,,10.5,15.2,6,5.2,1,1,N,0,Estimated distance and azimuth
C2-4V,C2,4,3084,TSHE,298,,17,15.7,6.2,11,1,2,N,0,
C2-5VB,C2,5,1,PSME,357,16.9,16.6,17,6.7,15.7,1,1,N,0,
C2-5VB,C2,5,19,PSME,84,11.9,11.7,20.6,8.1,15.5,1,1,N,0,
C2-5VB,C2,5,29,PSME,128,7.6,7.6,15.5,6.1,10.8,1,1,N,0,
C2-5VB,C2,5,66,PSME,274,16.7,16.6,16.8,6.6,13.3,1,1,N,0,
C2-5VB,C2,5,76,PSME,308,9.9,9.8,18.8,7.4,15,1,1,N,0,
C2-5VB,C2,5,84,PSME,350,10.4,10.4,19.6,7.7,17.3,1,1,N,0,FK1 w/ 85
C2-5VB,C2,5,85,PSME,351,10.6,10.6,20.6,8.1,17.1,1,1,N,0,FK1 w/ 84
C2-5VB,C2,5,86,PSME,352,15.1,15,14.7,5.8,10.4,1,1,N,1,
C2-5VB,C2,5,2800,TREEC,166,16.1,16,17.8,7,11.8,1,1,N,0,
C2-11VB,C2,11,94,PSME,41,9.6,8.9,17.8,7,13.4,1,1,N,0,
C2-11VB,C2,11,111,PSME,77,13.6,13,18.5,7.3,10.4,1,1,N,0,
C2-11VB,C2,11,130,PSME,140,13.3,13.2,15.2,6,16,1,1,N,0,
C2-11VB,C2,11,140,PSME,169,18.7,17.4,15.2,6,14.9,1,1,N,0,
C2-11VB,C2,11,150,PSME,198,14.1,12.5,19.8,7.8,15.5,1,1,N,0,
C2-11VB,C2,11,166,PSME,248,17.5,15.7,16,6.3,13,1,1,N,0,
C2-11VB,C2,11,170,PSME,255,17.3,15.9,18.5,7.3,13.4,1,1,N,0,
C2-11VB,C2,11,172,PSME,257,8.4,8,15.7,6.2,11,1,1,N,0,
C2-11VB,C2,11,178,PSME,279,8.4,8.2,19.1,7.5,14.6,1,1,N,0,
C2-11VB,C2,11,179,PSME,282,10.9,10.7,18.8,7.4,9.8,1,1,N,0,
C2-11VB,C2,11,184,PSME,297,10,10,14.5,5.7,8.7,1,2,N,1,
C2-11VB,C2,11,194,PSME,334,4,3.8,21.8,8.6,12.3,1,1,N,0,
C2-11VB,C2,11,204,PSME,351,2.2,2.1,18.5,7.3,15.7,1,1,N,0,
C2-11VB,C2,11,2940,PSME,88,17.8,17.3,15,5.9,13.5,1,1,N,0,
C2-11VB,C2,11,2942,PSME,78,15,14.4,15,5.9,11.9,1,1,N,1,
C2-12VB,C2,12,1238,ALRU2,84,8.2,8.1,40.4,15.9,9.5,1,1,N,0,FK1 w/ 1239
C2-12VB,C2,12,1239,ALRU2,84,8.3,8.2,31.2,12.3,14.9,1,1,N,0,FK1 w/ 1238
C2-12VB,C2,12,1249,THPL,154,12.5,9.9,16.3,6.4,12.9,1,2,N,1,TGT w/ 1250
C2-12VB,C2,12,1261,TSHE,206,18.5,17.1,25.7,10.1,,1,1,N,1,TGT w/ 1262
C2-13V,C2,13,1041,ALRU2,21,14,13.8,44.7,17.6,30.1,1,1,N,0,
C2-13V,C2,13,1044,THPL,57,5.3,5.3,26.4,10.4,1.8,1,2,N,0,
C2-13V,C2,13,1045,THPL,56,16,15.5,15,5.9,9.9,1,2,N,1,
C2-13V,C2,13,1047,TSHE,63,17.8,17,42.2,16.6,5.4,1,1,N,1,
C2-13V,C2,13,1056,TSHE,89,19.6,17.1,15.7,6.2,4.1,1,2,N,1,
C2-13V,C2,13,1059,TSHE,101,18,15.7,18.5,7.3,1.9,1,1,N,1,
C2-13V,C2,13,1069,TSHE,179,11.1,10.7,86.1,33.9,24,1,1,N,1,
C2-13V,C2,13,1077,TSHE,270,10.7,9.9,24.9,9.8,6.8,1,2,N,0,
C2-13V,C2,13,1080,TSHE,297,14.9,13.9,32.3,12.7,1.7,1,3,N,1,
C2-13V,C2,13,2076,TSHE,128,18.4,15.6,18,7.1,3.5,1,2,N,1,Was tag 1063
C2-15VB,C2,15,1404,TSHE,32,18,17.3,21.6,8.5,1.8,1,1,N,0,1.8 METERS UP SNAPPED/TOP ON GROUND
C2-15VB,C2,15,1416,TSHE,97,15.1,10.4,17,6.7,2,1,2,N,0,
C2-15VB,C2,15,1463,THPL,265,4.9,4.5,14.2,5.6,7.3,1,1,N,0,
C2-15VB,C2,15,1470,TSHE,344,18.4,14.4,19.1,7.5,7.3,1,2,N,0,
C2-15VB,C2,15,1473,ALRU2,349,11.2,9.8,23.9,9.4,19.3,1,1,N,0,
C2-15VB,C2,15,1474,ALRU2,349,10.5,9.3,31.8,12.5,23.5,1,1,N,0,
C2-15VB,C2,15,1475,ALRU2,349,11,9.5,16,6.3,25.2,1,1,N,0,
C2-17VB,C2,17,815,PSME,129,12.7,10.3,20.3,8,15.3,1,1,N,0,
C2-17VB,C2,17,829,TSHE,171,18.7,15,14.2,5.6,10.3,1,1,N,0,
C2-17VB,C2,17,991,PSME,28,8.5,8.1,16.3,6.4,13.2,1,1,N,0,
C2-17VB,C2,17,993,ALRU2,33,14.1,13.6,18.5,7.3,11,1,1,N,0,
C2-17VB,C2,17,998,PSME,55,12.1,12,18,7.1,10.9,1,1,N,0,
C2-17VB,C2,17,2681,TREEC,242,5.2,4.9,15,5.9,5.6,1,1,N,0,
C2-17VB,C2,17,2688,TSHE,254,2,1.8,14.5,5.7,7,1,1,N,0,
C2-20VB,C2,20,1304,THPL,49,21.9,17.7,14.5,5.7,5.4,1,3,N,2,
C2-20VB,C2,20,1309,THPL,81,12.9,12.3,15.5,6.1,3.9,1,3,N,2,
C2-20VB,C2,20,1322,PSME,170,15.6,13,16.8,6.6,12.8,1,1,N,0,
C2-20VB,C2,20,1323,PSME,180,17.7,15,17,6.7,10.6,1,1,N,0,
C2-20VB,C2,20,1350,PSME,273,16,15.5,19.1,7.5,10.9,1,1,N,0,
C2-23VB,C2,23,653,PSME,4,13.7,12.8,16.8,6.6,2.6,1,2,N,0,
C2-23VB,C2,23,714,PSME,276,14.5,13.7,17,6.7,12.4,1,1,N,1,
C2-23VB,C2,23,719,PSME,299,8.7,8.5,14.7,5.8,7.7,1,1,N,0,
C2-23VB,C2,23,725,PSME,318,10.3,10.3,15,5.9,5.5,1,1,N,0,
C2-26V,C2,26,1086,THPL,2,6.6,6.2,13.2,5.2,10.7,1,1,N,0,TGT w/ 1087 and a dead sapling
C2-26V,C2,26,1113,TSHE,90,15.3,14.8,41.7,16.4,8.5,1,1,N,1,
C2-26V,C2,26,1178,TSHE,293,11.9,11.9,19.6,7.7,7.9,1,1,N,0,
C2-26V,C2,26,2070,TSHE,105,,9.5,54.6,21.5,20.2,1,1,N,2,May have been tag 1116 but not completely sure
C2-26V,C2,26,2395,TSHE,360,16.1,16,61.7,24.3,5.4,1,2,N,1,Was tag 1085. Hollow but has bark
N1-2V,N1,2,984,PSME,70,2,1.8,20.3,8,10.4,1,1,N,,
N1-2V,N1,2,1532,TSHE,342,15,15,23.1,9.1,6.7,1,3,N,1,
N1-3V,N1,3,2880,TSHE,232,,6,14.7,5.8,8.3,1,2,N,0,Distance and azimuth estimated due to limited visibility 
N1-3V,N1,3,2890,TREEC,320,,9.5,17.3,6.8,6.6,1,2,N,1,Distance and azimuth estimated due to limited visibility 
N1-7VB,N1,7,527,TSHE,3,13.9,13.6,35.3,13.9,5.7,1,1,N,0,
N1-7VB,N1,7,535,TSHE,56,19.8,17.5,19.1,7.5,13.9,1,1,N,0,
N1-7VB,N1,7,539,TSHE,71,13.5,10.8,14.7,5.8,2,1,2,N,2,
N1-7VB,N1,7,552,TSHE,149,19.2,14.2,32,12.6,9.1,1,2,N,1,
N1-7VB,N1,7,559,TSHE,178,15.7,12.9,22.9,9,13.3,1,1,N,0,
N1-7VB,N1,7,561,TSHE,190,10.2,8.7,14.7,5.8,6.1,1,1,N,0,
N1-7VB,N1,7,563,TSHE,194,3.4,3.1,17.8,7,12.6,1,1,N,0,
N1-7VB,N1,7,575,TSHE,276,14,12.3,41.1,16.2,7.8,1,2,N,2,
N1-7VB,N1,7,581,TSHE,334,18.2,16.5,15.7,6.2,11.8,1,1,N,0,
N1-8VB,N1,8,400,TSHE,24,15.3,15,33,13,4.4,1,2,N,1,
N1-8VB,N1,8,403,THPL,39,14.7,13.6,14.7,5.8,12.9,1,1,N,0,
N1-8VB,N1,8,449,THPL,224,3.6,3.3,14.5,5.7,6.6,1,2,N,0,
N1-8VB,N1,8,477,TSHE,337,11.4,11,19.3,7.6,9.6,1,2,N,2,
N1-12VB,N1,12,127,THPL,18,16.7,16.7,18.3,7.2,11.6,1,1,N,0,
N1-12VB,N1,12,129,THPL,28,5.5,5.5,22.1,8.7,13.4,1,1,N,0,
N1-12VB,N1,12,135,TSHE,51,17.3,17,41.4,16.3,30.4,1,1,N,0,
N1-12VB,N1,12,137,THPL,54,17.7,16.9,20.3,8,13.1,1,1,N,0,
N1-12VB,N1,12,140,TSHE,74,17.4,15.9,31,12.2,25,1,2,N,0,
N1-12VB,N1,12,142,TSHE,80,10.8,10,29.2,11.5,4,1,1,N,1,
N1-12VB,N1,12,143,TSHE,89,19.9,17.4,16.3,6.4,3.2,1,2,N,0,
N1-12VB,N1,12,145,TSHE,102,15.2,13.6,14.5,5.7,3.2,1,4,N,2,
N1-12VB,N1,12,152,TSHE,141,13,11.5,19.6,7.7,5.9,1,2,N,0,
N1-12VB,N1,12,155,TSHE,151,16.5,14.8,24.6,9.7,21.8,1,1,N,1,
N1-12VB,N1,12,162,TSHE,185,4.4,4.4,17.3,6.8,4.4,1,3,N,1,
N1-12VB,N1,12,164,THPL,196,14.6,14.6,16.5,6.5,10.6,1,2,N,1,
N1-12VB,N1,12,167,TSHE,209,12.4,12.4,15.2,6,10.8,1,2,N,1,
N1-12VB,N1,12,175,TSHE,230,8.8,8.4,16.3,6.4,10,1,2,N,1,
N1-12VB,N1,12,183,TSHE,264,4.4,3.7,18.8,7.4,6.2,1,1,N,0,
N1-12VB,N1,12,185,TSHE,270,10.3,8.8,27.9,11,6.8,1,2,N,1,
N1-12VB,N1,12,189,TSHE,285,19.4,16.8,16.5,6.5,2.2,1,2,N,0,
N1-12VB,N1,12,196,TSHE,312,13.2,11.5,22.4,8.8,17.3,1,2,N,1,
N1-12VB,N1,12,198,TSHE,320,18.5,16.3,19.1,7.5,2.8,1,2,N,1,
N1-12VB,N1,12,204,TSHE,339,13.7,12.7,18.3,7.2,12.6,1,2,N,0,
N1-13V,N1,13,1732,TSHE,233,7.6,7.3,102.1,40.2,2.9,1,4,N,2,"REMNANT BARK, MOSTLY HOLLOW"
N1-14VB,N1,14,2200,TREE,325,,,15.7,6.2,9.8,1,1,N,2,
N1-16V,N1,16,279,TSHE,21,14.7,14.6,30,11.8,4.2,1,2,N,0,
N1-16V,N1,16,289,TSHE,76,13.8,11.6,22.9,9,,1,1,N,0,
N1-16V,N1,16,297,TSHE,129,14.4,12.7,32.5,12.8,5.5,1,2,N,2,
N1-16V,N1,16,299,TSHE,140,9.6,8.9,28.4,11.2,10.8,1,1,N,0,
N1-16V,N1,16,300,THPL,144,18.7,17.1,16.8,6.6,8.5,1,1,N,0,
N1-16V,N1,16,304,THPL,159,17.8,17.3,18.3,7.2,11.5,1,1,N,0,
N1-16V,N1,16,308,TSHE,169,8.9,8.9,19.6,7.7,11.5,1,2,N,0,
N1-16V,N1,16,311,TSHE,192,14.4,14.1,26.2,10.3,15.5,1,2,N,0,
N1-16V,N1,16,313,TSHE,199,15.5,14.9,60.2,23.7,6.9,1,1,N,0,
N1-16V,N1,16,317,TSHE,221,16.2,14.2,37.6,14.8,2,1,4,N,1,
N1-16V,N1,16,328,THPL,268,17.9,16.8,32.3,12.7,12.9,1,2,N,0,
N1-16V,N1,16,333,TSHE,297,15.4,13.8,29,11.4,,1,2,N,1,
N1-16V,N1,16,336,TSHE,304,9.5,8.8,23.9,9.4,,1,1,N,0,
N1-16V,N1,16,342,THPL,336,8.6,7.8,68.3,26.9,3,1,4,N,2,
N1-16V,N1,16,2215,THPL,85,18.6,15.2,13.7,5.4,6,1,4,N,0,Formerly tag # 290
N1-16V,N1,16,2216,TSHE,140,6.9,6.4,27.4,10.8,3.8,1,2,N,1,Formerly tag # 298
N1-17VB,N1,17,915,TSHE,330,11.8,10,19.6,7.7,5.6,1,2,N,1,
N1-17VB,N1,17,3604,TREEC,352,,17,15.5,6.1,9.2,1,2,N,2,
N1-18VB,N1,18,598,TSHE,40,16.1,16,21.3,8.4,6.1,1,1,N,0,
N1-18VB,N1,18,612,TSHE,90,9.1,8.5,21.6,8.5,2.1,1,4,N,1,
N1-18VB,N1,18,614,TSHE,95,15.8,14.2,21.3,8.4,4.2,1,2,N,1,
N1-18VB,N1,18,616,TSHE,106,18.7,16.8,31,12.2,10.1,1,1,N,0,
N1-18VB,N1,18,623,TSHE,154,5,4.8,45,17.7,3.3,1,2,N,1,
N1-18VB,N1,18,629,TSHE,184,17,16.9,16.3,6.4,4.1,1,2,N,0,
N1-18VB,N1,18,631,TSHE,188,13.4,13.4,15.2,6,12.6,1,1,N,0,
N1-18VB,N1,18,643,TSHE,243,13.4,12.8,16.3,6.4,5.3,1,1,N,0,
N1-18VB,N1,18,646,TSHE,246,14.2,13.5,18.8,7.4,6,1,2,N,0,
N1-18VB,N1,18,647,TSHE,246,14.2,13.4,19.1,7.5,17.5,1,1,N,0,
N1-18VB,N1,18,648,TSHE,252,18.4,17.4,20.6,8.1,9.4,1,2,N,0,
N1-18VB,N1,18,651,TSHE,255,12.4,11.5,18.3,7.2,3.2,1,2,N,1,TGT 650 AND 651
N1-18VB,N1,18,653,THPL,270,12.4,11.4,179.1,70.5,31.8,1,3,N,2,"PART OF TRUNK MISSING, DBH A CHALLENGE"
N1-18VB,N1,18,663,TSHE,292,17.4,16.1,15,5.9,18.7,1,1,N,0,
N1-18VB,N1,18,668,TSHE,312,15.7,14.2,17.5,6.9,,1,2,N,1,
N1-18VB,N1,18,673,TSHE,330,8.3,7.5,16.5,6.5,12,1,1,N,1,
N1-18VB,N1,18,674,TSHE,331,8.9,8.1,40.1,15.8,11.3,1,1,N,1,
N1-18VB,N1,18,678,TSHE,348,13.9,13,16.3,6.4,2.9,1,1,N,1,
N1-18VB,N1,18,679,TSHE,349,4.4,13.6,50.8,20,2.9,1,2,N,1,
N1-18VB,N1,18,680,TSHE,350,13.9,13.1,15.5,6.1,3.7,1,1,N,1,
N1-19V,N1,19,382,TSHE,287,16.1,13.1,83.1,32.7,3.5,1,4,N,0,
N1-19V,N1,19,392,TSHE,334,10.5,9.5,64.8,25.5,14.8,1,2,N,2,
N1-20V,N1,20,214,TSHE,20,16.8,16.5,17.3,6.8,9.2,1,1,N,0,
N1-20V,N1,20,217,THPL,27,9.6,9.6,105.2,41.4,2.5,1,3,N,2,
N1-20V,N1,20,222,PSME,69,2.1,2.1,18,7.1,15.2,1,1,N,0,
N1-20V,N1,20,228,TREEC,118,10.7,9.6,10.2,4,2.2,1,5,N,1,
N1-20V,N1,20,2288,PSME,198,16.1,15.4,15.2,6,,1,1,N,0,
N1-21VB,N1,21,56,TSHE,8,12.9,12.5,40.1,15.8,5.6,1,1,N,1,
N1-21VB,N1,21,60,TSHE,41,16.6,15.2,16,6.3,17.2,1,1,N,0,
N1-21VB,N1,21,82,TSHE,145,17.5,17.3,15.2,6,13.2,1,1,N,0,
N1-21VB,N1,21,87,TSHE,169,11.4,11.4,27.4,10.8,3.7,1,1,N,1,
N1-21VB,N1,21,90,THPL,185,15.6,15.8,139.2,54.8,13.8,1,4,N,0,
N1-21VB,N1,21,92,TSHE,191,17,16.8,14.7,5.8,1.7,1,2,N,1,
N1-21VB,N1,21,116,TSHE,282,13.8,12.4,77.5,30.5,3.1,1,2,N,1,
N1-21VB,N1,21,120,TSHE,300,10.3,9.7,19.8,7.8,2.6,1,2,N,1,
N1-21VB,N1,21,123,TSHE,350,10,10,21.1,8.3,11.3,1,1,N,0,
N1-21VB,N1,21,125,TSHE,357,16.1,16,47,18.5,14.8,1,2,N,1,
N1-22V,N1,22,17,TSHE,111,4.3,3.5,22.4,8.8,7.2,1,2,N,2,No bark remianing
N1-22V,N1,22,25,TSHE,148,20.4,16.7,40.1,15.8,2.2,1,4,N,1,
N1-22V,N1,22,50,TSHE,351,2.8,2.8,24.1,9.5,6.8,1,2,N,1,
N1-22V,N1,22,3664,TSHE,348,,10.5,15.2,6,7.4,1,1,N,0,
N1-22V,N1,22,3672,TREEC,256,,8,27.2,10.7,21.8,1,1,N,1,
N1-22V,N1,22,3673,TREEC,252,,10,18.3,7.2,9.5,1,2,N,2,
N1-22V,N1,22,3747,PSME,67,19.4,14,30.7,12.1,12,1,1,N,0,Previously 007
N1-24VB,N1,24,1919,THPL,199,10.9,10.9,34.3,13.5,2,1,3,N,2,
N1-24VB,N1,24,1926,THPL,231,10.4,10.2,85.9,33.8,3.4,1,3,N,2,
N1-24VB,N1,24,1952,THPL,194,6.5,6.4,54.9,21.6,2.2,1,3,N,0,
N1-24VB,N1,24,2184,PSME,238,10.2,10,28.7,11.3,14.6,1,1,N,0,Porcupine damage
N1-25VB,N1,25,858,TSHE,89,6.4,6.2,15.5,6.1,3.3,1,2,N,1,
N1-25VB,N1,25,887,TSHE,262,13.9,13.8,26.2,10.3,3.6,1,2,N,0,
N1-25VB,N1,25,889,TSHE,272,12.9,12.8,22.4,8.8,3.4,1,2,N,2,
N1-25VB,N1,25,905,TSHE,346,15.5,14.6,18.8,7.4,20.2,1,1,N,0,
N1-26V,N1,26,681,THPL,1,13.3,11.4,18.3,7.2,12.3,1,2,N,0,
N1-26V,N1,26,684,PISI,7,9.9,8.6,24.9,9.8,14.6,1,1,N,0,
N1-26V,N1,26,687,ALRU2,31,18.5,15.2,18.5,7.3,7.8,1,1,N,0,
N1-26V,N1,26,688,PISI,47,7.1,6,38.4,15.1,20.9,1,1,N,0,
N1-26V,N1,26,693,TSHE,85,4.8,4.4,49.3,19.4,7.1,1,2,N,1,Sapsucker holes in addition to larger cavities
N1-26V,N1,26,704,PISI,154,4.5,4.4,18,7.1,3.9,1,3,N,2,
N1-26V,N1,26,709,THPL,168,14.5,14.3,15.7,6.2,9.7,1,2,N,1,
N1-26V,N1,26,710,TSHE,178,10.8,10.1,19.1,7.5,17.4,1,1,N,0,
N1-26V,N1,26,715,THPL,208,11.7,10,15,5.9,8.7,1,3,N,1,Sapsucker holes in addition to larger cavities
N1-26V,N1,26,717,THPL,215,17.3,14.2,26.4,10.4,,1,1,N,1,
N1-26V,N1,26,718,THPL,217,8.6,7.5,15,5.9,10.3,1,2,N,1,
N1-26V,N1,26,720,THPL,235,14.9,12.2,20.6,8.1,11.3,1,2,N,1,
N1-26V,N1,26,721,TSHE,245,21.1,17.6,17,6.7,19.1,1,1,N,0,
N1-26V,N1,26,723,THPL,256,18.6,15.6,19.3,7.6,13.1,1,2,N,0,
N1-26V,N1,26,724,THPL,256,4.5,4.1,21.3,8.4,14.4,1,1,N,0,
N1-26V,N1,26,726,THPL,263,19.6,17.5,24.1,9.5,14.4,1,2,N,0,
N1-26V,N1,26,731,TSHE,266,13.5,12.3,33.3,13.1,16.4,1,1,N,1,
N1-26V,N1,26,734,TSHE,280,12.6,11.9,34.3,13.5,4.4,1,2,N,0,
N1-26V,N1,26,739,THPL,306,17.4,17.4,19.1,7.5,13.7,1,1,N,0,
N1-26V,N1,26,740,ALRU2,318,13.2,13.1,21.3,8.4,18.9,1,1,N,2,
N1-26V,N1,26,741,ALRU2,319,10.2,10.2,27.2,10.7,6.2,1,2,N,2,
N1-26V,N1,26,742,THPL,323,16.7,16.4,17,6.7,8.4,1,1,N,0,
N1-26V,N1,26,2209,THPL,2,15.8,13.2,18.5,7.3,8.6,1,2,N,2,
N1-27V,N1,27,1549,ALRU2,47,14.4,12.2,17.8,7,11.6,1,1,N,0,"CL w/1547, 1548, SNAG"
N1-27V,N1,27,1557,ALRU2,132,18.8,17.5,21.8,8.6,5.9,1,1,N,2,
N1-27V,N1,27,1568,ALRU2,174,22.7,17.5,15.5,6.1,2.7,1,1,N,0,
N2-1VB,N2,1,759,TSHE,16,16.7,13.4,50.3,19.8,5.9,1,1,N,0,
N2-1VB,N2,1,787,TSHE,166,12.9,10.6,57.4,22.6,29,1,4,N,1,
N2-1VB,N2,1,788,TSHE,197,18.3,15,55.9,22,17.7,1,1,N,2,
N2-1VB,N2,1,789,TSHE,199,11.8,10.1,54.6,21.5,3.7,1,4,N,2,
N2-1VB,N2,1,796,TSHE,251,16.7,16.5,25.7,10.1,7.6,1,2,N,2,TGT W/ 797
N2-2VB,N2,2,864,TSHE,172,1.5,1.4,22.6,8.9,,1,1,N,2,w/3290
N2-2VB,N2,2,3283,TREEC,276,,9.5,16.3,6.4,13,1,1,N,0,
N2-2VB,N2,2,3284,TREEC,290,,10,25.4,10,17,1,1,N,2,
N2-2VB,N2,2,3707,TREEC,214,,12,15.7,6.2,8.2,1,2,N,0,
N2-3V,N2,3,2981,TSHE,330,,5,19.3,7.6,12.5,1,1,N,1,Estimated distance and azimuth
N2-3V,N2,3,2986,TSHE,322,13,11.5,30.7,12.1,1.5,1,4,N,0,Previously 249
N2-7VB,N2,7,879,TSHE,31,15.7,14.9,47.2,18.6,4.3,1,2,N,1,FK1 w/878
N2-7VB,N2,7,880,TSHE,45,5.9,5.8,42.4,16.7,5.3,1,2,N,2,
N2-7VB,N2,7,885,TSHE,83,11.7,11.3,26.7,10.5,3.9,1,1,N,0,
N2-7VB,N2,7,889,TSHE,97,14.4,12.8,21.6,8.5,10.6,1,1,N,0,
N2-7VB,N2,7,900,PISI,159,23.3,17.4,43.2,17,1.7,1,4,N,0,"DBH not accurate, most of trunk is missing. Measured at 11.8 last time. "
N2-7VB,N2,7,916,TSHE,244,12.6,12.5,29.7,11.7,2.6,1,2,N,0,Split below DBH
N2-10VB,N2,10,601,TREEC,266,12.6,9.4,36.3,14.3,1.5,1,4,N,2,
N2-10VB,N2,10,2746,TREEC,138,,9.5,23.4,9.2,,1,1,N,0,Estimated distance
N2-12V,N2,12,1063,TSHE,253,21.8,17,32,12.6,11.6,1,1,N,0,w/1064
N2-12V,N2,12,1069,TSHE,277,19.7,16.5,35.1,13.8,9,1,2,N,1,w/stump 1070
N2-13VB,N2,13,2,TSHE,360,9.8,9.4,80.5,31.7,7,1,1,N,0,Sapsucker holes
N2-13VB,N2,13,14,TSHE,93,5.6,5.5,75.9,29.9,3.6,1,3,N,2,
N2-13VB,N2,13,30,TSHE,166,8.4,8.1,23.6,9.3,2.5,1,1,N,1,
N2-13VB,N2,13,31,TSHE,173,17.4,16.5,20.8,8.2,3.5,1,1,N,0,
N2-13VB,N2,13,32,TSHE,174,7.7,7.3,18,7.1,3.9,1,1,N,0,
N2-13VB,N2,13,34,TSHE,177,9.5,8.7,25.1,9.9,16.9,1,1,N,2,
N2-13VB,N2,13,42,TSHE,199,13.3,12.3,37.8,14.9,2.5,1,3,N,0,
N2-13VB,N2,13,47,TSHE,210,6,5.4,20.6,8.1,2.3,1,2,N,1,
N2-13VB,N2,13,49,TSHE,215,9,8.4,35.3,13.9,7.2,1,1,N,0,
N2-13VB,N2,13,52,TSHE,228,3.4,3.2,30.7,12.1,7.3,1,1,N,0,
N2-13VB,N2,13,78,TSHE,325,1.9,1.9,18,7.1,6.5,1,2,N,0,
N2-13VB,N2,13,80,TSHE,326,6.7,6.4,15.5,6.1,4,1,1,N,0,
N2-13VB,N2,13,83,TSHE,328,17.3,16.6,27.4,10.8,4.5,1,1,N,1,
N2-13VB,N2,13,2219,TSHE,17,14.9,14.3,56.1,22.1,7,1,2,N,2,Formerly tag 4
N2-13VB,N2,13,2226,TSHE,46,7,6.8,37.8,14.9,5.2,1,2,N,2,Was tag 7
N2-13VB,N2,13,2300,TSHE,256,17.5,17.3,33,13,7,1,2,N,2,Was tag 59
N2-14V,N2,14,3038,TSHE,111,17.3,16.8,32.8,12.9,13.6,1,1,N,2,Previously 1175
N2-15VB,N2,15,3643,TSHE,327,17.4,17.4,36.6,14.4,3.4,1,2,N,0,Previously 672
N2-18VB,N2,18,413,TSHE,360,4.6,4.5,26.2,10.3,3.6,1,4,N,0,
N2-19V,N2,19,163,TSHE,79,16.4,14.9,27.2,10.7,10.5,1,2,N,0,
N2-19V,N2,19,189,TSHE,236,12,10.3,24.6,9.7,13.7,1,2,N,0,
N2-19V,N2,19,195,TSHE,253,14.9,12.7,25.7,10.1,16,1,2,N,0,
N2-19V,N2,19,212,TSHE,312,4.6,3.3,36.8,14.5,3.5,1,3,N,2,
N2-19V,N2,19,220,ALRU2,343,15.5,15.4,26.2,10.3,6.5,1,3,N,0,
N2-19V,N2,19,225,TSHE,348,15.1,15,32.3,12.7,1.7,1,1,N,1,
N2-19V,N2,19,2243,TSHE,,17.3,,36.8,14.5,17,1,1,N,0,
N2-20V,N2,20,240,TSHE,45,9.2,9.2,20.6,8.1,3.6,1,2,N,1,
N2-20V,N2,20,243,TSHE,170,16,15.8,23.1,9.1,1.5,1,4,N,1,DBH taken on spire
N2-20V,N2,20,247,TSHE,302,14.7,13.8,47,18.5,1.8,1,4,N,1,
N2-20V,N2,20,3607,TREEC,62,,14.5,15.2,6,12,1,2,N,1,
N2-20V,N2,20,3814,TREEC,198,,9,35.3,13.9,13.9,1,1,N,1,
N2-20V,N2,20,3815,TREEC,212,,5.7,31.5,12.4,14.7,1,1,N,1,
N2-20V,N2,20,3907,TSHE,5,,13,25.1,9.9,,1,1,N,1,
N2-26VB,N2,26,266,TSHE,234,14.5,14.4,49.8,19.6,7.2,1,2,N,0,
